num,id,title,place,confidence,why
,x003,The Bronx Muralist,boro:Bronx,stated,the Bronx muralist paints the block's color
,x004,The Brooklyn Barista,boro:Brooklyn,stated,the Brooklyn barista pours a leaf into your cup
,x005,The Brooklyn Flea,nb:Fort Greene,stated,the Brooklyn Flea market began in Fort Greene
,x063,The Rooftop Pigeon Keeper,boro:Brooklyn,stated,the pigeon coop is an old Brooklyn hobby on the tar roof
,x085,Subway Transit,key:subway_system,stated,"the whole city moves on a colored map, no line named"
,x000,The Bodega Matriarch,nb:Melrose,inferred,story names the Bronx for the bodega matriarch's stool
,x001,The Heroic Firefighter,nb:Tribeca,inferred,a heroic firefighter fits Tribeca's landmark firehouses
,x009,The DSNY Worker,nb:Bushwick,inferred,"no cue given, placing the sanitation route in Brooklyn's industrial belt"
,x015,The Museum Curator,key:moma,inferred,"story names Manhattan, matching a major museum curator's post"
,x021,The Bike Messenger,key:42nd_st,inferred,beating the crosstown bus fits the 42nd Street corridor
,x022,The Bodega Cat (Scene),nb:Astoria,inferred,"no cue given, spreading the bodega cat scene to Queens"
,x024,The Boutique Hotel,key:meatpacking,inferred,"story names Manhattan, matching the Meatpacking District's boutique hotels"
,x025,The Brownstone Stoop,nb:Park Slope,inferred,"story names Brooklyn, matching Park Slope's brownstone stoops"
,x026,The Classic Tailor,key:garment,inferred,"story names Manhattan, matching a tailor's trade in the Garment District"
,x027,The Comedy Club,nb:Greenwich Village,inferred,"story names Manhattan, matching the Village's comedy club history"
,x028,The Community Center,nb:Harlem,inferred,"no cue given, placing the community center in Harlem"
,x029,The Construction Worker,key:hudson_yards,inferred,"no cue given, a beam over the skyline fits Hudson Yards construction"
,x030,The Dog Walker,nb:Upper West Side,inferred,"story names Manhattan, matching the Upper West Side's dog walking culture"
,x032,The Neighborhood Defender,nb:Bedford-Stuyvesant,inferred,"no cue given, placing the stoop defender in Brooklyn"
,x033,The Gourmet Food Hall,nb:Chelsea,inferred,"story names Manhattan, matching a Chelsea style gourmet food hall"
,x034,A Heroic New Yorker,nb:Astoria,inferred,"no cue given, spreading a heroic New Yorker vignette to Queens"
,x035,The Personal Shopper,key:madison_ave,inferred,"story names Manhattan, matching Madison Avenue's luxury shopping"
,x036,The High-Fashion Editor,key:bryant,inferred,a front row fashion editor fits Bryant Park's fashion week history
,x038,A Historic Facade,nb:Tribeca,inferred,"story names Manhattan, matching Tribeca's historic cast iron facades"
,x039,The Historic Archive,key:nypl,inferred,"story names Manhattan, matching an archive kept at the Public Library"
,x040,The Historic Hotel,key:plaza_hotel,inferred,a century of names in a grand lobby fits the Plaza Hotel
,x041,A Historic Monument,key:washington_sq,inferred,meeting by the statue fits the Washington Square Arch
,x042,A Local Neighborhood,nb:Ridgewood,inferred,"no cue given, spreading the local neighbourhood story to Queens"
,x043,A Local Neighborhood II,key:ditmas,inferred,a quiet side street fits Ditmas Park's residential blocks
,x044,A Local Street,nb:Sunnyside,inferred,"no cue given, matching row houses to Sunnyside's rowhouse blocks"
,x045,The Local Theater,nb:Jackson Heights,inferred,"no cue given, placing the local theater in diverse Jackson Heights"
,x046,The Transit Spirit,key:subway_system,inferred,a spirit riding the current between stations is the subway itself
,x047,The Mutual-Aid Volunteer,nb:Crown Heights,inferred,a community fridge fits Crown Heights' mutual aid movement
,x048,The Barbershop,nb:Harlem,inferred,"no cue given, placing the barbershop in Harlem"
,x049,The Bodega Grocer,nb:Washington Heights,inferred,"no cue given, placing the bodega grocer in Washington Heights"
,x050,The Hardware Store,nb:Greenpoint,inferred,"no cue given, placing the hardware store in Greenpoint"
,x051,The Neighborhood Pizzeria,nb:Bensonhurst,inferred,an oven running since the Nixon years fits old school Bensonhurst
,x052,The Newsstand Operator,key:union_sq,inferred,"story names Manhattan, matching a classic newsstand corner"
,x056,A Public Park,key:prospect_park,inferred,"no cue given, placing a shared public park in Prospect Park"
,x057,A Public Plaza,key:times_square,inferred,a street given back with movable chairs fits the Times Square plaza
,x058,A Public Plaza II,key:central_park,inferred,meeting at the fountain fits a Central Park fountain
,x059,The Public-School Teacher,nb:East Harlem,inferred,"no cue given, placing the public school teacher in East Harlem"
,x060,A Public Square,key:union_sq,inferred,every cause starting at the same square fits Union Square's protest history
,x061,The Rooftop Beekeeper,key:navy_yard,inferred,"story names Brooklyn, matching rooftop beekeeping at the Navy Yard"
,x062,The Rooftop Party,key:meatpacking,inferred,"story names Manhattan, matching a rooftop party in the Meatpacking District"
,x064,Rooftop Stargazing,nb:Astoria,inferred,"no cue given, spreading the tar beach stargazing scene to Queens"
,x065,Rooftop Yoga,nb:Williamsburg,inferred,"story names Brooklyn, matching Williamsburg's rooftop yoga scene"
,x066,The Station Agent,key:subway_system,inferred,a station agent's glass booth is a subway system fixture
,x067,A Street Corner,nb:Inwood,inferred,"no cue given, spreading the generic street corner to upper Manhattan"
,x068,A Street Corner II,nb:Ridgewood,inferred,"no cue given, placing the deli light corner in Queens"
,x069,A Street Corner III,nb:Mott Haven,inferred,"no cue given, placing the hydrant seat corner in the Bronx"
,x070,A Street Corner IV,nb:Flatbush,inferred,"no cue given, placing the bus stop bench corner in Brooklyn"
,x071,A Street Corner V,nb:Brownsville,inferred,"no cue given, placing the bodega ATM corner in Brooklyn"
,x072,A Street Corner VI,nb:Hell's Kitchen,inferred,manhole steam and a walk signal fit Hell's Kitchen's avenues
,x073,A Street Corner VII,key:herald_sq2,inferred,four directions of traffic arguing fits the Herald Square intersection
,x074,The Hot Dog Cart,key:central_park,inferred,"no cue given, a striped umbrella hot dog cart fits Central Park"
,x075,The Street Magician,key:washington_sq,inferred,"story names Manhattan, matching Washington Square's street performers"
,x076,The Street Portrait Artist,key:central_park,inferred,"story names Manhattan, matching caricature artists near Central Park"
,x077,The Pretzel Cart,key:times_square,inferred,"story names Manhattan, matching a pretzel cart in Times Square"
,x078,Street Stencil Art,nb:Bushwick,inferred,"no cue given, placing the stencil art in Bushwick's street art scene"
,x079,Alternate-Side Street Sweeping,nb:Astoria,inferred,"no cue given, spreading the alternate side parking shuffle to Queens"
,x086,The Vintage Clothing Shop,nb:Williamsburg,inferred,"story names Brooklyn, matching Williamsburg's vintage shop hub"
,x087,The Vintage Record Store,key:bleecker,inferred,"story names Manhattan, matching Bleecker Street's old record shops"
,x088,The Vintage Checker Cab,key:times_square,inferred,"no cue given, a checker cab fits classic Times Square imagery"
,x089,A Warm Powerful Matriarch,nb:Harlem,inferred,"no cue given, placing the matriarch's kitchen in Harlem"
,x090,Banksy-Style Stencils,nb:Bushwick,inferred,Banksy style stencils fit Bushwick's street art scene
,x091,Contact Sheets,nb:Long Island City,inferred,grid contact sheets fit a production studio hub like Long Island City
,x092,Raw Exports,nb:Sunset Park,inferred,raw pipeline exports fit an industrial studio warehouse area
,x093,Node Exports,key:gowanus,inferred,node graph exports fit the Gowanus studio corridor
,x094,Single-Character Studies,nb:Ridgewood,inferred,isolated character studies fit a Queens studio neighbourhood
,x095,Upscales,nb:Long Island City,inferred,upscale renders for print fit a production hub like Long Island City
37,37,The Crossing,nb:Jackson Heights,inferred,a rush hour crosswalk tide fits Jackson Heights energy
38,38,The Night Shift,nb:Sunset Park,inferred,a night shift crew suits Sunset Park's industrial blocks
39,39,The Landlord,nb:Bedford-Stuyvesant,inferred,an absentee landlord over a block fits Bed-Stuy
40,40,Broker Fee,boro:Manhattan,stated,"borough given, only a generic listing and fee described"
41,41,The Adversary,nb:Hell's Kitchen,inferred,a blue lit adversary reads as noir Hell's Kitchen
42,42,Mister Gentry,boro:Brooklyn,stated,"borough given, only a generic new cafe and block described"
43,43,The Landlord,nb:Washington Heights,inferred,another landlord figure placed uptown for map spread
44,44,The Security Guard,nb:Long Island City,inferred,an idle new build under scaffolding fits LIC's boom
46,46,The Operator,key:el_barrio,inferred,a corner hustler who sees the angle fits El Barrio
48,48,The Noise Complaint,nb:Williamsburg,inferred,calling it in by the bridge suggests Williamsburg
49,49,The Neighbor,nb:Fort Greene,inferred,a stoop regular fits Fort Greene's brownstone blocks
50,50,The Key,key:city_hall,inferred,a ceremonial key handoff belongs at City Hall
51,51,The Local,nb:Astoria,inferred,the neighborhood local fits Astoria's tight knit corners
219,219,The Bronx,key:sedgwick,stated,birthplace of hip hop unmistakably names Sedgwick Avenue
233,233,The Upper Side,nb:Upper East Side,stated,money with manners and doormen names the Upper East Side
248,248,Queens,boro:Queens,stated,a general borough pride card with no neighbourhood cue
249,249,Brooklyn,boro:Brooklyn,stated,a general borough pride card with no neighbourhood cue
255,255,The Bronx,boro:Bronx,stated,the piece is titled The Bronx and borough given
259,259,Uptown,nb:Harlem,stated,above 96th where the music thickens names Harlem
360,360,Queens,boro:Queens,stated,the piece is titled Queens and borough given
470,470,Walt Whitman,key:dumbo,stated,the Brooklyn ferry landing sits at today's DUMBO shore
471,471,Herman Melville,key:meatpacking,stated,Melville worked customs at the Gansevoort docks nearby
475,475,Fiorello La Guardia,key:lga,stated,the airport that still curses his name is LaGuardia
477,477,Robert Moses,key:cross_bronx,inferred,Moses's expressway that erased neighborhoods is the Cross Bronx
489,489,Diane Arbus,boro:Manhattan,stated,"borough given, subjects and frame described with no place"
491,491,Fran Lebowitz,boro:Manhattan,stated,refuses to leave Manhattan names the borough directly
492,492,Joan Didion,boro:Manhattan,stated,"borough given, essay and eye described with no place"
498,498,Thelonious Monk,nb:Harlem,stated,bebop's birthplace clubs put Monk's piano in Harlem
499,499,Miles Davis,key:52nd_street,stated,Miles Davis's jazz world centers on Swing Street
508,508,Lou Reed,key:max_kansas,stated,the Velvet Underground's downtown hangout was Max's Kansas City
526,526,Teenage Mutant Ninja Turtles,boro:Manhattan,stated,sewer and block described with no named place
532,532,Annie,boro:Manhattan,stated,"orphan story set with no named place, borough given"
533,533,Jay Gatsby,nb:Douglaston,inferred,West Egg's real world anchor is Douglaston's north shore
535,535,Atticus Finch,key:foley_sq,inferred,a lawyer of conscience is placed near the courts of Foley Square
538,538,Tony Soprano,nb:Bensonhurst,inferred,a mob boss archetype fits Bensonhurst's old world crime lore
544,544,Cookie Lyon,boro:Manhattan,stated,boardroom comeback described with no named place
545,545,Omar Little,nb:Brownsville,inferred,a corner code of honor fits Brownsville street culture
546,546,Sherlock Holmes,boro:Manhattan,stated,a brownstone tenant is described with no named place
550,550,Bodega Cat,nb:Washington Heights,inferred,a bodega cat placed uptown to spread the map
552,552,The Bacon Egg and Cheese,nb:Ridgewood,inferred,a borough spanning bodega staple lands on Ridgewood's border blocks
554,554,The Black-and-White Cookie,nb:Upper West Side,inferred,the classic black and white cookie recalls Upper West Side delis
555,555,The New York Slice,nb:Greenwich Village,inferred,a fold it right slice fits a Greenwich Village corner
564,564,The Yellow Cab,nb:Midtown,inferred,yellow cab hails cluster thick around Midtown's theater blocks
565,565,Citi Bike,nb:East Village,inferred,dense docking stations mark East Village's early Citi Bike years
566,566,FDNY Firefighter,key:wall_of_names,stated,the 343 the city never forgets is honored at the 9/11 Memorial
567,567,NYPD Detective,key:foley_sq,inferred,detective work anchors near the precinct cluster by Foley Square
568,568,DSNY Sanitation,nb:Canarsie,inferred,a large DSNY garage sits in Canarsie for the pre dawn route
597,597,SantaCon,boro:Manhattan,stated,"bar crawl described with no named venue, borough given"
603,603,The Dyke March,key:washington_sq,stated,the unpermitted Dyke March traditionally ends at Washington Square
627,627,Anna Wintour,key:wtc,stated,Vogue's Conde Nast offices now sit in One World Trade
629,629,Andre Leon Talley,key:times_square,stated,Talley's decades at Vogue centered on the Times Square offices
630,630,Bill Cunningham,key:57th_st,stated,Cunningham's iconic corner was Fifth Avenue and 57th Street
632,632,Ralph Lauren,key:madison_ave,stated,Ralph Lauren's fashion empire flagship anchors Madison Avenue
633,633,Donna Karan,key:garment,stated,Donna Karan's DKNY roots trace to the Garment District
642,642,Beastie Boys,nb:Lower East Side,stated,Paul's Boutique storefront on the cover was Rivington and Ludlow
645,645,Salt-N-Pepa,boro:Queens,stated,the crowns Queens handed them early names the borough
646,646,Grandmaster Flash,key:sedgwick,stated,Grandmaster Flash's turntable science traces to Sedgwick Avenue
653,653,Sonia Sotomayor,nb:Soundview,stated,Sotomayor grew up in the Bronxdale Houses in Soundview
654,654,Bella Abzug,nb:Greenwich Village,inferred,Abzug represented a district centered on Greenwich Village
657,657,Michael Bloomberg,key:city_hall,stated,as mayor Bloomberg governed the city from City Hall
659,659,Alexandria Ocasio-Cortez,nb:Parkchester,inferred,"NY-14, the district she flipped, centers on Parkchester"
661,661,Bernie Sanders,nb:Midwood,stated,"Bernie Sanders grew up in Midwood, Brooklyn"
663,663,Olivia Benson,boro:Manhattan,stated,"SVU precinct described with no named place, borough given"
664,664,Carrie Mathison,nb:Turtle Bay,inferred,an intelligence plot placed near the UN's Turtle Bay
732,732,Title Cards (668-766),key:subway_system,inferred,a wordmark title card evokes citywide subway signage type
768,768,The Sewer Alligator,nb:East Harlem,stated,the sewer alligator legend traces to East Harlem lore
773,773,The Water Tower Spirit,nb:Tribeca,inferred,wooden rooftop water towers define Tribeca's skyline
774,774,The Steam Vent Phantom,nb:Chelsea,inferred,Con Ed's striped steam stacks are prominent around Chelsea
777,777,The Sandhog,nb:Woodside,inferred,Water Tunnel No. 3 sandhogs worked a major shaft in Woodside
779,779,The Deli Coffee Cup,nb:Ridgewood,inferred,a bodega counter coffee cup fits Ridgewood's corner shops
780,780,The Rainbow Bagel,nb:Williamsburg,stated,the viral rainbow bagel is from a Williamsburg bagel shop
782,782,The Fire Escape Dreamer,nb:Lower East Side,inferred,tenement fire escapes are the classic Lower East Side
783,783,The Open Hydrant,nb:Mott Haven,inferred,an open hydrant summer scene fits Mott Haven's blocks
785,785,The Stoop Sale Queen,nb:Park Slope,inferred,brownstone stoop sales are a Park Slope tradition
786,786,The Blackout Block Party,nb:Bushwick,inferred,"the 1977 blackout hit Bushwick hard, block parties followed"
787,787,The Super,nb:Washington Heights,inferred,a building super in the boiler room fits Washington Heights walk ups
788,788,The Deliverista,nb:Lower East Side,inferred,delivery hub pilots for e-bike riders started on the Lower East Side
791,791,The Rent Stabilized Lifer,nb:Upper West Side,inferred,fifty year rent stabilized prewars are classic Upper West Side
797,797,The Sneakerhead,nb:Harlem,inferred,deep sneaker culture is strongly rooted in Harlem
804,804,The Co-op Board President,nb:Upper East Side,inferred,a mahogany co-op board table fits Upper East Side prewars
805,805,The Scaffolding King,nb:Midtown,inferred,endless sidewalk sheds are a Midtown constant
806,806,The Trash Mountain,nb:East Village,inferred,curbside trash piles are a notorious East Village complaint
812,812,The Neon Psychic,nb:East Village,inferred,a neon storefront psychic fits East Village's mystic shops
814,814,The Mango Cart Lady,nb:Corona,inferred,a mango cart with con chile fits Corona's Latino food carts
815,815,The Ice Cream Truck Man,nb:Canarsie,inferred,an ice cream truck placed in Canarsie to spread the map
816,816,The Bodega Chandelier,nb:Inwood,inferred,a bodega chandelier miracle placed in Inwood's corner shops
817,817,The Crossing Guard,nb:Kingsbridge,inferred,a school crossing guard fits Kingsbridge's school blocks
818,818,The Laundromat Lady,nb:Ridgewood,inferred,a corner laundromat fits Ridgewood's dense residential blocks
819,819,The Nail Salon Artist,boro:Manhattan,stated,"she paints Manhattan on a nail, borough given"
826,826,The Kosher Deli Counterman,key:katzs,stated,surgical pastrami slicing is Katz's Delicatessen signature
827,827,The Diner Waitress,nb:Astoria,inferred,Greek diners with spinning pie cases define Astoria
829,829,The Stickball Legend,boro:Bronx,stated,the Bronx swings names the borough directly
831,831,The Night Librarian,key:nypl,stated,the Rose Reading Room is the New York Public Library
832,832,The School Bus Matron,nb:East New York,inferred,a school bus matron placed in East New York for map spread
833,833,The Lunch Lady,nb:Brownsville,inferred,a cafeteria lunch lady placed in Brownsville for map spread
834,834,The Locksmith,nb:Chinatown,inferred,closet sized locksmith shops are common in Chinatown
837,837,The EMT,nb:Harlem,inferred,an EMT run placed uptown in Harlem for map spread
838,838,The ER Night Nurse,key:bellevue,stated,Bellevue is NYC's iconic all night emergency room
839,839,The 311 Operator,nb:Long Island City,inferred,city call center operations cluster near Long Island City
840,840,The Con Ed Crew,nb:Gramercy,inferred,Con Edison's headquarters sits near Gramercy's Irving Place
841,841,The Snow Plow Driver,nb:Wakefield,inferred,a 4am plow route placed in the Bronx's Wakefield for map spread
847,847,The School Custodian,nb:Jamaica,inferred,"a school custodian placed in Jamaica, Queens for map spread"
848,848,The Firehouse Cook,key:little_italy,inferred,Sunday gravy in a firehouse kitchen fits Little Italy's firehouses
850,850,The Cat Colony Caretaker,boro:Brooklyn,stated,a Brooklyn warehouse names the borough directly
852,852,The Squeegee Man,key:holland,inferred,squeegee men classically worked tunnel approaches like the Holland Tunnel
853,853,The Umbrella Man,nb:Midtown,inferred,a first raindrop umbrella hustle suits busy Midtown corners
855,855,The Coco Helado Man,boro:Bronx,stated,a Bronx block names the borough directly
859,859,The Fruit Cart Man,nb:Jackson Heights,inferred,a dawn fruit cart pyramid fits Jackson Heights avenues
862,862,The Bootleg DVD Man,key:canal_st,inferred,bootleg DVD sellers were a Canal Street fixture
864,864,The Pawn Shop Broker,key:bowery,inferred,pawn shops under three golden orbs cluster along the Bowery
865,865,The Professional Line Sitter,nb:SoHo,inferred,overnight sneaker drop lines form outside SoHo storefronts
868,868,The Seltzer Man,nb:Canarsie,stated,"the last seltzer works, Gomberg, operated out of Canarsie"
872,872,The Rooftop DJ,boro:Brooklyn,stated,a Brooklyn rooftop names the borough directly
874,874,The Velvet Rope Bouncer,key:meatpacking,inferred,velvet ropes are a Meatpacking District nightlife staple
875,875,The Dive Bar Regular,nb:East Village,inferred,a permanent dive bar stool fits East Village's old bars
877,877,The Basement Card Room,nb:Chinatown,inferred,hidden basement card games have long history in Chinatown
879,879,The Track Bike Kid,nb:Midtown,inferred,a brakeless messenger cutting through office traffic fits Midtown
880,880,The Brunch Line,nb:West Village,inferred,hours long brunch lines are a West Village weekend ritual
882,882,The Jaywalker,nb:Financial District,inferred,a confident jaywalk through cabs fits Financial District canyons
883,883,The Sunday Crossword,nb:Upper West Side,inferred,a window seat crossword lifer fits Upper West Side cafes
886,886,The Doo Wop Corner,nb:East Harlem,inferred,street corner doo wop harmony has deep East Harlem roots
888,888,The Rent Hike,nb:Bushwick,inferred,a glowing rent hike notice fits fast gentrifying Bushwick
889,889,The Craigslist Roommate,nb:Ridgewood,inferred,a red flag Craigslist roommate fits cheap Ridgewood shares
890,890,The Surge Price,nb:East Village,inferred,a 2am rain surge price fits East Village's nightlife exits
891,891,The Signal Problem,key:subway_system,stated,a gremlin lounges on ancient subway signal levers freezing trains
892,892,The Pole Leaner,key:subway_system,stated,leaning against the entire subway pole with hand straps
893,893,The Slow Walkers,key:times_square,stated,tourists damming a sidewalk is quintessential Times Square
894,894,The Ghost Kitchen,nb:Long Island City,inferred,phantom ghost kitchens fill Long Island City's industrial warehouses
895,895,The Lockbox Building,nb:Harlem,inferred,brownstones crusted in tourist lockboxes fit Harlem's rental boom
896,896,The Landlord Special,nb:Washington Heights,inferred,a painted over landlord special fits Washington Heights walk ups
897,897,The Nineteen Dollar Smoothie,nb:SoHo,inferred,a luminous boutique smoothie fits SoHo's wellness storefronts
898,898,The Bedbug,nb:East Village,inferred,a curbside mattress fits East Village stoop debris
899,899,The Clanging Radiator,nb:Inwood,inferred,a clanging cast iron radiator fits an Inwood prewar building
908,908,The Immortal Roach,nb:Astoria,inferred,a kitchen roach standoff fits any Astoria walk up
913,913,The Pneumatic Post,key:broadway,stated,NYC's pneumatic mail tubes ran beneath Broadway
915,915,The Speakeasy Keeper,nb:West Village,inferred,a hidden bookshelf speakeasy fits West Village's old buildings
918,918,The Rat Czar,nb:Bedford-Stuyvesant,stated,the city's Rat Czar mitigation pilot zone included Bed-Stuy
920,920,The Ghost Bike,nb:Bushwick,inferred,ghost bikes mark Bushwick's dangerous truck corridors
921,921,The OTB Ghost,nb:Sunnyside,inferred,an old OTB storefront ghost fits Sunnyside's older parlors
924,924,The Manhole Cover,nb:Financial District,inferred,historic cast iron manhole covers dot Financial District streets
925,925,The Walk Signal,nb:Midtown,inferred,a walk signal figure stepping out fits busy Midtown intersections
926,926,The Bodega Awning,nb:Washington Heights,inferred,a glowing yellow bodega awning fits Washington Heights corners
928,928,The 1972 Subway Map,key:subway_system,stated,the modernist subway map itself as the subject
929,929,The Window Unit,nb:Lower East Side,inferred,duct taped window units fit Lower East Side tenement brick
930,930,The Roll Down Gate,nb:Bushwick,inferred,a masterpiece burner over tags fits Bushwick's graffiti scene
931,931,The Bag in the Tree,nb:Fort Greene,inferred,a bag caught in a winter street tree fits Fort Greene's tree lined blocks
932,932,The Everything Bagel,key:russ,stated,the crown jewel everything bagel evokes Russ and Daughters
933,933,The Pastrami on Rye,key:katzs,stated,the towering pastrami on rye is Katz's signature plate
934,934,The Automat,key:times_square,stated,Horn and Hardart's flagship Automat stood near Times Square
935,935,The Egg Cream,nb:Brownsville,stated,the egg cream's Brooklyn identity traces to Brownsville's fountains
936,936,The Clothesline,nb:Lower East Side,inferred,airshaft clotheslines are a Lower East Side tenement image
937,937,The Stoop Barber,nb:Harlem,inferred,a sidewalk folding chair barber fits Harlem's stoop culture
938,938,The Sunday Double Park,nb:Bedford-Stuyvesant,inferred,church block double parking fits Bed-Stuy's Sunday mornings
939,939,The Free Pile,nb:Park Slope,inferred,a curbside FREE box fits Park Slope's stoop giveaway culture
940,940,The Block Party Pitmaster,nb:Harlem,inferred,a three grill block party pitmaster fits Harlem's closed streets
941,941,The Water Balloon War,nb:Astoria,inferred,a residential water balloon war fits Astoria's side streets
942,942,The Window Watcher,nb:Bay Ridge,inferred,a lace curtain window watcher fits Bay Ridge's row houses
943,943,The Curb Find,nb:Fort Greene,inferred,a curbside velvet armchair find fits Fort Greene stoops
944,944,The Fire Escape Garden,nb:East Village,inferred,a hanging fire escape garden fits East Village walk ups
945,945,The Moving Day Couch,nb:Washington Heights,inferred,a fourth floor walk up couch turn fits Washington Heights
949,949,The Soda Jerk,nb:Greenwich Village,inferred,an old fountain counter soda jerk fits Greenwich Village
952,952,The Terracotta Carver,nb:Long Island City,stated,terra cotta works like Atlantic Terra Cotta operated in Long Island City
957,957,The First Winter,nb:Astoria,inferred,a new arrival's first winter fits Astoria's transplant population
968,968,The Cobbler,nb:Greenwich Village,inferred,an old world cobbler bench fits Greenwich Village's side streets
969,969,The Cheesemonger,nb:West Village,inferred,a cave aged cheese counter fits West Village specialty shops
970,970,The Night Baker,key:arthur_ave,inferred,a 3am deck oven bakery fits Arthur Avenue's Italian bakeries
971,971,The Bagel Roller,nb:Borough Park,inferred,hand rolled kettle boiled bagels fit Borough Park's bakeries
972,972,The Pizzaiolo,key:lombardi,stated,"coal oven pizza recalls Lombardi's, America's first pizzeria"
973,973,The Oyster Shucker,key:grand_central,stated,a grand vaulted tiled oyster hall is the Grand Central Oyster Bar
974,974,The Elevator Operator,nb:Upper East Side,inferred,white glove elevator operators persist in Upper East Side prewars
975,975,The Corner Pharmacist,nb:Inwood,inferred,an independent corner pharmacist fits Inwood's older shops
984,984,The Dance Studio Window,nb:Chelsea,inferred,a second floor dance studio window fits Chelsea's studio strip
985,985,The Courtroom Sketch Artist,key:foley_sq,stated,courtroom sketch artists work the courts at Foley Square
989,989,The Community Board Meeting,nb:Park Slope,inferred,a fluorescent basement meeting fits Park Slope's active community boards
990,990,The Bus Driver,nb:Turtle Bay,inferred,a crosstown bus kneeling for a rider fits the Turtle Bay route
991,991,The Mail Carrier,nb:Park Slope,inferred,a mail carrier known by name on stoops fits Park Slope
992,992,The Poll Worker,nb:Flatbush,inferred,a school gym poll site fits Flatbush's civic buildings
993,993,The Interpreter,nb:Elmhurst,stated,Elmhurst Hospital serves the city's most linguistically diverse patients
994,994,The Night School Teacher,nb:Jackson Heights,inferred,a night ESL class fits Jackson Heights' immigrant community
995,995,The School Nurse,nb:Corona,inferred,a school nurse's tiny office fits Corona's crowded schools
996,996,The PAL Coach,nb:Harlem,inferred,a PAL youth coach fits Harlem's community gym history
997,997,The Community Fridge,nb:Bedford-Stuyvesant,inferred,mutual aid community fridges took root strongly in Bed-Stuy
998,998,The Shovel Kid,key:ditmas,inferred,an entrepreneurial shovel kid fits Ditmas Park's snowy porches
999,999,The Union Steward,nb:Long Island City,inferred,a dawn job site gate fits Long Island City's construction boom
1002,1002,The Street Sweeper,nb:Astoria,inferred,a dawn street sweeper route fits Astoria's alternate side blocks
1003,1003,The Exterminator,nb:Ridgewood,inferred,a basement exterminator call fits Ridgewood's older buildings
1004,1004,The Piano Movers,nb:Harlem,inferred,a piano hoisted from a fourth floor window fits Harlem brownstones
1007,1007,The Knife Sharpener,nb:Bensonhurst,inferred,a roaming knife sharpener's bell suits Bensonhurst's old world blocks
1009,1009,The Sidewalk Bookseller,key:strand,inferred,sidewalk book tables recall The Strand's outdoor carts
1010,1010,The Coat Check,nb:Chelsea,inferred,a brass cloakroom coat check fits Chelsea's nightclub scene
1011,1011,The Taxi Dispatcher,nb:Astoria,inferred,old taxi garages with fleets cluster in Astoria
1012,1012,The Medallion,nb:Woodside,inferred,a cabbie's garage medallion polish fits Woodside's taxi lots
1013,1013,The Botanica,nb:Washington Heights,inferred,a candlelit botanica fits Washington Heights' Dominican shops
1016,1016,The Process Server,nb:Financial District,inferred,a process server's lobby ambush fits Financial District office towers
1020,1020,The Pool Hall,nb:Chinatown,inferred,a second floor 1am pool hall fits Chinatown's walk up parlors
1021,1021,The Crate Digger,nb:East Village,inferred,a basement crate digger fits East Village's record shops
1024,1024,The Last Call,nb:Hell's Kitchen,inferred,a brass bell last call fits Hell's Kitchen's old bars
1025,1025,The Open Mic Comic,nb:Greenwich Village,stated,basement open mics evoke Greenwich Village's comedy club scene
1027,1027,The Bridge and Tunnel,key:meatpacking,inferred,bridge and tunnel crowds line up outside Meatpacking clubs
1028,1028,The Summer Friday Exodus,key:penn_station,stated,the Friday beach train exodus departs from Penn Station's LIRR
1029,1029,The Boxing Gym,key:dumbo,stated,old school boxing above a storefront recalls Gleason's Gym in DUMBO
1032,1032,The Closing Doors Sprint,key:subway_system,stated,a sprint down platform stairs toward closing subway doors
1033,1033,The Scratch Off,nb:Woodside,inferred,a lucky quarter scratch off fits a Woodside bodega counter
1034,1034,The Cee-lo Corner,nb:Bedford-Stuyvesant,inferred,a dice game against a bodega wall fits Bed-Stuy street corners
1037,1037,The Waterbug,nb:Sunset Park,inferred,a gleaming 2am waterbug scuttle fits any Sunset Park kitchen
1038,1038,The Manspreader,key:subway_system,stated,a rider occupying three subway seats
1040,1040,The Weekend Service Change,key:subway_system,stated,a subway entrance and station railing during a service change
1041,1041,The Jury Duty Summons,key:foley_sq,inferred,a jury duty summons ties to the courthouses of Foley Square
1042,1042,The Clipboard Canvasser,key:union_sq,stated,clipboard canvassers famously cluster around Union Square
1043,1043,The Eternal Closing Sale,key:canal_st,inferred,faded going out of business rug shops line Canal Street
1044,1044,The Package Thief,nb:Harlem,inferred,a lobby package theft fits Harlem's walk up buildings
1045,1045,The Placebo Button,nb:Midtown,inferred,a worn crosswalk placebo button fits a busy Midtown corner
1046,1046,The Vacant Storefront,nb:East Village,inferred,a long papered over storefront fits East Village turnover
1047,1047,The Jackhammer,nb:Long Island City,inferred,a repeat corner jackhammer crew fits Long Island City construction
1048,1048,The Eternal Car Alarm,nb:Ridgewood,inferred,an hours long car alarm fits a quiet Ridgewood block
1049,1049,The Upstairs Neighbor,nb:Astoria,inferred,an unseen furniture bowling neighbor fits Astoria's older walk ups
1050,1050,The 5am Garbage Truck,nb:Chinatown,inferred,a 5am bag mountain pickup fits dense Chinatown blocks
1051,1051,The Crosstown Bus,nb:Midtown,inferred,a creeping crosstown bus fits Midtown's gridlocked avenues
1052,1052,The Pigeon Spikes,nb:Financial District,inferred,anti pigeon spikes on old ledges fit Financial District cornices
1053,1053,The Crosswalk Lake,nb:Midtown,inferred,a puddle mirroring the skyline fits an open Midtown corner
1054,1054,The Mystery Drip,nb:Turtle Bay,inferred,a mystery drip from an air conditioner canyon fits Turtle Bay's towers
1055,1055,The Pothole,nb:Woodside,inferred,a half lane pothole with a sunk cone fits Woodside's avenues
1056,1056,The Cash Only Rule,nb:Flushing,inferred,a cash only dumpling counter fits Flushing's food stalls
1057,1057,The Polar Vortex,nb:Financial District,inferred,wind funneling between towers fits Financial District canyons
1058,1058,The 4pm Shift Change,nb:Midtown,inferred,every roof light going dark at once fits Midtown's theater rush
1059,1059,The Staten Island Turkeys,boro:Staten Island,stated,"wild turkeys hold a hospital lot on Staten Island, borough given"
1064,1064,The Bridge Falcon,key:verrazzano,inferred,peregrine falcons famously nest on the Verrazzano-Narrows towers
1065,1065,The House Sparrows,nb:West Village,inferred,an outdoor cafe croissant heist fits West Village sidewalk tables
1070,1070,The Track Kittens,key:subway_system,stated,kittens huddled between subway rails as the system holds its breath
1071,1071,The Window Cat,nb:Park Slope,inferred,a parlor window cat surveilling the block fits Park Slope brownstones
1072,1072,The Money Train,key:subway_system,stated,the armored subway revenue train through a ghost station
1073,1073,The Garbage Barge,key:ny_harbor,inferred,the wandering 1987 barge became notorious passing through New York Harbor
1076,1076,The Fallout Shelter,nb:Bay Ridge,inferred,a forgotten school basement shelter fits Bay Ridge's older schools
1077,1077,The Time Capsule,key:city_hall,inferred,a 1926 cornerstone opening fits a civic building near City Hall
1083,1083,The Milk Crate,nb:Harlem,inferred,elders holding court on milk crates fits Harlem's corner stores
1084,1084,The Granny Cart,nb:Chinatown,inferred,a heavily loaded granny cart fits Chinatown's crowded avenues
1085,1085,The Boombox,nb:Flatbush,inferred,a chrome stoop boombox fits Flatbush's street sound culture
1086,1086,The Police Lock,nb:Lower East Side,inferred,a diagonal police lock bar fits Lower East Side tenement doors
1087,1087,The Buzzer,nb:Washington Heights,inferred,a tarnished thirty buzzer panel fits Washington Heights walk ups
1088,1088,The Bishop's Crook,nb:Greenwich Village,inferred,cast iron bishop's crook lampposts line Greenwich Village's cobblestones
1089,1089,The Sidewalk Cellar Doors,nb:Chinatown,inferred,steel sidewalk cellar doors with hand truck ramps fit Chinatown deliveries
1090,1090,The Standpipe,nb:Upper West Side,inferred,a polished brass lobby standpipe fits Upper West Side prewars
1091,1091,The Holiday Windows,key:fifth_ave,stated,department store holiday window displays line Fifth Avenue
1092,1092,The Pizza Box,nb:Bensonhurst,inferred,a stoop pizza box at night fits Bensonhurst's Italian blocks
1093,1093,The Takeout Pail,nb:Flushing,inferred,a folding white takeout pail fits Flushing's noodle shops
1094,1094,The Ghost Sign,nb:Tribeca,inferred,a faded five story brick ad fits Tribeca's old warehouse walls
1096,1096,The Door Chime,key:subway_system,stated,the two note subway door chime above closing doors
1097,1097,The Umbrella Graveyard,nb:Financial District,inferred,a storm sprouted umbrella graveyard fits Financial District trash cans
1098,1098,The Gum Constellation,key:times_square,inferred,decades of flattened sidewalk gum pile up thickest in Times Square
1099,1099,The Bathroom Key,nb:Bushwick,inferred,a chained bodega bathroom key fits an everyday Bushwick corner store
1100,1100,The Barber Pole,nb:Bedford-Stuyvesant,inferred,a spinning barber pole at dusk fits a Bed-Stuy corner block
1101,1101,The Number Wheel,nb:Ridgewood,inferred,a deli counter number wheel suits an everyday Ridgewood shop
1102,1102,The White Sauce,key:53rd_6th,stated,halal cart white sauce is the signature of 53rd and 6th
1103,1103,The Disco Fries,nb:Bay Ridge,inferred,3am disco fries under jukebox neon read as a classic Bay Ridge diner
1104,1104,The Babka,nb:Midwood,inferred,a chocolate babka with bakery string evokes a Midwood Jewish bakery
1105,1105,The Pork Bun,key:chinatown_m,inferred,a char siu pork bun on a bamboo steamer reads as a Chinatown bakery window
1106,1106,The Garlic Knot,nb:Bensonhurst,inferred,garlic knots on a paper plate fit a Bensonhurst pizzeria counter
1107,1107,The Manhattan,boro:Manhattan,stated,the cocktail is named for Manhattan and its skyline
1108,1108,The Quarter Water,nb:East New York,inferred,a row of quarter waters in the cooler is classic East New York bodega
1109,1109,The Sicilian Slice,nb:Middle Village,inferred,a thick Sicilian slice with a crisp corner fits an old school Middle Village pizzeria
1111,1111,The Rainbow Cookie,key:arthur_ave,inferred,rainbow cookies stacked like skyscrapers suit an Arthur Avenue Italian bakery
1112,1112,The Matzo Ball Soup,nb:Borough Park,inferred,golden matzo ball soup suggests a Borough Park Jewish deli
1113,1113,The Bialy,nb:Lower East Side,stated,the bialy is the signature bread of the Lower East Side
1114,1114,The Charlotte Russe,nb:Bensonhurst,inferred,the extinct charlotte russe dessert nods to old school Bensonhurst candy stores
1115,1115,The Zeppole,key:little_italy,stated,zeppole under feast lights evokes the Little Italy feast
1116,1116,The Rugelach,nb:Kew Gardens Hills,inferred,a bakery case of rugelach fits a Kew Gardens Hills Jewish bakery
1117,1117,The Bodega Roses,nb:Washington Heights,inferred,plastic wrapped roses under fluorescent light suit a Washington Heights bodega
1118,1118,The Church Fish Fry,nb:Harlem,inferred,a Friday fish fry with aunties in aprons fits a Harlem church basement
1119,1119,The Chalk Games,nb:Crown Heights,inferred,sidewalk chalk hopscotch fits a lively Crown Heights block
1120,1120,The Skelly Board,nb:East Harlem,inferred,a chalked skelly board with bottle caps suits an East Harlem sidewalk game
1122,1122,The Plastic Couch,nb:Canarsie,inferred,a plastic slipcovered parlor couch fits a Canarsie grandmother's home
1123,1123,The Foil Plate,nb:Jamaica,inferred,a foil plate passed over a fence after a cookout suits a Jamaica backyard
1124,1124,The Dinner Yell,nb:Mott Haven,inferred,a name called down the block for stickball fits a Mott Haven tenement row
1125,1125,The Extension Cord,nb:Flatbush,inferred,an extension cord powering a block party DJ table fits a Flatbush street
1126,1126,The Spades Game,nb:Brownsville,inferred,a folding table spades game at golden hour fits a Brownsville block
1127,1127,The Braiding Chair,nb:East Flatbush,inferred,a stoop braiding chair with beads fits an East Flatbush summer afternoon
1128,1128,The First Warm Day,nb:Park Slope,inferred,the first warm Saturday of spring reads well on a Park Slope brownstone block
1129,1129,The Snow Day,nb:Kingsbridge,inferred,a snow day sledding street fits a hilly Kingsbridge block
1131,1131,The Late Set,key:55_bar,inferred,a basement saxophonist under a red lamp evokes the Village Vanguard
1132,1132,The Steel Pan Yard,boro:Brooklyn,stated,a Brooklyn pan yard rehearsing for Panorama
1133,1133,The Park Row Pressman,nb:Financial District,stated,Newspaper Row basement sits by City Hall Park
1134,1134,The Newsboy,key:city_hall,inferred,the 1899 newsboy strike centered near City Hall and Park Row
1135,1135,The Iceman,nb:Lower East Side,inferred,an iceman climbing tenement stairs fits the Lower East Side's old walkups
1136,1136,The Lamplighter,nb:Greenwich Village,inferred,gaslit cobblestone lamplighting suits old Greenwich Village streets
1138,1138,The Switchboard Operator,nb:Financial District,inferred,a 1920s switchboard operator suits a Financial District office tower
1139,1139,The Rivet Gang,key:rock_center,inferred,riveters on a beam in the clouds evoke the Rockefeller Center construction photos
1140,1140,The Sign Painter,key:bowery,inferred,a sign painter gilding shop glass fits the historic Bowery storefronts
1141,1141,The Neon Bender,nb:SoHo,inferred,a neon bending workshop fits SoHo's historic sign trade
1146,1146,The Grad Student,key:nyu,inferred,a haunted grad student in a library carrel evokes NYU's Bobst Library
1147,1147,The UN Diplomat,key:un,stated,the UN diplomat glides from the motorcade
1148,1148,Fashion Week,key:bryant,inferred,Fashion Week tents were historically staged at Bryant Park
1149,1149,The Film Shoot,nb:Tribeca,inferred,a film crew taking over a block fits Tribeca's frequent location shoots
1151,1151,The Missed Connection,key:subway_system,stated,two strangers on opposite platforms as trains arrive
1152,1152,The Couch Surfer,nb:East Williamsburg,inferred,a couch surfing transplant fits a shared East Williamsburg apartment
1153,1153,The Sublet Nomad,nb:Astoria,inferred,a sublet nomad moving constantly fits Astoria's revolving rental market
1162,1162,The Step Streets,boro:Bronx,stated,a monumental Bronx step street between buildings
1167,1167,The Centenarian,nb:Brooklyn Heights,inferred,a centenarian's stoop near a lit bridge suggests Brooklyn Heights
1169,1169,The Ballet Commuter,key:subway_system,stated,asleep against the train window with tunnel lights
1170,1170,The Noodle Puller,key:chinatown_m,inferred,a hand pulled noodle window fits a Chinatown noodle shop
1171,1171,The Counter Homework,nb:Inwood,inferred,a kid's bodega counter homework fits an Inwood corner store
1172,1172,The Block Historian,key:ditmas,inferred,a block historian recalling trolleys fits Ditmas Park's old streetcar era
1173,1173,The Pier Fishermen,key:city_island,inferred,generations fishing at a pier rail with a hazy skyline suit City Island
1174,1174,The Bocce Court,nb:Dyker Heights,inferred,a grape arbor bocce court fits Dyker Heights' Italian gardens
1175,1175,The Coffee Regular,nb:Sunnyside,inferred,a counterman's regular coffee ritual suits a Sunnyside luncheonette
1177,1177,The Prom Send Off,nb:Fort Greene,inferred,a whole block photographing prom on the stoop fits Fort Greene brownstones
1178,1178,The Bubble Man,key:washington_sq,inferred,a bubble performer with skyline reflections fits Washington Square Park
1179,1179,The Silver Statue,key:times_square,inferred,a silver painted living statue fits the Times Square performer scene
1180,1180,The Kite Flyer,key:central_park,inferred,a hilltop meadow kite flyer above the skyline fits Central Park
1181,1181,The Sunday Sauce,nb:Belmont,inferred,"a nonna's Sunday sauce kitchen fits Belmont, the Bronx's Little Italy"
1182,1182,The Pernil Sunday,nb:East Harlem,inferred,a pernil Sunday with salsa on the radio fits El Barrio / East Harlem
1183,1183,The Seven Fishes,nb:Gravesend,inferred,the Feast of Seven Fishes fits Gravesend's Italian-American households
1185,1185,The Cuchifritos Window,nb:Hunts Point,inferred,a late night cuchifritos window fits Hunts Point's Puerto Rican foodways
1187,1187,The Namesake Sandwich,nb:Woodside,inferred,a deli naming a sandwich after a regular fits a Woodside shop
1188,1188,The January Iced Coffee,nb:Chelsea,inferred,gripping iced coffee through snow fits brisk Chelsea sidewalks
1189,1189,The Church Hat,nb:St. Albans,inferred,an elaborate church hat in the front pew fits St. Albans' churches
1190,1190,The Window Menorah,nb:Crown Heights,inferred,a fifth night menorah in a brownstone window fits Crown Heights' Lubavitch community
1191,1191,The Diwali Lights,boro:Queens,stated,Queens rowhouses glow with diyas for Diwali
1192,1192,The Barbershop Debate,nb:South Jamaica,inferred,a barbershop debate fits a South Jamaica corner shop
1193,1193,The Piano Teacher,nb:Kensington,inferred,an old world piano teacher's walkup parlor fits quiet Kensington
1194,1194,The PTA Bake Sale,nb:Forest Hills,inferred,a competitive PTA bake sale fits a Forest Hills school lobby
1195,1195,The Opening Day Parade,nb:Whitestone,inferred,a little league opening day parade fits a Whitestone shopping strip
1196,1196,The Retired Rockette,nb:Riverdale,inferred,a retired dancer's diner booth fits a Riverdale luncheonette
1198,1198,The Coupon Queen,nb:Marine Park,inferred,a coupon binder checkout scene fits a Marine Park supermarket
1199,1199,The First Skate,key:bryant,inferred,a park rink with string lights evokes the Bryant Park winter rink
1200,1200,The Oath Ceremony,key:foley_sq,inferred,citizenship oath ceremonies are commonly held in the Foley Square courthouses
1201,1201,The Organ Practice,key:st_john_divine,inferred,organ practice heard through stone doors fits the Cathedral of St. John the Divine
1202,1202,The Neighbor's Piano,nb:Upper West Side,inferred,nocturne notes across a dark airshaft fit dense Upper West Side buildings
1203,1203,The Midwife,nb:Sunset Park,inferred,a newborn met at the window under water towers fits a Sunset Park walkup
1204,1204,The Home Attendant,nb:Corona,inferred,a home attendant wheeling a resident to his corner fits Corona's tight blocks
1205,1205,The Mentor,key:union_sq,inferred,a park chess table with MetroCards fits Union Square's chess tables
1206,1206,The Volunteer Ambulance,nb:Williamsburg,inferred,a volunteer ambulance storefront station fits Williamsburg's Hatzalah tradition
1207,1207,The Swim Lesson,key:astoria_pool,inferred,a public pool swim lesson fits the historic Astoria Park Pool
1209,1209,The Tenant Union,nb:Highbridge,inferred,a tenant union lobby meeting fits a Highbridge apartment building
1210,1210,The Family Translator,nb:Jackson Heights,inferred,a child translating at a counter fits immigrant-heavy Jackson Heights
1211,1211,The Night Shift,nb:Murray Hill,inferred,a hospital worker's stoop beer suits Murray Hill near Bellevue
1212,1212,The 4am Stroller,nb:Windsor Terrace,inferred,a 4am stroller loop under streetlights fits quiet Windsor Terrace
1213,1213,The Bookmobile,nb:Soundview,inferred,a bookmobile parked at the curb fits Soundview's residential blocks
1215,1215,The Marathon Sign Holder,key:mott_haven_b,stated,mile twenty of the marathon runs directly through the South Bronx
1216,1216,The Street Co-Naming,nb:Woodhaven,inferred,a street co-naming ceremony fits a tight knit Woodhaven corner
1217,1217,The First Day Photo,nb:Prospect Heights,inferred,a first day of school stoop photo fits brownstone Prospect Heights
1218,1218,The Coat Drive,nb:Morrisania,inferred,a church basement coat drive fits Morrisania in the Bronx
1220,1220,The Volunteer Traffic Director,nb:Long Island City,inferred,a blacked out intersection directed by a civilian fits Long Island City's wide avenues
1221,1221,The Seven O'Clock Applause,nb:Turtle Bay,inferred,pot banging toward a nearby hospital fits Turtle Bay near NYU Langone
1222,1222,The First Library Card,key:nypl,inferred,a marble hall library card ceremony evokes the New York Public Library
1223,1223,The Water Main Crew,nb:Elmhurst,inferred,a flooded intersection water main repair fits a busy Elmhurst street
1224,1224,The Bridge Tender,key:harlem_river,inferred,a tower turning gears to swing a bridge fits the historic Harlem River swing bridges
1225,1225,The 911 Dispatcher,nb:Downtown Brooklyn,inferred,a 911 dispatch console with a city view fits the Downtown Brooklyn command center
1226,1226,The Dosa Cart,key:washington_sq,stated,the beloved park dosa cart is Washington Square's Dosa Man
1227,1227,The Street Fair,nb:Kew Gardens,inferred,a materialized street fair with sock towers fits a Kew Gardens avenue closure
1228,1228,The Evil Eye Table,nb:Astoria,inferred,an evil eye charm table fits Astoria's Greek and Mediterranean shops
1229,1229,The Lemonade Stand,nb:Riverdale,inferred,a card table lemonade stand fits a leafy Riverdale sidewalk
1230,1230,The Water Bottle Kids,nb:East Elmhurst,inferred,kids selling water at a red light fit a busy East Elmhurst intersection
1231,1231,The Caricature Artist,key:central_park,inferred,a park caricature artist with a tourist crowd fits Central Park's entrances
1232,1232,The Pedicab,key:central_park,inferred,a garlanded pedicab flying through the park fits Central Park's roads at dusk
1233,1233,The Sunglass Table,key:coney,inferred,a five dollar sunglass table doubling the sunset fits Coney Island's boardwalk vendors
1234,1234,The Empanada Cooler,nb:Ozone Park,inferred,an empanada cooler corner hustle fits Ozone Park's Latin American blocks
1235,1235,The Tamale Lady,nb:Corona,inferred,a tamale lady with a dawn shopping cart fits Corona's Mexican community
1236,1236,The Stadium Vendor,key:yankee_stadium,inferred,a peanut vendor's twelve row throw fits a packed Yankee Stadium
1237,1237,The Cotton Candy Man,key:prospect_park,inferred,a cotton candy vendor working the park fits Prospect Park's green lawns
1238,1238,The Rose Man,key:little_italy,inferred,a tableside rose vendor at a candlelit dinner fits Little Italy's restaurant row
1239,1239,The Bar Car,key:grand_central,inferred,the 5:48 commuter bar car departs from Grand Central Terminal
1240,1240,The Atlantic City Bus,key:brighton,inferred,the dawn casino bus with grandmothers departs from Brighton Beach
1242,1242,The Midnight Ride,key:brooklyn_bridge,inferred,a river of night cyclists suits crossing the Brooklyn Bridge on a midnight ride
1243,1243,The Blanket Sprint,key:bryant,inferred,the blanket sprint land rush recalls Bryant Park's outdoor movie nights
1244,1244,The Rooftop Fourth,nb:Williamsburg,inferred,rooftop July Fourth fireworks over the river fit Williamsburg's waterfront roofs
1247,1247,The Afters,nb:East Village,inferred,a 6am apartment afterparty fits the East Village's nightlife scene
1248,1248,The 4am Booth,nb:Hell's Kitchen,inferred,a 4am diner booth after a night out fits Hell's Kitchen's late night diners
1249,1249,The Improv Team,nb:West Village,inferred,a basement improv stage for a tiny crowd fits West Village comedy basements
1250,1250,The Run Club,key:williamsburg_bridge,inferred,a sunset run club stretch on a bridge approach fits the Williamsburg Bridge
1251,1251,The Pickleball Wars,nb:Greenpoint,inferred,a contested handball wall turned pickleball court fits Greenpoint's playgrounds
1252,1252,The Rooftop Cinema,nb:Bushwick,inferred,a warehouse rooftop cinema fits Bushwick's industrial loft scene
1253,1253,The Fire Escape Date,nb:Lower East Side,inferred,a fire escape date with wine in mugs fits Lower East Side tenement architecture
1254,1254,The Placard Reader,key:met_museum,inferred,reading every placard beside a marble goddess fits the Met Museum's galleries
1255,1255,The Open Studios,nb:Long Island City,inferred,warehouse open studios fit Long Island City's converted industrial buildings
1256,1256,The Life Drawing Class,nb:SoHo,inferred,a loft life drawing class fits SoHo's old artist lofts
1257,1257,The Zine Fair,nb:Ridgewood,inferred,a zine fair of folding tables fits Ridgewood's DIY community halls
1258,1258,The Estate Sale,nb:Upper West Side,inferred,a grand apartment estate sale fits Upper West Side's prewar buildings
1259,1259,The Night Swim,nb:Sunset Park,inferred,a midnight pool fence jump fits Sunset Park's public pool
1260,1260,The Cigar Chairs,nb:Bensonhurst,inferred,folding chairs outside a cigar shop fit Bensonhurst's old timers
1261,1261,The Fight Night,nb:Washington Heights,inferred,a packed apartment fight night fits Washington Heights' tight buildings
1262,1262,The Drag Brunch,nb:Hell's Kitchen,inferred,a drag brunch fits Hell's Kitchen's brunch scene
1263,1263,The Church Bingo,nb:Bay Ridge,inferred,grandmothers at church bingo fit Bay Ridge's parish basements
1264,1264,The Park Tarot,key:washington_sq,inferred,a park tarot table under a tree fits Washington Square Park's fortune tellers
1265,1265,The Drum Circle,key:central_park,stated,the famous Sunday park drum circle is Central Park's
1266,1266,The Slackliner,key:central_park,inferred,a slackliner between elms in a meadow fits Central Park's Sheep Meadow
1267,1267,The Dollar Oyster Happy Hour,nb:Williamsburg,inferred,a marble oyster bar happy hour fits Williamsburg's raw bar scene
1268,1268,The Natural Wine Bar,nb:Lower East Side,inferred,a candlelit natural wine bar fits the Lower East Side's wine bar scene
1270,1270,The Day Party,nb:Williamsburg,inferred,a 4pm rooftop day party fits Williamsburg's rooftop scene
1271,1271,The Beer Garden,nb:Astoria,stated,the century old beer garden under lindens is in Astoria
1272,1272,The Party Boat,nb:Sheepshead Bay,inferred,a half day fishing party boat departs from Sheepshead Bay's fleet
1273,1273,The Countdown Clock,key:subway_system,stated,a subway countdown clock on the platform
1274,1274,The Boot,nb:Astoria,inferred,a wheel boot on a sedan fits Astoria's tight parking
1275,1275,The Tow Pound,nb:Hell's Kitchen,stated,the west side tow pound sits by the Hell's Kitchen waterfront
1276,1276,The Estimated Bill,nb:Concourse,inferred,an estimated utility bill on a kitchen table fits a Concourse apartment
1277,1277,The Missed Delivery Slip,nb:Rego Park,inferred,a missed delivery slip taped to a door fits a Rego Park apartment building
1278,1278,The Fifth Floor Walkup,nb:East Village,inferred,a five story walkup stairwell fits East Village tenement buildings
1279,1279,The Endless Receipt,nb:Chelsea,inferred,an endless drugstore receipt fits a Chelsea corner pharmacy
1280,1280,The Speakerphone,key:subway_system,stated,a rider on a packed train with no line named
1281,1281,The Train Nail Clipper,key:subway_system,stated,a commuter clipping nails on the morning express train
1282,1282,The Horn Symphony,key:times_square,inferred,a gridlocked intersection with honking horns fits Midtown's Times Square congestion
1283,1283,The Killer Icicle,nb:Morningside Heights,inferred,an icicle hanging over caution tape fits Morningside Heights' prewar buildings
1284,1284,The Humidity,nb:Bushwick,inferred,August humidity draped over a street fits Bushwick's exposed brick blocks
1285,1285,The Pollen,nb:Riverdale,inferred,a pollen dusted street fits leafy tree lined Riverdale
1287,1287,The Hold Music,nb:Inwood,inferred,a tenant stuck on hold fits an Inwood walkup apartment
1288,1288,The False Alarm,nb:Forest Hills,inferred,a 3am fire alarm evacuation fits a Forest Hills apartment building
1289,1289,The Splash Zone,key:42nd_st,inferred,a taxi splashing a pedestrian fits Midtown's 42nd Street puddles
1290,1290,The Nameless Neighbor,nb:Sunnyside,inferred,ten thousand hallway nods fit a Sunnyside apartment building corridor
1291,1291,The UN Week,key:un,stated,UN Week motorcades freeze the east side near the United Nations
1293,1293,The Hydrant Ticket,nb:Middle Village,inferred,a hydrant parking ticket with a bagel run fits a Middle Village street
1294,1294,The Backpack,key:subway_system,stated,a rush hour train car with no line named
1295,1295,The Box Blocker,nb:Elmhurst,inferred,an SUV blocking the box fits a busy Elmhurst intersection
1296,1296,The Black Ice,nb:Kingsbridge,inferred,black ice claiming morning victims fits a hilly Kingsbridge sidewalk
1298,1298,The January Gym,nb:Murray Hill,inferred,a packed January gym fits a Murray Hill fitness chain location
1299,1299,The Lanternfly,nb:Ridgewood,inferred,a spotted lanternfly stomped underfoot fits Ridgewood's lanternfly hot spot
1301,1301,The Duckling Crossing,key:prospect_park,inferred,ducklings crossing traffic near a park lake fit Prospect Park's edges
1302,1302,The Turtle Log,key:central_park,inferred,a dozen turtles sunning on a log fit Central Park's Turtle Pond
1303,1303,The Winter Cardinal,nb:Astoria,inferred,a cardinal on a snowy fire escape fits an Astoria walkup
1304,1304,The Cicada Summer,boro:Staten Island,stated,cicadas emerging in a Staten Island backyard
1305,1305,The Monarch Layover,nb:East New York,inferred,monarchs resting in a community garden fit East New York's garden plots
1306,1306,The Basket Dog,key:williamsburg_bridge,inferred,a dog riding a bike basket fits the Williamsburg Bridge bike lane
1307,1307,The Dog Birthday,key:prospect_park,inferred,a dog's birthday party fits Prospect Park's dog runs
1308,1308,The Three Legged Cat,key:chinatown_m,inferred,a three legged cat patrolling a bodega threshold fits Chinatown's storefronts
1309,1309,The Fire Escape Mantis,nb:Astoria,inferred,a mantis guarding a fire escape basil plant fits Astoria's window gardens
1310,1310,The Midnight Mockingbird,nb:Ridgewood,inferred,a mockingbird's greatest hits at 2am fit a quiet Ridgewood streetlamp
1311,1311,The Supermarket Sparrow,nb:Elmhurst,inferred,a sparrow living in a supermarket fits a big box store in Elmhurst
1312,1312,The Snowy Owl,key:jfk,stated,an arctic owl on dunes by the airport runway recalls JFK
1313,1313,The Escaped Peacock,key:flushing_meadows,inferred,a zoo escapee peacock fits near the Queens Zoo in Flushing Meadows-Corona Park
1314,1314,The Escaped Cobra,key:bronx_zoo,stated,the legendary escaped zoo cobra is the famous Bronx Zoo cobra
1315,1315,The Bodega Puppy,nb:Washington Heights,inferred,a new puppy meeting the block outside a bodega fits Washington Heights
1317,1317,The AC Hawk,nb:Upper West Side,inferred,a red tailed hawk on an AC unit recalls the Upper West Side's famous red tails
1319,1319,The Bat Night,key:prospect_park,inferred,bats over a park pond fit Prospect Park's dusk bat walks
1320,1320,The Ginkgo Season,nb:Fort Greene,inferred,a street of gold ginkgos fits Fort Greene's tree lined blocks
1321,1321,The Community Garden Bee,nb:East New York,inferred,a bee working community garden sunflowers fits East New York's garden plots
1323,1323,The Ghost El,key:third_ave,inferred,a demolished elevated line ghost recalls the old Third Avenue El
1324,1324,The Collect Pond,key:foley_sq,stated,the buried lake beneath the courthouse is Collect Pond
1326,1326,The Lost and Found,key:subway_system,inferred,the transit lost and found warehouse belongs to the citywide subway system
1328,1328,The Kissing Room,key:grand_central,stated,the marble arrivals chamber is Grand Central's Kissing Room
1329,1329,The Transit Strike,key:brooklyn_bridge,stated,a transit strike morning of thousands walking a bridge matches the Brooklyn Bridge walkers
1332,1332,The Underground Railroad,boro:Brooklyn,stated,a candle in a Brooklyn church basement window
1336,1336,The Rumored Station,key:subway_system,stated,"glimpsed through express train windows, no line named"
1337,1337,The Last Payphone,key:times_square,stated,the last public payphone stood near Times Square before its removal
1338,1338,The Million Windows,nb:Midtown,inferred,a million lit windows across facing towers fits dense Midtown high rises
1339,1339,The Lost Glove,nb:Park Slope,inferred,a lost mitten placed on a fence spike fits a snowy Park Slope block
1340,1340,The Wet Cement Initials,nb:Bensonhurst,inferred,initials pressed in 1974 sidewalk cement fit an old Bensonhurst block
1341,1341,The Glitter Sidewalk,nb:East Village,inferred,an old mica flecked sidewalk glittering under a streetlamp fits the East Village
1342,1342,The Escaped Balloon,nb:Midtown,inferred,a balloon rising past a hundred office windows fits Midtown's office towers
1343,1343,The Bike Skeleton,nb:Bushwick,inferred,a stripped bike skeleton locked for years fits Bushwick's bike racks
1344,1344,The Memorial Wall,nb:Harlem,inferred,a hand painted memorial wall with candles fits a Harlem sidewalk shrine
1345,1345,The Poster Archaeology,nb:East Village,inferred,layered decades of posters fit the East Village's construction walls
1346,1346,The Grandma Slice,nb:Ridgewood,inferred,a thin square grandma slice fits Ridgewood's old school pizzerias
1347,1347,The Vodka Slice,nb:Williamsburg,inferred,the trending vodka slice with a line out the door fits Williamsburg's newer pizzerias
1348,1348,The Soup Dumpling,key:chinatown_m,inferred,a soup dumpling lifted under lantern light fits Chinatown's dumpling houses
1349,1349,The Halva,key:atlantic_ave,inferred,a halva block shaved on a scale fits Atlantic Avenue's Middle Eastern shops
1350,1350,The Diner Mug,nb:Bay Ridge,inferred,a thick tan diner mug fits a classic Bay Ridge diner counter
1351,1351,The Register Altar,nb:Washington Heights,inferred,a bodega register shrine of candles and lotto rolls fits Washington Heights corner stores
1352,1352,The Tin Ceiling,nb:Lower East Side,inferred,a pressed tin ceiling in a century old shop fits a Lower East Side barbershop
1353,1353,The Dumbwaiter,nb:Lower East Side,inferred,a rope hauled dumbwaiter fits a Lower East Side tenement
1354,1354,The Skeleton Key,nb:East Village,inferred,a worn skeleton key by an old door fits an East Village walkup
1355,1355,The Kitchen Tub,nb:Lower East Side,inferred,a clawfoot tub in a tenement kitchen fits the Lower East Side's railroad apartments
1356,1356,The Murphy Bed,nb:Hell's Kitchen,inferred,a Murphy bed transforming a studio fits Hell's Kitchen's small apartments
1357,1357,The Air Shaft,nb:Lower East Side,inferred,a tenement air shaft of stacked lives fits the Lower East Side
1358,1358,The Fire Escape Shadows,nb:Williamsburg,inferred,golden hour fire escape shadows on brick fit Williamsburg's low rise blocks
1359,1359,The Brownstone Doors,nb:Bedford-Stuyvesant,inferred,carved brownstone doors under a stained glass transom fit Bed-Stuy's brownstone rows
1360,1360,The Keystone Faces,nb:Harlem,inferred,carved keystone faces above doorways fit Harlem's ornamented prewar buildings
1361,1361,The Nameplate Chain,key:mott_haven_b,inferred,a gold nameplate necklace on a stoop fits the South Bronx nameplate jewelry tradition
1362,1362,The Door Knockers,nb:East Harlem,inferred,bamboo door knocker earrings at a block party fit El Barrio street style
1363,1363,The Shearling Coat,nb:Harlem,inferred,a monumental shearling coat commanding a winter corner fits Harlem street style
1364,1364,The Red Vinyl Booth,nb:Astoria,inferred,a sixty year old red vinyl diner booth fits an Astoria luncheonette
1365,1365,The Checkerboard Floor,nb:Bensonhurst,inferred,a worn checkerboard pizzeria floor fits a Bensonhurst slice shop
1366,1366,The Fat Laces,key:sedgwick,inferred,shell toes and a boombox on a stoop evoke the Sedgwick Avenue hip hop birthplace
1367,1367,The Blue Mailbox,nb:Ridgewood,inferred,a battered corner relay mailbox holding decades of letters fits a Ridgewood corner
1368,1368,The Fire Alarm Box,nb:Greenwich Village,inferred,a century old fire alarm box on its post fits Greenwich Village's historic streets
1369,1369,The Linzer Tart,nb:Ridgewood,inferred,a hubcap sized linzer tart fits Ridgewood's old German bakeries
1370,1370,The Fresh Mozzarella,key:arthur_ave,inferred,a cheesemaker pulling fresh mozzarella fits an Arthur Avenue latteria
1371,1371,The Gyro Cone,nb:Astoria,inferred,a rotating gyro cone cart fits Astoria's Greek food carts
1372,1372,The Buttered Roll,nb:Sunnyside,inferred,a deli buttered roll on a dashboard at dawn fits a Sunnyside commuter stop
1373,1373,The Coquito,nb:Washington Heights,inferred,titi's coquito bag distributed door to door fits Washington Heights' holiday tradition
1374,1374,The Pastelito,nb:Jackson Heights,inferred,a guava and cheese pastelito fits Jackson Heights' Latin American bakeries
1375,1375,The Faded Menu Photos,nb:Elmhurst,inferred,a sun bleached takeout menu board fits an old Elmhurst restaurant
1376,1376,The Infinity Mirrors,nb:Harlem,inferred,facing barbershop mirrors creating an infinite corridor fit a classic Harlem barbershop
1377,1377,The Booth Jukebox,nb:Bay Ridge,inferred,a tabletop diner jukebox fits a classic Bay Ridge diner booth
1378,1378,The Claw Machine,nb:Woodside,inferred,a bodega claw machine glowing in the window fits a Woodside corner shop
1379,1379,The Casita,nb:East Harlem,inferred,a hand built casita in a community garden fits El Barrio's casita tradition
1380,1380,The Stoop Wine,nb:Bedford-Stuyvesant,inferred,wine in coffee mugs on a stoop fits a quiet Bed-Stuy evening
1381,1381,The Public Pool Opening,key:astoria_pool,inferred,opening day cannonballs fit the historic Astoria Park Pool
1382,1382,The Playground Sprinkler,nb:Sunset Park,inferred,a cast iron mushroom sprinkler erupting fits a Sunset Park playground
1383,1383,The Yard Shrine,nb:Dyker Heights,inferred,a bathtub Madonna shrine in a front yard fits Dyker Heights' Italian-American houses
1384,1384,The Curbside Mechanic,nb:Corona,inferred,a Saturday curbside car repair with cousins fits Corona's driveways and curbs
1385,1385,The Car Wash Fundraiser,nb:Jamaica,inferred,a church youth car wash fundraiser fits a Jamaica church parking lot
1386,1386,The Trunk Party,nb:East New York,inferred,a car trunk concert rig shaking puddles fits an East New York block
1387,1387,The Block of Flags,nb:Flatbush,inferred,a block flying every Caribbean island's flag fits Flatbush's Caribbean community
1388,1388,The Big Wheel Gang,nb:Canarsie,inferred,five big wheels thundering down the sidewalk fit a quiet Canarsie block
1389,1389,The Last Day of School,nb:Sunnyside,inferred,the last day of school eruption fits a Sunnyside public school
1390,1390,The Parking Chair,nb:Bensonhurst,inferred,a folding chair claiming a shoveled parking spot fits Bensonhurst's street parking
1391,1391,The Buried Fig Tree,boro:Brooklyn,stated,a Brooklyn backyard fig tree wrapped for winter
1392,1392,The First Snow,nb:Wakefield,inferred,the year's first snow watched by a whole block fits a quiet Wakefield street
1394,1394,The Heat Lightning,nb:Williamsburg,inferred,rooftop watchers of heat lightning behind the skyline fit Williamsburg's roof decks
1395,1395,The Trolley Dodger,boro:Brooklyn,stated,a 1900 Brooklyn street of trolleys naming the ball club
1397,1397,The Five Points Dancer,key:columbus_park,stated,the Five Points tavern site is now Columbus Park
1398,1398,The Savoy Lindy Hop,nb:Harlem,stated,the Savoy ballroom was Harlem's legendary dance hall
1400,1400,The Cypher,nb:Morrisania,inferred,"a park cypher with a b boy freeze fits Morrisania, a Bronx hip hop hub"
1401,1401,The Disco Loft,key:paradise_garage,inferred,an invitation only loft party inventing dance culture evokes the Paradise Garage
1404,1404,The Old Moving Day,nb:Greenwich Village,inferred,May Day moving chaos of 1900 fits Greenwich Village's dense rowhouses
1405,1405,The Vaudeville Hook,key:apollo,inferred,the giant hook pulling an act off stage recalls the Apollo Theater's amateur nights
1406,1406,The Nickelodeon,nb:Lower East Side,inferred,a 1907 nickelodeon parlor fits the Lower East Side's early movie houses
1408,1408,The Loft Pioneers,nb:SoHo,stated,artists colonizing a cast iron loft describes SoHo's history
1409,1409,The Salsa Session,nb:East Harlem,inferred,a 1970s barrio salsa studio session fits El Barrio's Fania era recording scene
1412,1412,The Stained Glass Studio,key:st_john_divine,inferred,a cathedral's eye taking shape evokes the great rose window there
1413,1413,The Piano District,nb:Mott Haven,stated,the Bronx piano factories were centered in Mott Haven
1414,1414,The Brewery Horses,nb:Williamsburg,inferred,brewery dray horses recall Brewers Row on Bushwick Avenue
1415,1415,The Milkman,nb:Park Slope,inferred,a stoop delivery route fits a classic brownstone block
1416,1416,The Doll Hospital,key:lex_ave,inferred,the storied New York Doll Hospital stood on Lexington Avenue
1417,1417,The Typewriter Shop,key:23rd_st,inferred,the last typewriter repair shop sits on 23rd Street
1418,1418,The Clock Keeper,key:kings_county_savings,inferred,a hand wound tower clock matches the great Williamsburgh Savings Bank
1419,1419,The Puppet Theater,nb:Park Slope,inferred,a beloved puppet theater for young children fits Park Slope
1420,1420,The Fire Escape Summer,nb:Lower East Side,inferred,tenement fire escape sleepers are classic Lower East Side
1422,1422,The New Accent,nb:Sunset Park,inferred,a new immigrant learning counter English fits Sunset Park
1424,1424,The Sunday Call Home,nb:Washington Heights,inferred,a fire escape call home in another language fits Washington Heights
1425,1425,The Real New Yorker Debate,nb:East Village,inferred,a loud identity debate suits an East Village bar back room
1426,1426,The Going Away Party,nb:Lower East Side,inferred,a going away toast in a bar back room fits the Lower East Side
1427,1427,The Stage Door,key:broadway,stated,playbills and a stage door point to the theater district
1428,1428,The Roommate Lottery,nb:Bushwick,inferred,four strangers splitting an apartment fits Bushwick roommate life
1429,1429,The Tiny Dinner Party,nb:Hell's Kitchen,inferred,a one burner tiny apartment feast fits a Hell's Kitchen studio
1430,1430,The Friendsgiving,nb:Ridgewood,inferred,a friendsgiving of five homelands fits young transplant Ridgewood
1431,1431,The Wrong Express,key:subway_system,stated,"the local revealed itself express, no line named"
1432,1432,The Sunday Open House,nb:Williamsburg,inferred,an open house theater of an unaffordable apartment fits Williamsburg
1433,1433,The Homesick Aisle,nb:Jackson Heights,inferred,a shelf of homeland sauces fits Jackson Heights international groceries
1434,1434,The Window Seat Return,key:jfk,inferred,the grid igniting on approach reads as a JFK landing
1450,1450,The Wonder Theatre,nb:Washington Heights,inferred,the Wonder Theatre nickname belongs to the surviving Loew's palace there
1456,1456,The First Light,nb:Midtown,inferred,window washers among the tallest towers fits Midtown
1464,1464,The Supermoon,key:gantry,inferred,a supermoon between two towers is the classic Gantry Plaza view
1467,1467,The First Eye Flower,key:subway_system,stated,a flower pushes up through a subway grate
1469,1469,The Gardener of the First Bloom,key:subway_system,stated,a gardener waters through a subway grate at night
1472,1472,The Flower That Watched Back,nb:Inwood,inferred,a bodega flower bucket scene spreads the map to Inwood
1474,1474,The Seed Library,key:nypl,inferred,a rare book room of catalogued seeds matches the Library's reading rooms
1475,1475,The Last Wilt,nb:East Village,inferred,a bulldozed community garden recalls the era's East Village garden fights
1476,1476,The Replanting,nb:Lower East Side,inferred,neighbors replanting a razed garden fits Lower East Side garden culture
1477,1477,The Talisman Maker,nb:Astoria,inferred,an evil eye glassblower fits Astoria's Greek charm tradition
1478,1478,The Evil Eye Factory,nb:Astoria,inferred,apprentices casting evil eye charms fits the same Astoria workshop
1479,1479,The Eye That Blinked,nb:Chinatown,inferred,a street vendor's charm table fits a Chinatown sidewalk stand
1480,1480,The Charm Delivery,key:brooklyn_bridge,inferred,a dawn dash across a bridge cargo run fits the Brooklyn Bridge
1482,1482,The Rat Parliament,key:subway_system,stated,rats assembled in a vaulted forgotten station
1483,1483,The Royal Taster,nb:Ridgewood,inferred,a corner slice taste test spreads the rat court to Ridgewood
1484,1484,The Court Painter,nb:East New York,inferred,a thimble stool portrait painter continues the rat court eastward
1485,1485,The Pigeon Queen,key:manhattan_bridge,inferred,a pigeon throne on a bridge cable fits the Manhattan Bridge
1486,1486,The Inflatable Rat,nb:Sunset Park,inferred,an inflatable picket line rat fits an industrial Sunset Park job site
1487,1487,The Trash Prince,nb:Hunts Point,inferred,a curbside trash creature learning the family business fits Hunts Point
1488,1488,The Winter Palace,nb:Hunts Point,inferred,the Trash Mountain court in snow stays at its Hunts Point throne
1489,1489,The Clean Street Truce,nb:Hunts Point,inferred,the sweeper truck meets the Mountain at its Hunts Point turf
1490,1490,The Sigil Writer,nb:Bushwick,inferred,a hooded 4am gate marker fits Bushwick street art culture
1494,1494,The Signal Problem's Day Off,key:subway_system,stated,"every board in the city glows green, transit signal system"
1495,1495,The Countdown Clock Repairman,key:subway_system,stated,technician adjusts countdown clock above the platform
1496,1496,The Ghost Bus,nb:Ridgewood,inferred,a discontinued night bus route spreads the map to Ridgewood
1497,1497,The Train Wind,key:subway_system,stated,gust sprints the platform ahead of the train
1498,1498,The Red Handle,key:subway_system,stated,emergency brake cord glows in a crowded subway car
1499,1499,The Cross-Platform Miracle,key:subway_system,stated,both trains arrive with doors aligned across the platform
1500,1500,The Milky Way Blackout,key:amnh,stated,calling the planetarium about strange stars names the Museum of Natural History
1501,1501,The Doppelganger,key:subway_system,stated,double stands on the opposite platform as trains arrive
1503,1503,The Moon on the Bridge,key:manhattan_bridge,inferred,a train paced by the moon over cables fits the Manhattan Bridge
1504,1504,The Puddle Portal,nb:Fort Greene,inferred,a puddle holding 1924 fits a historic Fort Greene sidewalk
1505,1505,The Revolving Door,key:plaza_hotel,inferred,a decades spinning revolving door and doorman fits the Plaza
1506,1506,The Squeegee Reveal,nb:Murray Hill,inferred,a squeegee reveal on tall glass fits a Murray Hill office block
1507,1507,The Bodega Dome Mirror,nb:Crown Heights,inferred,a bodega dome mirror scene spreads the map to Crown Heights
1508,1508,The Infinite Aisle,nb:East Harlem,inferred,a mirrored chip aisle spreads the map to East Harlem
1509,1509,The Peephole View,nb:Kingsbridge,inferred,a peephole neighbor with soup spreads the map to Kingsbridge
1510,1510,The Rain Window,key:k_town,inferred,neon running down rain glass fits Koreatown's signage
1512,1512,The Sidewalk Chasm,key:union_sq,inferred,a convincing sidewalk chalk canyon fits Union Square's street artists
1513,1513,The Painted Window,nb:Carroll Gardens,inferred,painted brick windows and geraniums fit a Carroll Gardens brownstone
1514,1514,The Disco Ball,key:studio54,inferred,a disco ball holding a thousand tiny cities fits Studio 54
1515,1515,The Long Shadow,nb:Long Island City,inferred,a dawn shadow down an industrial street fits Long Island City
1516,1516,The Stopped Clock,nb:Greenwich Village,inferred,a beloved stopped tower clock fits the Jefferson Market clock tower
1517,1517,The Broken Escalator,key:subway_system,stated,"riders climb a stopped escalator, transit language"
1518,1518,The Frost Ferns,nb:East Harlem,inferred,frost ferns on tenement glass spread the map to East Harlem
1519,1519,The Heat Mirage,nb:Midtown,inferred,a heat mirage down a taxi filled avenue fits Midtown
1520,1520,The Snow Globe Day,key:ditmas,inferred,a windless snow globe day fits Ditmas Park's quiet streets
1521,1521,The Mirror Tower,key:hudson_yards,inferred,a tower so reflective it disappears fits the Hudson Yards glass towers
1523,1523,The Second Sunset,boro:Manhattan,stated,two sunsets bracket the island
1524,1524,The Face in the Skyline,nb:Midtown,inferred,a bus stop crowd watching towers at dusk fits Midtown
1525,1525,The Tilted Grid,boro:Manhattan,stated,"city grid tilted twenty nine degrees, the Manhattan grid fact"
1526,1526,The Missing Floor,nb:Financial District,inferred,a missing thirteenth floor superstition fits an old Financial District tower
1527,1527,The Architect's Signature,nb:Upper West Side,inferred,a stone owl hidden in cornice garland fits ornate Upper West Side facades
1528,1528,The Original Bolt,key:central_park,stated,1811 survey bolt hidden in park bedrock
1529,1529,The Master Clock,key:grand_central,inferred,a hidden pendulum disciplining every station clock fits Grand Central
1530,1530,The Key to the City,key:city_hall,inferred,the ceremonial key to the city belongs at City Hall
1531,1531,The Fountain Wishes,key:central_park,inferred,a night keeper netting wishing coins fits the Park's fountain
1532,1532,The Map Room,nb:Financial District,inferred,a master map room of buried pipes fits the Municipal Building archives
1533,1533,The 5am Decision,nb:Tribeca,inferred,a 5am snow day decision fits the old Tweed Courthouse near Tribeca
1534,1534,The Light Timer,key:broadway,inferred,a cascading green wave of lights fits Broadway's synced signals
1535,1535,The Last Stop,key:subway_system,stated,end of the line where the train yard glows
1537,1537,The Tunnel Chorus,key:subway_system,stated,busker's note echoes through the tunnel tiles
1539,1539,The Basement Lanes,nb:Greenwich Village,inferred,a 1961 basement bowling alley recalls the original Union Square area lanes
1540,1540,The Bricked Door,nb:Harlem,inferred,a bricked basement doorway fits an old Harlem brownstone
1541,1541,The Sub Basement,nb:Chelsea,inferred,a forbidden sub basement spreads the map to Chelsea
1542,1542,The Dead Letter Office,key:penn_station,inferred,the Dead Letter Office descends from the great post office by Penn Station
1543,1543,The Complaint Archive,nb:Financial District,inferred,an archive of every filed complaint fits the Municipal Building records
1544,1544,The Tower Cat,key:subway_system,stated,signal tower's interlocking machine keeps trains running smooth
1545,1545,The Hum,nb:East Village,inferred,a stoop meditator tuned to the grid hum fits the East Village
1546,1546,The First Ride Below,key:subway_system,stated,baby's first subway ride with tunnel lights and train wind
1547,1547,The White Pigeon,nb:Sunnyside,inferred,a pigeon flock scene spreads the map to Sunnyside
1548,1548,The Baby Pigeon,nb:Woodside,inferred,a hidden AC unit pigeon nest spreads the map to Woodside
1549,1549,The Deli Twins,nb:Elmhurst,inferred,twin bodega counter cats spread the map to Elmhurst
1550,1550,The Cursing Parrot,nb:Harlem,inferred,a heckling barbershop parrot fits Harlem's barbershop culture
1551,1551,The Office Turtle,nb:Financial District,inferred,a lobby turtle watching decades of commuters fits a Financial District tower
1552,1552,The Ladybug Release,nb:Bedford-Stuyvesant,inferred,a ladybug release among tomato leaves fits a Bed-Stuy garden
1553,1553,The Dawn Web,nb:Chinatown,inferred,a fire escape spider's dawn web fits Chinatown's tenement rows
1554,1554,The Worm Rescue,nb:Riverdale,inferred,a rain soaked worm rescue fits leafy residential Riverdale
1555,1555,The Fair Goldfish,nb:Coney Island,inferred,a goldfish won on a ping pong ball fits a Coney Island fair prize
1558,1558,The Luna Moth,nb:Maspeth,inferred,a luna moth on a roll gate spreads the map to industrial Maspeth
1559,1559,The Kestrel of the Cornice,key:nypl,inferred,a falcon beside a stone lion's ear evokes the Library's famous lions
1560,1560,The Co-op Hawks,key:fifth_ave,inferred,hawks nesting on a grand co-op facade recall Pale Male's Fifth Avenue ledge
1561,1561,The Museum Mouse,key:met_museum,stated,a mouse living behind a Vermeer names the Met's Dutch master galleries
1562,1562,The Retirement Pasture,key:central_park,inferred,a retiring carriage horse's working home was the Park's carriage line
1564,1564,The Hot Duck's Return,key:central_park,stated,mandarin duck returns to the pond to a gasp across the park
1565,1565,The Bodega Cat Election,nb:Bay Ridge,inferred,a bodega cat mayoral race spreads the map to Bay Ridge
1566,1566,The Blessing of the Animals,key:st_john_divine,stated,cathedral aisle with unfinished vaults for the animal blessing
1567,1567,The Sudden Local,key:subway_system,stated,express train announces it is now running local
1568,1568,The Ghost,nb:West Village,inferred,a candlelit ghost date fits a romantic West Village table
1569,1569,The Read Receipt,nb:Astoria,inferred,a read receipt heartbreak scene spreads the map to Astoria
1570,1570,The Dead Fob,nb:Sunnyside,inferred,a dead key fob at 2am spreads the map to Sunnyside
1571,1571,The Wobbly Table,nb:SoHo,inferred,a wobbly sidewalk cafe table fits a SoHo corner
1572,1572,The June Fireworks,nb:East New York,inferred,weeks of illegal roman candles fit East New York's summer fireworks pattern
1573,1573,The Mummy Car,nb:Bensonhurst,inferred,a car under cover for nine years fits Bensonhurst's alternate side culture
1574,1574,The Steel Plates,nb:Long Island City,inferred,clanking road plates spread the map to construction heavy Long Island City
1575,1575,The August Platform,key:subway_system,stated,"underground platform in August, commuters melt for the train"
1576,1576,The Midnight Jingle,nb:Corona,inferred,a lonely 2am ice cream jingle fits Corona's ice truck tradition
1577,1577,The Tip Screen,nb:Williamsburg,inferred,a rotating tip screen at checkout fits a Williamsburg cafe
1578,1578,The Dollar Fifty Slice,nb:East Village,inferred,the last dollar slice recalls the East Village's famous dollar pizza shops
1580,1580,The Wrong Door Photo,nb:Jamaica,inferred,a wrong door delivery photo spreads the map to Jamaica
1581,1581,The Open Window January,nb:Inwood,inferred,a raging steam radiator in January fits an old Inwood building
1582,1582,The Line Cutter,key:russ,inferred,a rigid appetizing counter line fits Russ and Daughters
1583,1583,The Umbrella Karma,key:alphabet_city,inferred,a stolen bar umbrella fits Alphabet City's bar blocks
1584,1584,The Stroller Grand Prix,key:amnh,inferred,strollers racing for the last elevator fits a family museum like the Natural History Museum
1585,1585,The Lost Hour,nb:Prospect Heights,inferred,a lost daylight saving hour spreads the map to Prospect Heights
1586,1586,The Match,key:union_sq,inferred,a swab drive tent fits Union Square's regular blood and bone marrow drives
1587,1587,The Gallon Club,key:bellevue,inferred,a ten gallon blood donor pin fits Bellevue's blood bank
1588,1588,The Homework Hotline,nb:Flatbush,inferred,a homework hotline volunteer spreads the map to Flatbush
1589,1589,The Plant Sitter,nb:Morningside Heights,inferred,a hallway of watered plants spreads the map to Morningside Heights
1590,1590,The Keeper of Keys,nb:Park Slope,inferred,a communal drawer of spare keys fits a Park Slope building
1591,1591,The Package Guardian,nb:Forest Hills,inferred,a first floor package depot spreads the map to Forest Hills
1592,1592,The Offered Seat,key:subway_system,stated,offered seat as the train sings through the tunnel
1593,1593,The Directions Giver,key:times_square,inferred,a tourist needing rerouted directions fits Times Square
1594,1594,The Shared Umbrella,nb:Midtown,inferred,a stranger's shared umbrella through the rain fits a Midtown commute
1595,1595,The Free Banana,nb:Jackson Heights,inferred,a fruit cart's daily free banana fits Jackson Heights street carts
1596,1596,The Returned Wallet,nb:Woodside,inferred,a mailed back wallet spreads the map to Woodside
1597,1597,The Elevator Inspector,nb:Midtown,inferred,a dark elevator shaft inspection fits a Midtown office tower
1599,1599,The Night Vet,nb:Upper East Side,inferred,a 3am animal ER fits the Upper East Side's ASPCA hospital
1601,1601,The Concert Interpreter,key:barclays,inferred,a stage edge ASL interpreter at a rap show fits Barclays Center
1602,1602,The Sidewalk Astronomer,key:washington_sq,inferred,a sidewalk telescope on Saturn fits Washington Square's regular astronomers
1604,1604,The Costume Moms,nb:Windsor Terrace,inferred,midnight glue gun costume triage for a school play fits Windsor Terrace
1605,1605,The Casserole Network,key:ditmas,inferred,a block wide casserole relay fits Ditmas Park's tight community
1606,1606,The Census Knock,nb:Sunset Park,inferred,a walkup census count of many nations fits diverse Sunset Park
1607,1607,The Pothole Crew,nb:St. George,inferred,a night pothole crew spreads the map to St. George
1608,1608,The Blessing of the Bikes,key:st_john_divine,stated,cathedral doors and rose window for the blessing of the bikes
1609,1609,The Found Kid,nb:Bensonhurst,inferred,a supermarket found child scene spreads the map to Bensonhurst
1610,1610,The Last Route,nb:Jamaica,inferred,a bus depot farewell fits the large Jamaica bus depot
1612,1612,The Deliverista's Day Off,key:tompkins,inferred,a deliverista's day off in the park fits Tompkins Square Park
1613,1613,The Ghost Bike Gardener,nb:Bushwick,inferred,a ghost bike keeper fits Bushwick's heavy cyclist community
1614,1614,The Recycling Uprising,nb:East Harlem,inferred,a canner's aluminum army spreads the map to East Harlem
1615,1615,The Storm Bodega,key:red_hook_b,inferred,a bodega glowing through a hurricane recalls Red Hook's Sandy flooding
1616,1616,The Welcome Back,nb:Bensonhurst,inferred,a counterman remembering the usual fits an old Bensonhurst pizzeria
1617,1617,The Salad Choppers,nb:Midtown,inferred,a lunch rush chop line fits Midtown's office lunch chains
1619,1619,The Story Hour,key:nypl,inferred,a librarian's dragon voice story hour fits a branch of the Library
1620,1620,The School Trip,key:amnh,stated,dinosaur skeleton bends necks in the museum's marble halls
1621,1621,The Senior Swim,key:astoria_pool,inferred,a 7am senior swim fits the historic Astoria Park Pool
1622,1622,The Frame Shop,nb:Park Slope,inferred,a crayon drawing framed with ceremony spreads the map to Park Slope
1623,1623,The Aquarium Shop,nb:Flushing,inferred,a basement aquarium shop fits Flushing's many fish stores
1624,1624,The Barber College,nb:Bushwick,inferred,a five dollar barber college spreads the map to Bushwick
1625,1625,The Pasta Class,key:arthur_ave,inferred,nonnas running a church basement pasta class fits Arthur Avenue
1626,1626,The Student Driver,nb:Washington Heights,inferred,a hill start driving lesson fits Washington Heights' steep streets
1628,1628,The Storefront Church,nb:Bedford-Stuyvesant,inferred,a full volume storefront church fits Bed-Stuy's storefront churches
1629,1629,The Jury Room,key:foley_sq,inferred,a jury deliberation room fits the Foley Square courthouses
1630,1630,The Reception Hall,nb:Bay Ridge,inferred,a mirrored sweet sixteen banquet hall fits Bay Ridge's catering halls
1631,1631,The Repast,nb:Harlem,inferred,a church basement repast fits Harlem's church tradition
1632,1632,The Same Booth,nb:Astoria,inferred,the same booth for fifty years fits a classic Astoria Greek diner
1633,1633,The Two Coffees,nb:Woodside,inferred,a widower's two coffees at the counter spreads the map to Woodside
1634,1634,The Super's Vacation,nb:Washington Heights,inferred,a super handing off keys spreads the map to Washington Heights
1635,1635,The Rent Stabilized Heir,nb:Inwood,inferred,a 1976 rent stabilized lease fits an older Inwood building
1636,1636,The Piano Tuner,nb:Lower East Side,inferred,a blind tuner working a tenement upright fits the Lower East Side
1639,1639,The Yemeni Coffee House,nb:Bay Ridge,inferred,a midnight Yemeni coffee house fits Bay Ridge's Yemeni community
1644,1644,The Giglio Lift,nb:Williamsburg,stated,"giglio feast lift with band, the Williamsburg tradition"
1645,1645,The Lion Dance,nb:Chinatown,inferred,a lunar new year lion dance snatching lettuce fits Chinatown
1647,1647,The Eid Carnival,nb:Jamaica,inferred,a mosque parking lot Eid carnival fits Jamaica's large Muslim community
1648,1648,The Nowruz Fire,nb:Forest Hills,inferred,a Nowruz fire jumping ceremony fits Forest Hills' Persian community
1649,1649,The Ofrenda,nb:Sunset Park,inferred,a marigold ofrenda fits Sunset Park's Mexican community
1650,1650,The Parranda,key:el_barrio,inferred,a midnight parranda fits El Barrio's Puerto Rican tradition
1651,1651,The Watch Night,nb:Harlem,inferred,a Watch Night service fits Harlem's historic Black churches
1652,1652,The Menorah Motorcade,key:eastern_pkwy,stated,rooftop menorahs parade down the boulevard on the ninth night
1653,1653,The Class Hamster,key:ditmas,inferred,a class hamster weekend handoff spreads the map to Ditmas Park
1654,1654,Picture Day,nb:Great Kills,inferred,a school gym picture day spreads the map to Great Kills
1655,1655,The Lunch Trade,nb:Woodside,inferred,a cafeteria lunch trade spreads the map to Woodside
1656,1656,The Volcano,nb:Flushing,inferred,a science fair volcano spreads the map to Flushing
1657,1657,The Book Fair,nb:Sunset Park,inferred,a school book fair spreads the map to Sunset Park
1658,1658,The Cap Toss,key:yankee_stadium,inferred,a stadium field cap toss fits a graduation held at Yankee Stadium
1659,1659,The Candle Lighting,nb:Borough Park,inferred,thirteen candle tributes fit a Borough Park bar mitzvah hall
1660,1660,The Communion Sunday,nb:Washington Heights,inferred,a stoop first communion with abuela fits Washington Heights
1661,1661,The First Recital,nb:Corona,inferred,a community hall piano recital spreads the map to Corona
1662,1662,The Anniversary Slice,nb:Carroll Gardens,inferred,an annual pizzeria counter tradition fits Carroll Gardens
1663,1663,The Dish Pit,nb:Flushing,inferred,a restaurant dish pit at full steam spreads the map to Flushing
1664,1664,The Line at 8pm,nb:East Village,inferred,a dinner peak expo line fits East Village's dense restaurant blocks
1665,1665,The Family Meal,nb:Lower East Side,inferred,a staff family meal before doors open fits a Lower East Side kitchen
1666,1666,The Saturday Kitchen,nb:Park Slope,inferred,a Saturday morning kitchen scene fits a Park Slope brownstone
1667,1667,The Hallway Menu,nb:Inwood,inferred,a stairwell of drifting dinner smells fits an Inwood walkup
1668,1668,The Giant Scissors,nb:Flushing,inferred,a giant scissors ribbon cutting spreads the map to Flushing
1669,1669,The Wednesday Pull List,key:union_sq,inferred,a new comics pull list fits a Union Square area comic shop
1671,1671,The Playoff Beard,nb:Woodside,inferred,a playoff beard sports bar vigil spreads the map to Woodside
1673,1673,The Silent Disco,key:prospect_park,inferred,a lawn of silent disco dancers fits Prospect Park's regular events
1674,1674,The Booze Cruise,key:ny_harbor,stated,harbor party boat deck with the skyline sliding past
1675,1675,The Museum After Dark,key:bk_museum,stated,a DJ among mummies and a Calder names the Brooklyn Museum's First Saturdays
1676,1676,The Electric Slide,nb:Bedford-Stuyvesant,inferred,a cookout electric slide fits Bed-Stuy's block party culture
1677,1677,The Birthday Sash,key:subway_system,stated,birthday queen leads her court onto the express train
1678,1678,The World Cup Morning,nb:Astoria,inferred,a bar of every nation's jersey fits Astoria's soccer bar culture
1679,1679,The Scavenger Hunt,nb:Greenwich Village,inferred,a midnight gargoyle and ghost sign hunt fits Greenwich Village's old architecture
1680,1680,The Brass Plaque,nb:East Village,inferred,a dive bar corner stool plaque fits an East Village bar
1681,1681,The Closing Singalong,key:alphabet_city,inferred,a last call singalong fits an Alphabet City bar
1682,1682,The Video Store Clerk,key:st_marks,inferred,the last video store oracle recalls Kim's Video on St. Marks Place
1683,1683,The Mattress Walk,nb:Sunnyside,inferred,a mattress walked eight blocks spreads the map to Sunnyside
1685,1685,The Bridge Walk Date,key:brooklyn_bridge,inferred,a dusk crossing on a second date fits the classic Brooklyn Bridge walk
1686,1686,The Fire Escape Proposal,nb:Astoria,inferred,a fire escape proposal watched window by window spreads the map to Astoria
1687,1687,The Jacket Twenty,nb:Ridgewood,inferred,a found twenty in an old coat spreads the map to Ridgewood
1688,1688,The Miracle Spot,nb:Bay Ridge,inferred,a two day untouched parking spot fits Bay Ridge's alternate side culture
1689,1689,The Green Wave,key:broadway,inferred,twenty caught greens ties directly to the light timer's Broadway wave
1690,1690,The Empty Laundromat,nb:Tottenville,inferred,an empty Sunday laundromat spreads the map to Tottenville
1692,1692,The Barback,nb:East Village,inferred,a barback running a packed rush fits an East Village bar
1693,1693,The Extra Hour,nb:Woodside,inferred,a diner full at the fall back hour spreads the map to Woodside
1694,1694,The Manhunt Game,nb:New Dorp,inferred,a twilight backyard manhunt fits New Dorp's yards on Staten Island
1695,1695,The Streetlight Rules,nb:Bensonhurst,inferred,streetlights ending the block's games spreads the map to Bensonhurst
1696,1696,The Refrigerator Box,nb:Corona,inferred,a refrigerator box castle spreads the map to Corona
1697,1697,The First Ride,nb:Forest Hills,inferred,a first bike ride without training wheels spreads the map to Forest Hills
1698,1698,The Report Card Dollar,nb:Washington Heights,inferred,a bodega owner's dollar per A fits a Washington Heights corner store
1699,1699,The Block Mom,nb:Bedford-Stuyvesant,inferred,a stoop block mom feeding every kid fits Bed-Stuy's stoop culture
1700,1700,The Old Timers Day,nb:Harlem,inferred,an annual block reunion of every era fits Harlem's rowhouse blocks
1701,1701,The Hand Me Down,nb:Astoria,inferred,a bike passed through four owners spreads the map to Astoria
1702,1702,The Stoopball League,nb:Park Slope,inferred,a stoopball championship dive fits a Park Slope brownstone stoop
1703,1703,The Crate Derby,nb:Riverdale,inferred,a milk crate go kart hill race fits hilly Riverdale streets
1704,1704,The Bag Kite,nb:Sunset Park,inferred,a plastic bag kite off a rooftop spreads the map to Sunset Park
1705,1705,The Tin Can Phone,nb:Lower East Side,inferred,a tin can phone across an airshaft fits Lower East Side tenements
1706,1706,The Snow Day Ritual,nb:Woodside,inferred,a snow day superstition ritual spreads the map to Woodside
1707,1707,The Sun Shower,nb:Corona,inferred,a schoolyard sun shower rainbow spreads the map to Corona
1709,1709,The Sidewalk Egg,nb:Bensonhurst,inferred,a hundred degree sidewalk egg stunt spreads the map to Bensonhurst
1710,1710,The Last Bounce,key:rucker,inferred,a lone dusk shooter and a chain net rattle fits Rucker Park
1711,1711,The Company Clean,nb:Jamaica,inferred,a family's twenty minute company clean spreads the map to Jamaica
1712,1712,The Stoop Apology,nb:Ridgewood,inferred,a raised boombox apology below a window spreads the map to Ridgewood
1713,1713,The Window Watcher's Wave,nb:Bedford-Stuyvesant,inferred,the block's watching grandmother finally waving fits Bed-Stuy's stoop life
1716,1716,The Pickle Barrel Man,key:essex_st,inferred,a forearm deep sour barrel man fits the historic Essex Street pickle shops
1717,1717,The Balloon Twister,key:central_park,inferred,a balloon animal builder by a fountain fits Central Park's street performers
1718,1718,The Polaroid Man,nb:Corona,inferred,a quinceanera Polaroid vendor fits Corona's Latino celebration culture
1719,1719,The Bounce House,nb:East New York,inferred,a closed block bounce house party spreads the map to East New York
1720,1720,The Man With a Van,nb:Port Richmond,inferred,the legendary man with a van spreads the map to Port Richmond
1721,1721,The Tree Man,nb:Park Slope,inferred,a sidewalk Christmas tree seller fits Park Slope's brownstone blocks
1722,1722,The Sign Spinner,nb:Flushing,inferred,a sign spinner working a storefront spreads the map to Flushing
1723,1723,The Flower Bike,key:28th_st,inferred,a bike buried in wedding flowers fits the Flower District
1724,1724,The Melting Deadline,nb:Midtown,inferred,an ice swan racing across town fits a Midtown catering circuit
1725,1725,The Art Handlers,nb:Chelsea,inferred,a crated masterpiece hoisted by crane fits Chelsea's gallery buildings
1726,1726,The Location Scout,nb:Tribeca,inferred,a scout cataloguing perfect light apartments fits Tribeca's loft stock
1727,1727,The Mango Lady's Daughter,nb:Jackson Heights,inferred,a flower cart passed to a daughter spreads the map to Jackson Heights
1729,1729,The Canner's Cathedral,nb:Chinatown,inferred,a golden hour redemption center haul spreads the map to Chinatown
1730,1730,The Reply,key:subway_system,stated,poster taped on the platform where two trains erased a question
1732,1732,The Lease Signing,nb:Astoria,inferred,a forty seven page lease signing spreads the map to Astoria
1733,1733,The Initiation,key:subway_system,stated,transplant's first track rat sighting on the platform
1734,1734,The Nickname,nb:Soundview,inferred,a bodega owner's first use of a nickname spreads the map to Soundview
1735,1735,The Cat Custody,nb:Bushwick,inferred,roommates drafting cat custody spreads the map to Bushwick
1737,1737,The Callback,nb:Long Island City,inferred,a callback taken on a loading dock fits Long Island City's industrial jobs
1738,1738,The Rejection Wall,nb:Tremont,inferred,a wall of rejection letters spreads the map to Tremont
1739,1739,The First Byline,nb:Midtown,inferred,a 6am newsstand byline read aloud fits a Midtown news vendor
1740,1740,The Red Dot,nb:Chelsea,inferred,a red dot beside a sold painting fits Chelsea's gallery walls
1741,1741,The Trip Home,nb:Astoria,inferred,a transplant loving two places fits Astoria as the missed New York home
1744,1744,The Reclaimed Name,nb:Jackson Heights,inferred,a barista using a reclaimed real name fits Jackson Heights' immigrant community
1745,1745,The Interview,key:wall_street,inferred,marble lobby elevator nerves before an interview fits a Wall Street firm
1746,1746,The Arrivals Gate,key:jfk,stated,international arrivals gate reunites a grandmother and grandchild
1747,1747,The Last Box,nb:Bushwick,inferred,a final moving box opened two years late spreads the map to Bushwick
1748,1748,The Empty Echo,nb:Pelham Bay,inferred,a first night echoing in an empty apartment spreads the map to Pelham Bay
1749,1749,The Old Key,nb:East Village,inferred,an old key still working in the vestibule fits an East Village walkup
1751,1751,The Stereoscope,nb:Brooklyn Heights,inferred,a parlor stereoscope of vanished streets fits a Brooklyn Heights brownstone
1753,1753,The Pepper's Ghost,key:broadway,inferred,a Victorian stage illusion belongs to the Theater District
1755,1755,The Daguerreotype,key:bowery,inferred,early daguerreotype galleries lined the Bowery
1756,1756,The Spirit Photographer,key:union_sq,inferred,Union Square's old Photographer's Row suits a spirit photographer
1757,1757,The Automaton,nb:Tribeca,inferred,Barnum era exhibition halls clustered near lower Broadway
1758,1758,The Escape Artist,nb:Midtown,inferred,a packed intersection stunt fits Midtown's crowds
1759,1759,The Human Fly,key:canyon_heroes,inferred,ticker tape starting early points to the Canyon of Heroes
1761,1761,The Dance Marathon,key:coney,inferred,depression era dance marathons were staged at Coney Island halls
1764,1764,The Ice Harvest,key:hudson_river,stated,men saw ice blocks from the frozen Hudson
1765,1765,The Lagering Caves,boro:Brooklyn,stated,"lagering caves deep under Brooklyn, no venue named"
1770,1770,The Elevator Girls,key:herald_sq2,inferred,grand department stores with elevator girls anchor to Herald Square
1771,1771,The Radio Serial,nb:Ridgewood,inferred,a 1940s living room radio hour fits an ordinary outer borough home
1772,1772,The Antenna Dance,nb:Bay Ridge,inferred,"a household TV ritual is generic, set in a classic Bay Ridge block"
1773,1773,The Projectionist,key:broadway,inferred,old movie palaces clustered in the Theater District
1774,1774,The Ragman's Call,nb:Lower East Side,inferred,the ragman's cry belongs to the old peddler streets there
1775,1775,The Hot Corn Girl,key:bowery,inferred,1850s theater crowds were the Bowery's own
1776,1776,The Sailor's Homecoming,key:times_square,stated,victory day in the square with a blizzard of confetti
1777,1777,The Victory Garden,nb:Midtown,inferred,office workers hoeing a rooftop garden fits a Midtown tower
1779,1779,The Paramount Screamers,key:times_square,stated,bobby soxer riot at the Paramount theater
1780,1780,The Millennium Eve,key:times_square,stated,two million people in the square for the number rolling over
1781,1781,The Last Token,key:subway_system,stated,final subway token sold at a downtown booth
1782,1782,The Last Checker,key:transit_museum,inferred,the last checker cab gliding toward the museum names its ending
1786,1786,The Buff,key:subway_system,stated,the yard where painted trains went white
1788,1788,The One Hour Photo,nb:Forest Hills,inferred,"a one hour photo counter is an ordinary drugstore, set in Queens"
1789,1789,The Radio Dedication,nb:Concourse,stated,the dedication reaches a Bronx window on the Grand Concourse
1791,1791,The Topping Out,key:hudson_yards,inferred,a modern topping out ceremony suits Hudson Yards towers
1792,1792,The 50 Year Pin,nb:Long Island City,inferred,union halls historically clustered in this industrial waterfront
1793,1793,The Restorer,key:grand_central,inferred,the restored ceiling with cherubs recalls Grand Central's mural
1794,1794,The Change Ringers,nb:Financial District,inferred,Trinity Church's bells near Wall Street ring change patterns
1795,1795,The Model Maker,key:queens_museum,stated,"model maker placing a brownstone into the great panorama, the Queens Museum Panorama of the City"
1797,1797,The Luthier,nb:Greenwich Village,inferred,violin making workshops cluster in the Village's old lofts
1798,1798,The Steeplejack,nb:Park Slope,inferred,brownstone parish steeples like Park Slope's suit a steeplejack
1799,1799,The Chimney Sweep,nb:Lower East Side,inferred,tenement rooflines are classic Lower East Side
1800,1800,The Royal Wedding,key:brooklyn_bridge,inferred,the rat and pigeon court gathers beneath the Brooklyn Bridge
1801,1801,The Kite Battle,nb:Jackson Heights,inferred,rooftop kite fighting is a Jackson Heights tradition
1804,1804,The Fold,key:lombardi,inferred,the classic pizza fold traces to Lombardi's counter
1806,1806,The Egg Tart,key:chinatown_m,inferred,egg tarts are a Chinatown bakery staple
1807,1807,The Spaldeen,nb:Bedford-Stuyvesant,inferred,stickball and stoopball with a spaldeen are Bed-Stuy stoop culture
1808,1808,The Hydrant Wrench,nb:Mott Haven,inferred,hydrant culture in a South Bronx block passing down the wrench
1809,1809,The Chained Pen,nb:Sunset Park,inferred,an ordinary neighbourhood bank branch counter
1810,1810,The Penny Dish,nb:Ridgewood,inferred,a penny dish sits at an ordinary corner store register
1811,1811,The Fortune Scale,key:coney,inferred,antique fortune scales are Coney Island boardwalk fixtures
1812,1812,The Photo Booth,nb:East Village,inferred,dive bar photo booths are an East Village fixture
1813,1813,The Razor Slot,nb:Upper West Side,inferred,prewar medicine cabinets with razor slots are classic there
1814,1814,The Ice Card,nb:Greenpoint,inferred,ice delivery culture suits an old Greenpoint tenement block
1815,1815,The Milk Door,nb:Carroll Gardens,inferred,milk doors survive in old Carroll Gardens rowhouses
1816,1816,The Boot Scraper,nb:Brooklyn Heights,inferred,1840s stoops with boot scrapers are landmarked in Brooklyn Heights
1817,1817,The Star Bolts,nb:SoHo,inferred,structural star bolts are common on SoHo's cast iron facades
1818,1818,The Shade Silhouette,nb:Washington Heights,inferred,"a lit window silhouette is generic, set in an uptown block"
1819,1819,The Laundry Code,nb:East Harlem,inferred,airshaft clotheslines threading tenements is an East Harlem scene
1820,1820,The Drip Garden,nb:Astoria,inferred,"an AC drip garden could be any block, set in Astoria"
1821,1821,The Rearview Rosary,nb:Long Island City,inferred,cab garages dispatching citywide fares cluster in Long Island City
1822,1822,The Bag of Bags,nb:Sunnyside,inferred,"an ordinary kitchen cabinet ritual, set in Sunnyside"
1823,1823,The Good Scissors,key:ditmas,inferred,"a household drawer ritual, set in a Ditmas Park home"
1824,1824,The Fridge Door,nb:Elmhurst,inferred,"a family fridge gallery, set in an Elmhurst apartment"
1825,1825,The Answering Machine,nb:Park Slope,inferred,"a saved 1994 answering machine tape, set in a Park Slope home"
1826,1826,The Mixtape,nb:Flatbush,inferred,"a mixtape made at a bedroom radio, set in Flatbush"
1827,1827,The Beeper Code,nb:Crown Heights,inferred,beeper era courtship on a stoop fits Crown Heights
1828,1828,The Durag,nb:Harlem,inferred,durag culture and stoop royalty read as Harlem
1829,1829,The Paper Church Fan,nb:Bedford-Stuyvesant,inferred,paper church fans in a July service are classic Bed-Stuy
1831,1831,The Morning Gates,nb:Jamaica,inferred,"roll gates rising down a commercial strip, set in Jamaica"
1832,1832,The Flaco Mural,nb:Upper West Side,stated,"memorial mural for Flaco the owl, who lived and died on the Upper West Side"
1833,1833,The Found Cat,nb:Woodside,inferred,"a lamppost flyer culture scene, set in Woodside"
1834,1834,The Wall of Firsts,nb:Inwood,inferred,"a bodega wall of firsts, set in an Inwood corner store"
1835,1835,The Doorframe Marks,nb:Kingsbridge,inferred,"a family kitchen doorframe, set in a Kingsbridge apartment"
1836,1836,The Recipe Card,nb:Corona,inferred,"a grandmother's recipe card kitchen, set in Corona"
1837,1837,The Fake Bodega,nb:Greenpoint,inferred,film set dressing crews cluster around Greenpoint's studios
1838,1838,The Background,nb:Tribeca,inferred,film shoots closing a street for extras are common in Tribeca
1839,1839,The Car Elevator,nb:Midtown,inferred,stacked car elevator garages are common in dense Midtown
1856,1856,The Buttermilk Channel,key:red_hook_b,stated,farmers walking cows to Brooklyn at low tide describes the real Buttermilk Channel by Red Hook
1860,1860,The Last Gas Station,nb:Hell's Kitchen,stated,Manhattan's last gas station sits near the West Side highway there
1862,1862,The Ice Storm,nb:Riverdale,inferred,"an ice glazed residential block, set in leafy Riverdale"
1863,1863,The Gallery of Everyone,nb:Bushwick,inferred,a neighbourhood portrait gallery fits Bushwick's storefront art scene
1865,1865,The Painter of New Yorkers,nb:Williamsburg,inferred,a rooftop with the skyline view suits Williamsburg's waterfront
1866,1866,The Collector,key:whitney,inferred,a vast portrait gallery reads as a major museum like the Whitney
1869,1869,The Gates,key:central_park,stated,seven thousand saffron gates winding winter park paths is Christo's Gates in Central Park
1871,1871,The Concert in the Park,key:central_park,stated,half a million on one lawn at dusk is the Simon and Garfunkel Central Park concert
1873,1873,The Midnight Sculpture,key:wall_street,stated,a bronze bull installed by night outside the exchange is the Wall Street Charging Bull
1875,1875,The Sticky Note Wall,key:union_sq,stated,a subway passage of sticky notes between strangers is the Union Square Subway Therapy wall
1876,1876,The Sketch in the Taxi,key:madison_ave,inferred,the logo's sketch in a taxi lore ties to the Madison Avenue ad world
1877,1877,The First Marathon,key:central_park,stated,"1970, 127 runners looping the park is the first NYC Marathon held entirely in Central Park"
1879,1879,The Pillow Fight,key:union_sq,stated,the annual pillow fight in the square is Union Square's International Pillow Fight Day
1881,1881,The Midnight Run,key:central_park,stated,new year's midnight race through the park under fireworks is the Central Park Midnight Run
1882,1882,The Confetti Test,key:times_square,stated,"engineers test confetti drop over the square before New Year's Eve, a real Times Square tradition"
1883,1883,The Schmear Crisis,key:russ,inferred,a cream cheese shortage crisis suits Russ and Daughters' counter
1884,1884,The Slice War,key:st_marks,stated,two pizzerias undercutting to 75 cents matches the real St. Marks Place dollar slice price war
1885,1885,The Pizza Principle,key:wall_street,inferred,the economic law pairs pizza with tokens near Wall Street's economists
1886,1886,The Dining Shed,nb:East Village,inferred,pandemic dining sheds were dense in the East Village
1888,1888,The New Train Smell,key:subway_system,stated,"riders walk the new open gangway train's length, a subway feature with no line or station named"
1891,1891,The Pencil Shadow,key:central_park,stated,the thin pencil tower's mile long shadow crosses the park as picnickers migrate with the light
1892,1892,The Congestion Zone,nb:Midtown,stated,the toll gantry marks the congestion zone boundary in Midtown
1893,1893,The Miracle Season,key:shea,stated,"the impossible 1969 season is the Miracle Mets, fans pouring over the outfield walls"
1895,1895,The Waterline,nb:Rockaway Beach,inferred,Sandy's flood line and stairwell rebuild evokes the hard hit Rockaways
1896,1896,The Eruv,nb:Upper West Side,stated,the Manhattan eruv matters most to the Upper West Side's community
1899,1899,The Overheard,nb:Midtown,inferred,the mix of fur coats and hard hats overheard reads as Midtown
1902,1902,The Lost Deli Ticket,key:katzs,stated,the famous deli's lost ticket dread matches Katz's Delicatessen's take a ticket system
1903,1903,The Bodega Cat Inspection,nb:East New York,inferred,"an ordinary bodega health inspection, set in East New York"
1904,1904,The Runway Turtles,key:jfk,stated,diamondback terrapins crossing the runway as jets hold short is the real JFK nesting closure
1906,1906,The Squirrel Census,key:central_park,stated,volunteers counting every squirrel in the park matches the real Central Park Squirrel Census
1908,1908,The Bird Count,key:central_park,inferred,the Christmas Bird Count famously sweeps Central Park
1909,1909,The Loose Zebras,nb:Great Kills,stated,a suburban escaped animal chase fits Staten Island's Great Kills
1910,1910,The Runaway Bull,key:belt_pkwy,inferred,a runaway bull loose on the Belt Parkway fits real Brooklyn incidents
1911,1911,The K9 Retirement,key:jfk,inferred,bomb sniffing K9 units retire from posts like JFK Airport
1912,1912,The Lion Bath,key:nypl,stated,the library lion Patience getting his mane shampooed names the New York Public Library
1913,1913,The Groundhog Ceremony,key:si_zoo,stated,the mayor's groundhog ceremony at the zoo matches the real Staten Island Zoo tradition
1914,1914,The City Falconer,nb:Midtown,inferred,falconers clear pigeons from Midtown's glass office plazas
1915,1915,The Green Line,key:fifth_ave,stated,the avenue's stripe painted green for a 260 year parade is the Fifth Avenue St. Patrick's route
1916,1916,The African American Day Parade,nb:Harlem,stated,the September African American Day Parade rolls up the boulevard through Harlem
1917,1917,The Sikh Day Parade,key:madison_ave,stated,the nagar kirtan flowing down the avenue matches the real Sikh Day Parade route on Madison Avenue
1918,1918,The Viking Parade,nb:Bay Ridge,stated,the seventeenth of May parade in far south Brooklyn is the Norwegian parade in Bay Ridge
1919,1919,The Cross Dive,nb:Astoria,inferred,the epiphany cross dive is an Astoria Greek Orthodox tradition
1920,1920,The Blessing of the Fleet,key:city_island,inferred,the blessing of the fishing fleet is a City Island tradition
1921,1921,The Via Crucis,nb:Corona,inferred,a Good Friday procession past bodegas fits Corona's community
1922,1922,The Shofar in the Park,key:central_park,stated,"the shofar sounds across the meadow and lake, matching Central Park's Sheep Meadow and Lake"
1923,1923,The Sukkah Season,nb:Borough Park,inferred,sukkahs blooming on fire escapes are a Borough Park Sukkot scene
1924,1924,The Tashlich,nb:Williamsburg,inferred,tashlich at the river rail suits Williamsburg's Hasidic community
1926,1926,The Lotus Lanterns,nb:Flushing,inferred,Buddha's birthday lanterns fill Flushing's temple courtyards
1927,1927,The Kwanzaa Kinara,nb:Harlem,inferred,a kinara lit in a brownstone window is a Harlem scene
1928,1928,The Dominican Day Parade,key:grand_concourse,inferred,the Dominican Day Parade rolls down the Grand Concourse
1929,1929,The Juneteenth Cookout,nb:St. Albans,inferred,a Juneteenth cookout in the park fits St. Albans' community
1930,1930,The Powwow,key:inwood_park,stated,the island powwow with drums and dancers matches the real Drums Along the Hudson festival
1931,1931,The Valentine,key:subway_system,stated,"roses in deli plastic riding trains in every direction, a generic subway with no line named"
1932,1932,The Mother's Day,key:sugar_hill,inferred,Mother's Day brunch flowers moving uptown evoke Sugar Hill's avenues
1933,1933,The 60 Year Prom Date,nb:Windsor Terrace,inferred,a decades later stoop recreation fits a classic Brooklyn block
1934,1934,The Hospital Serenade,key:bellevue,inferred,a sidewalk serenade under a hospital window suits Bellevue
1935,1935,The Wrong Number Friends,nb:Bay Ridge,inferred,an old school diner reunion fits a Bay Ridge diner
1936,1936,The Memorial Bench,key:prospect_park,inferred,a memorial bench with a chosen view suits Prospect Park
1937,1937,The Shirt Off His Back,key:subway_system,stated,"a subway rider gives his shirt to a stranger as the whole car watches, no line named"
1939,1939,The Human Chain,key:coney,inferred,a rip current rescue chain is a Coney Island beach scene
1941,1941,The Ring in the Grate,nb:Chelsea,inferred,"a dropped ring down a sidewalk grate, set in Chelsea"
1942,1942,The Violin in the Cab,key:lincoln_center,inferred,a returned violin belongs to a Lincoln Center maestro's story
1943,1943,The First Solo Ride,key:subway_system,stated,"a kid's first solo subway trip, a generic subway with no line or station named"
1944,1944,The Working Papers,nb:Canarsie,inferred,working papers issued outside a neighbourhood school in Canarsie
1945,1945,The First Paycheck,nb:Morrisania,inferred,"a first paycheck cashed at the corner bodega, set in Morrisania"
1946,1946,The Big Envelope,nb:Prospect Lefferts Gardens,inferred,a college acceptance scream from a third floor window there
1947,1947,The Early Bird,nb:Sheepshead Bay,inferred,an early bird senior diner crowd fits Sheepshead Bay
1948,1948,The Heartbreak Walk,nb:Greenpoint,inferred,a night walk past bridge lights suits Greenpoint's river blocks
1949,1949,The Bodega Tab,nb:University Heights,inferred,"a bodega tab extended on trust, set in University Heights"
1950,1950,The Solo Matinee,nb:Forest Hills,inferred,"a weekday matinee alone in a balcony, set in a Forest Hills theater"
1951,1951,The Quiet Storm DJ,nb:Midtown,inferred,the late night radio studio broadcasting to all boroughs sits in Midtown
1952,1952,The Cemetery Watchman,key:greenwood,stated,the great cemetery's gate parakeets match Green-Wood's famous wild flock
1953,1953,The Night Court,key:foley_sq,inferred,night arraignments happen in the Foley Square courthouse
1954,1954,The Railroad Flat,nb:East Village,inferred,the classic railroad flat layout is East Village tenement stock
1956,1956,The Flex Wall,nb:Bushwick,inferred,flex walls dividing bedrooms are common in shared Bushwick apartments
1957,1957,The Seven Wallpapers,nb:Fort Greene,inferred,"a renovation peeling decades of wallpaper, set in a Fort Greene brownstone"
1958,1958,The Insulation News,nb:Middle Village,inferred,"an old newspaper found in the wall, set in a Middle Village rowhouse"
1960,1960,The Susu,nb:Flatbush,inferred,the susu rotating savings circle is a Caribbean tradition in Flatbush
1961,1961,The And Daughters,nb:Bay Ridge,inferred,"a generations old shop sign succession, set in Bay Ridge"
1962,1962,The Free Advice Table,nb:Woodhaven,inferred,"a folding advice table on the corner, set in Woodhaven"
1963,1963,The Newspaper Boxes,nb:Astoria,inferred,"faded newspaper boxes chained on a corner, set in Astoria"
1964,1964,The Doctor Train,key:subway_system,stated,the diagnostic train gliding the rails with no line or station named
1965,1965,The Spark Train,key:subway_system,stated,a rail grinder sparking through an unnamed subway tunnel
1966,1966,The Planespotters,key:jamaica_bay,stated,lawn chairs at the bay's edge under the flight path spotting jets
1967,1967,The First Teddy Bear,boro:Brooklyn,stated,"a Brooklyn candy shop couple sewed the first teddy bear, no neighbourhood named"
1968,1968,The First Air Conditioner,boro:Brooklyn,stated,"a 1902 Brooklyn printing plant, no specific address given"
1969,1969,The First Charge Card,key:grand_central,stated,the forgotten wallet dinner behind the Diners Club card happened near Grand Central
1970,1970,The First Chewing Gum,key:south_st_seaport,inferred,Adams's downtown chicle workshop was near the old seaport waterfront
1971,1971,The Letter Tiles,nb:Jackson Heights,stated,Scrabble's inventor Alfred Butts worked from his home in Jackson Heights
1972,1972,The Baked Alaska,nb:Gramercy,stated,Baked Alaska debuted at Delmonico's near Madison Square in Gramercy
1973,1973,The Eggs Benedict,key:empire_state,inferred,the 1894 eggs benedict hotel origin points to the old Waldorf site there
1974,1974,The Red Snapper,key:fifth_ave,inferred,the Red Snapper name for the Bloody Mary was coined at the St Regis
1975,1975,The Reuben Question,nb:Midtown,inferred,the Reuben's NYC origin claim centers on a Midtown delicatessen
1976,1976,The Cheesecake,key:junior_s,inferred,the definitive New York cheesecake slice is Junior's own
1977,1977,One in the Morning,nb:Hell's Kitchen,inferred,1am's after theater diner crowd suits Hell's Kitchen
1978,1978,Two in the Morning,nb:Ridgewood,inferred,"2am stoop talks and bodega glow, set in Ridgewood"
1979,1979,Three in the Morning,nb:Inwood,inferred,"3am bakers and night shift nurses trading places, set in Inwood"
1981,1981,Five in the Morning,nb:Corona,inferred,5am tamale carts are a Corona morning fixture
1982,1982,Six in the Morning,key:dumbo,inferred,6am runners owning the bridges suggests DUMBO's waterfront
1983,1983,Seven in the Morning,nb:Bayside,inferred,"7am school buses and express platforms, set in Bayside"
1984,1984,Eight in the Morning,nb:Midtown,inferred,peak rush hour choreography is Midtown's office towers
1985,1985,Nine in the Morning,key:wall_street,inferred,the opening bell markets place this at Wall Street
1986,1986,Ten in the Morning,key:amnh,inferred,school trips at opening time suggest the Natural History Museum
1987,1987,Eleven in the Morning,nb:Kew Gardens,inferred,"prep kitchens and playgrounds at late morning, set in Kew Gardens"
1988,1988,Noon,key:bryant,inferred,noon food cart lines and plaza lunches fill Bryant Park
1989,1989,One in the Afternoon,key:washington_sq,inferred,afternoon chess tables at full clock are Washington Square Park's
1990,1990,Two in the Afternoon,nb:Park Slope,inferred,stroller filled cafe shade at naptime is classic Park Slope
1991,1991,Three in the Afternoon,nb:Sunset Park,inferred,"school dismissal and bodega candy rush, set in Sunset Park"
1992,1992,Four in the Afternoon,nb:Chinatown,inferred,the shift change family meal at back tables fits Chinatown's restaurants
1993,1993,Five in the Afternoon,nb:Financial District,inferred,the evening reverse commute tide surges from the Financial District
1994,1994,Six in the Evening,nb:Prospect Heights,inferred,"golden hour stoop filling avenues, set in Prospect Heights"
1995,1995,Seven in the Evening,nb:Morningside Heights,inferred,"dinner steam rising through airshafts at dusk, set uptown"
1996,1996,Eight in the Evening,key:broadway,stated,curtains rising in forty theaters points to the Broadway theater district
1997,1997,Nine at Night,nb:Upper West Side,inferred,dog walkers on last patrol under a lit skyline there
1998,1998,Ten at Night,nb:East Village,inferred,closing kitchens and opening bars define the East Village night
1999,1999,Eleven at Night,key:broadway,inferred,curtain call encores at 11pm belong to the Theater District
2000,2000,Midnight,key:times_square,inferred,midnight's citywide hinge is best anchored at Times Square
2001,2001,January in New York,nb:Murray Hill,inferred,"a January cold snap scene, set in Murray Hill"
2002,2002,February in New York,nb:Astoria,inferred,"February's short weeks scene, set in Astoria"
2003,2003,March in New York,nb:Woodside,inferred,"false springs and stoop testing, set in Woodside"
2004,2004,April in New York,key:bbg,inferred,cherry petals evoke the Brooklyn Botanic Garden's blossoms
2005,2005,May in New York,nb:Bushwick,inferred,"May's stoop season and hydrant talk, set in Bushwick"
2006,2006,June in New York,nb:West Village,inferred,June's pride flags point to the West Village
2007,2007,July in New York,key:mott_haven_b,inferred,open hydrants and claimed rooftops evoke the South Bronx summer
2008,2008,August in New York,nb:Bensonhurst,inferred,August's tar beach rooftops are classic Bensonhurst
2009,2009,September in New York,key:columbia,inferred,new sneakers and scholarly light suit Columbia's campus season
2010,2010,October in New York,key:central_park,inferred,marathoners tapering points to Central Park's finish line
2011,2011,November in New York,nb:Upper West Side,stated,parade balloons sleeping under nets is the Macy's inflation near the Museum of Natural History
2012,2012,December in New York,key:rock_center,inferred,December's tree lots and window lights peak at Rockefeller Center
2013,2013,The Wolf Moon,key:central_park,stated,the frozen reservoir and silvered running path is the Central Park Reservoir
2015,2015,The Worm Moon,key:van_cortlandt_p,inferred,March's worm moon over softening park soil suits Van Cortlandt Park
2016,2016,The Pink Moon,key:fort_greene_park,inferred,April's pink moon over flowering trees fits Fort Greene Park
2017,2017,The Flower Moon,nb:East Village,inferred,May's flower moon over community gardens suits the East Village's plots
2019,2019,The Buck Moon,key:inwood_park,stated,the island's last forest above the trains is Inwood Hill Park
2024,2024,The Cold Moon,key:empire_state,inferred,the cold moon's highest arc crowns the Empire State Building's silhouette
2025,2025,The New York Spring,key:fifth_ave,inferred,spring striding up the avenues is anchored to Fifth Avenue
2026,2026,The New York Summer,key:triboro,inferred,summer lounging across all boroughs centers on the Triborough crossing
2027,2027,The New York Autumn,key:central_park,inferred,autumn crossing the park in a leaf coat is Central Park itself
2028,2028,The New York Winter,key:ny_harbor,stated,"winter arrives by harbor fog, naming New York Harbor"
2029,2029,The Steam,key:lex_ave,inferred,the iconic steam grates rising citywide are epitomized on Lexington Avenue
2030,2030,The Steel,key:brooklyn_bridge,inferred,steel as skeleton is best shown at the Brooklyn Bridge
2031,2031,The Glass,key:wtc,inferred,a million reflective windows evokes the glass towers around One World Trade
2032,2032,The Brick,nb:Lower East Side,inferred,tenement brick aging through sunsets is the Lower East Side's material
2033,2033,The Asphalt,key:fdr,inferred,the asphalt river metaphor fits the FDR Drive
2034,2034,The Concrete,nb:Bay Ridge,inferred,"sidewalks holding initials and glitter, set in Bay Ridge"
2036,2036,The Bedrock,nb:Midtown,stated,"Manhattan schist runs deepest under Midtown, letting towers rise tallest"
2037,2037,The Cobblestone,key:meatpacking,inferred,Belgian block cobblestones surfacing through asphalt define this district
2038,2038,The Neon,key:times_square,inferred,neon's pulse made visible is Times Square's own
2039,2039,The Gilded Dusk,key:bowery,inferred,pushcarts and tenements trading shadows with mansions is the Bowery's mix
2041,2041,The Jazz Age,nb:Harlem,inferred,1920s speakeasies and jazz sprinting upward evoke Harlem's clubs
2042,2042,The Hard Times,key:bowery,inferred,Depression breadlines were a fixture of the Bowery
2044,2044,The Boom Years,nb:Rego Park,inferred,"1950s chrome diners and new towers rising, set in Rego Park"
2046,2046,The Seventies,key:subway_system,stated,the trains ran painted like dragons describes the graffiti era subway
2047,2047,The Eighties,nb:SoHo,inferred,1980s downtown galleries in old storefronts define SoHo
2048,2048,The Nineties,key:central_park,inferred,1990s park summers are Central Park's own
2049,2049,The Two Thousands,key:wtc,inferred,candles and returning cranes in the 2000s point to Ground Zero
2051,2051,The Twenty Twenties,nb:East Village,inferred,balcony applause and dining sheds define the 2020s East Village
2061,2061,Dreamland,key:coney,stated,lost Dreamland amusement park that burned in 1911 stood at Coney Island
2063,2063,The Golden Diana,key:madison_sq_park,stated,the Diana weathervane topped the old Madison Square Garden tower on Madison Square
2065,2065,Gotham,nb:Greenwich Village,inferred,"Washington Irving, who coined Gotham, wrote from Greenwich Village"
2066,2066,The Fuhgeddaboudit,key:arthur_ave,inferred,the social club hand wave dismissal is classic Arthur Avenue culture
2088,2088,The PATH,key:wtc,stated,the PATH's Manhattan terminus is the World Trade Center Oculus
2100,2100,The Eight Million,key:times_square,inferred,eight million faces filling the frame belong at Times Square's crowds
2101,2101,The Fool,key:port_authority,stated,stepping off the bus at the terminal is the Port Authority Bus Terminal
2102,2102,The Magician,key:union_sq,inferred,street performer folding tables cluster at Union Square
2104,2104,The Empress,nb:Lower East Side,inferred,the community garden queen presides over a classic Lower East Side lot
2105,2105,The Emperor,key:hudson_yards,inferred,the master builder's girder throne overlooks Hudson Yards' rising grid
2106,2106,The Hierophant,key:lombardi,inferred,the pizza hierophant presides at Lombardi's counter
2107,2107,The Lovers,key:subway_system,stated,facing platforms with two trains arriving describes subway platforms
2108,2108,The Chariot,nb:Midtown,inferred,a yellow cab parting traffic is a Midtown chariot scene
2113,2113,The Hanged Man,key:chrysler,inferred,a window washer at the thirtieth story suits the Chrysler Building
2114,2114,The Thirteenth Card,nb:Midtown,inferred,buildings skipping the 13th floor are common in Midtown towers
2115,2115,Temperance,nb:Lower East Side,inferred,the egg cream soda jerk traces to the Lower East Side's fountains
2116,2116,The Devil's Lease,nb:Washington Heights,inferred,"a lease chained rental apartment scene, set in Washington Heights"
2117,2117,The Tower,nb:SoHo,inferred,iconic wooden water towers cluster on SoHo rooftops
2123,2123,The Pace Twin,nb:Chelsea,inferred,"an awkward synced pace sidewalk encounter, set in Chelsea"
2124,2124,The Nine Seconds,nb:Midtown,inferred,countdown crossing signals are densest in Midtown
2125,2125,The Already Lit Button,nb:Financial District,inferred,"a lit elevator button pressed again anyway, set in an office lobby"
2127,2127,The Order Rehearsal,nb:Murray Hill,inferred,"a deli order rehearsed silently in line, set in Murray Hill"
2128,2128,The Left Lane Walkers,key:subway_system,inferred,standers right walkers left is subway escalator etiquette citywide
2129,2129,The Long Thank You Jog,nb:Turtle Bay,inferred,"a held door's obligatory jog, set in Turtle Bay"
2131,2131,The Salmon,nb:Midtown,inferred,walking against the rush hour current happens on Midtown sidewalks
2132,2132,The Over Shoulder Reader,key:subway_system,inferred,reading a stranger's texts over their shoulder is a subway ritual
2133,2133,The Last Slice Standoff,nb:Bensonhurst,inferred,the last slice standoff plays out in a neighbourhood pizzeria
2134,2134,The Party Store,nb:Corona,inferred,pinata filled party stores are common in Corona
2135,2135,The Uniform Store,nb:Flatbush,inferred,August uniform shopping rush fits Flatbush's parochial school families
2136,2136,The Wig Shop,key:125th_st,inferred,wig shops line 125th Street in Harlem
2137,2137,The Trophy Shop,nb:Maspeth,inferred,"a trophy engraving shop serving the borough's teams, set in Maspeth"
2138,2138,The 99 Cent Wonderland,nb:Jamaica,inferred,"a glittering 99 cent bazaar, set in Jamaica"
2139,2139,The Second Bloom,key:subway_system,inferred,the flower ringed grate shrine sits over a subway grate
2140,2140,The Eye Flower Winter,key:tompkins,inferred,the mythos flowers blooming through snow line Tompkins Square Park's fence
2141,2141,The Seed Exchange,nb:Ridgewood,inferred,"kids trading eye flower seeds on a stoop, set in Ridgewood"
2142,2142,The Rooftop Meadow,key:red_hook_b,inferred,a warehouse rooftop meadow of irises fits Red Hook's industrial roofs
2143,2143,The Botanist's Notebook,key:botanical,inferred,a botanist's field notebook belongs at the New York Botanical Garden
2144,2144,The City Bloom Map,key:nypl,inferred,a map room drawer with a living map suits the New York Public Library
2145,2145,The Talisman Shortage,nb:Greenwich Village,inferred,"a talisman shop with a line around the block, set in the Village"
2146,2146,The Pollinators' Parade,key:bronx_zoo,inferred,bees monarchs and a kestrel processing evoke the Bronx Zoo's wildlife
2149,2149,The Royal Honeymoon,key:gowanus,inferred,a trash barge gondola honeymoon suits the Gowanus Canal
2150,2150,The Adopted Squab,key:brooklyn_bridge,inferred,the bridge anchorage christening site is the Brooklyn Bridge's real anchorage
2151,2151,The Court in Exile,nb:Lower East Side,inferred,the exiled rat court evacuates from the Lower East Side's alleys
2154,2154,The Scaffolding Comes Down,nb:Upper West Side,inferred,a keystone faced facade revealed after years under scaffolding
2155,2155,The All Clear,nb:Astoria,inferred,a bedbug all clear certificate taped to an apartment door there
2156,2156,The Dryer Dome Gossip,nb:Jamaica,inferred,hooded dryer gossip rows are a fixture of Jamaica's salons
2157,2157,The Nursery Window,key:bellevue,inferred,a maternity ward window scene fits Bellevue Hospital
2158,2158,The Great Blue Whale,key:amnh,stated,the museum's great blue whale suspended over the hall
2159,2159,The Dioramas,key:amnh,stated,museum dioramas of frozen wilderness with wolves in the dark hall
2160,2160,The Period Rooms,key:met_museum,stated,the museum's period rooms with an 1820 parlor behind a velvet rope
2161,2161,The Picture Collection,key:nypl,stated,the library's legendary picture collection folders
2162,2162,Tar Beach,nb:Brownsville,inferred,tar beach rooftop summers are a Brownsville tradition
2172,2172,The First Skyscraper,nb:Financial District,stated,"the 1889 tower building, NYC's first skyscraper, sits on lower Broadway"
2174,2174,The First Ballot,nb:Greenwich Village,inferred,the 1917 suffrage movement centered in the Village's activist circles
2178,2178,The Tree Census,nb:Forest Hills,inferred,a leafy tree lined neighbourhood anchors the citywide tree census
2179,2179,The WPA Mural,nb:Concourse,inferred,the Bronx General Post Office holds landmark WPA murals near the Concourse
2180,2180,The WPA Pools,key:astoria_pool,inferred,the grandest of the 1936 WPA pools opened at Astoria
2181,2181,The Drop Dead Headline,key:42nd_st,inferred,the 1975 Daily News headline originated from its 42nd Street building
2182,2182,The Moon Landing Crowd,key:times_square,stated,thousands craning at the news ticker in the square for the moon landing
2184,2184,The Ocean Liner Row,nb:Chelsea,stated,the west side piers berthed with five great ocean liners abreast
2185,2185,The Newsroom Clatter,key:city_hall,inferred,old newsrooms clustered on Newspaper Row near City Hall
2186,2186,The Open Outcry,key:wall_street,stated,the exchange floor roaring bids in the hand signal era
2187,2187,The Pin Boys,nb:Bay Ridge,inferred,hand set pin bowling alleys were common in Bay Ridge
2188,2188,The Open Door Weekend,key:city_hall,inferred,Open House New York famously opens City Hall's usually closed doors
2192,2192,The Skating Pond,key:central_park,stated,the 1860s skating pond in the new park by torchlight
2193,2193,The Mulchfest,key:prospect_park,inferred,Mulchfest tree chipping is held annually at Prospect Park
2194,2194,The Globe Maker,nb:Greenpoint,stated,artisan globe making workshops are found among Greenpoint's studios
2195,2195,The Flag Maker,key:garment,inferred,a sewing loft full of giant flags reads as the Garment District
2196,2196,The Umbrella Hospital,nb:Lower East Side,inferred,a small umbrella repair shop fits Lower East Side trades
2208,2208,The Thundersnow,nb:Sunset Park,inferred,"no cue beyond a residential block, spread to Sunset Park"
2213,2213,The Dying Smoke Detector,nb:Kew Gardens,inferred,a quiet apartment scene fits Kew Gardens
2214,2214,The Tree Pit Garden,nb:Windsor Terrace,inferred,a tended tree pit fits a quiet Windsor Terrace block
2215,2215,The ASP Holiday,nb:Midwood,inferred,the alternate side parking ritual fits a Midwood block
2216,2216,The Midnight Postmark,key:penn_station,inferred,the main post office's midnight tax lines sit beside Penn Station
2217,2217,The First Coffee,nb:Ridgewood,inferred,the citywide coffee ritual is anchored to an ordinary Ridgewood counter
2218,2218,The Sunday Paper,nb:Forest Hills,inferred,a quiet Sunday paper morning fits Forest Hills
2220,2220,The Last Light,key:empire_state,inferred,the skyline's last lit window reads as the Empire State Building
2221,2221,The Sidewalk Santa,key:herald_sq2,inferred,the charity kettle santa is a Herald Square fixture
2222,2222,The Conductor's Wave,key:subway_system,stated,kids at the railfan window on a subway car
2223,2223,The Tank Builders,nb:Greenpoint,inferred,rooftop water tank building fits Greenpoint's industrial skyline
2224,2224,The Weather Beacon,nb:Midtown,inferred,the old weather beacon tower is a Midtown landmark
2225,2225,The Fireboat Welcome,key:ny_harbor,stated,fireboat cannons and arcs of harbor for a returning ship
2226,2226,The Hero,key:arthur_ave,inferred,the italian hero sandwich fits Arthur Avenue's delis
2227,2227,The Oxtail Pot,nb:Flatbush,inferred,a sunday oxtail pot fits a Flatbush Caribbean kitchen
2228,2228,The Tres Leches,nb:Washington Heights,inferred,tres leches birthday cake fits a Dominican Washington Heights kitchen
2230,2230,The Hora,nb:Borough Park,inferred,the wedding hora fits an Orthodox Borough Park hall
2231,2231,The Step Show,nb:Harlem,inferred,the divine nine step show at the armory fits Harlem
2232,2232,The DJ Battle,key:sedgwick,inferred,dueling sound systems trace to hip hop's Sedgwick Avenue birthplace
2233,2233,The Jingle Turf War,nb:Corona,inferred,rival ice cream trucks fit a Corona block
2235,2235,The Rearview City,nb:Astoria,inferred,forty years of fares fits an Astoria cab driver's route
2236,2236,The Crane Cab Sunrise,key:hudson_yards,inferred,a tower crane cab at sunrise fits the Hudson Yards construction boom
2239,2239,The Coat on the Statue,key:union_sq,inferred,a statue dressed in a winter coat fits Union Square
2240,2240,The Free Store,nb:Bushwick,inferred,a pop up free store fits Bushwick's mutual aid scene
2241,2241,The Repair Cafe,nb:Park Slope,inferred,a community repair cafe fits Park Slope
2242,2242,The Tool Library,nb:Ridgewood,inferred,a tool lending library fits Ridgewood's maker scene
2243,2243,The Language Exchange,nb:Jackson Heights,inferred,a mother tongue exchange fits linguistically diverse Jackson Heights
2244,2244,The Midnight League,nb:Brownsville,inferred,midnight basketball fits Brownsville's gym culture
2245,2245,The Interrupters,nb:East New York,inferred,violence interrupters on their home block fits East New York
2246,2246,The Open Rehearsal,key:lincoln_center,stated,the philharmonic's open rehearsal
2247,2247,The Darkroom Co-op,nb:Long Island City,inferred,a community darkroom fits Long Island City's arts scene
2248,2248,The Permission Wall,nb:East Harlem,inferred,the legal graffiti wall is East Harlem's Graffiti Hall of Fame
2250,2250,The Youth Orchestra,nb:Elmhurst,inferred,a school auditorium youth orchestra fits Elmhurst
2251,2251,The Late Bloomer,key:riverside_park,inferred,a lone winter bloom fits a Riverside Park flower bed
2252,2252,The Last Ferry,key:si_ferry,stated,2am crossing trading silhouettes with its island
2253,2253,The Night Watch,nb:Murray Hill,inferred,the night nurse in this diner ensemble ties it to Bellevue's Murray Hill
2254,2254,The Family Portrait,key:central_park,inferred,all the collection's animals gather in a Central Park meadow
2255,2255,The Second Printing,nb:Inwood,inferred,a novel in the bodega window fits Inwood's local author pride
2257,2257,The Second Register,nb:Sunset Park,inferred,a thirty year bodega milestone fits Sunset Park
2258,2258,The First Stick,nb:Woodside,inferred,kids counting the first stick of snow fits Woodside
2259,2259,The Cup of Sugar,nb:Kingsbridge,inferred,the borrowed cup of sugar fits a Kingsbridge hallway
2260,2260,The Crossing Guard's Successor,nb:Canarsie,inferred,thirty years at one corner fits a Canarsie crossing
2261,2261,The Open Window Symphony,key:ditmas,inferred,open windows braiding sound fits Ditmas Park's Victorian block
2262,2262,The Block That Raised You,nb:Bedford-Stuyvesant,inferred,"the bodega, stoop and hydrant fit a Bed-Stuy block"
2263,2263,The Love Letter,key:moynihan,inferred,"the dead letter office sits in the old general post office, now Moynihan"
2264,2264,The Next New Yorker,key:jfk,inferred,the arrivals gate anchors this scene to JFK
2265,2265,The Curtain Call,key:broadway,inferred,every character taking a bow fits Broadway's theater district
2266,2266,To Be Continued,nb:Bushwick,inferred,the painter's rooftop studio fits Bushwick's loft scene
2267,2267,The Encore,key:broadway,inferred,the encore continues the same Broadway stage
2268,2268,The First Flight,key:brooklyn_bridge,inferred,a bridge cable between two kingdoms reads as the Brooklyn Bridge
2271,2271,The Watering Can Passed,key:subway_system,stated,midnight over the original subway grate
2272,2272,The Mezzanine Proposal,key:subway_system,stated,proposal on the station mezzanine
2273,2273,The Vintage Dress,nb:East Village,inferred,a vintage dress shop fits the East Village
2274,2274,The Wedding Cut,nb:Bay Ridge,inferred,a stoop haircut before the wedding fits Bay Ridge
2275,2275,The Painter's New Canvas,nb:Bushwick,inferred,the painter's studio continues in Bushwick
2276,2276,The First Word,key:subway_system,stated,rumbling elevated track light striping the kitchen
2278,2278,The Pigeon Queen's Blessing,key:foley_sq,stated,a courthouse ledge names Foley Square
2279,2279,The Something Borrowed,nb:Lower East Side,inferred,a veil passed down fire escapes fits Lower East Side tenements
2280,2280,The Corner Bakery Cake,nb:Carroll Gardens,inferred,a corner bakery wedding cake fits Carroll Gardens
2281,2281,The Platform Rehearsal,key:subway_system,stated,wedding rehearsal on an empty subway platform
2282,2282,The Night Before,key:east_river,inferred,two apartments across the dark river fit the East River
2283,2283,The Watcher's Apprentice,nb:Flatlands,inferred,a window watcher's post fits a quiet Flatlands block
2284,2284,The First Solo Morning,nb:Canarsie,inferred,the new crossing guard continues the same Canarsie corner
2285,2285,The Super's First Stop,nb:Sunnyside,inferred,a super's morning rounds fit a Sunnyside building
2286,2286,The Coat Fence,nb:Flushing,inferred,a schoolyard coat fence fits Flushing
2287,2287,The Jump Start,nb:Ozone Park,stated,"the text names the outer boroughs, and livery cabs anchor it to Ozone Park"
2288,2288,The Phone Relay,nb:Financial District,inferred,a rush hour relay of hands fits the Financial District crush
2289,2289,The Delivery Oasis,nb:Jackson Heights,inferred,a bodega cooler for e bike riders fits Jackson Heights delivery traffic
2290,2290,The Flood Rider,nb:Hollis,inferred,a chest deep flooded avenue fits Hollis's flood prone streets
2291,2291,The Reading Partner,nb:Upper West Side,inferred,a doorman and a school library fit the Upper West Side
2292,2292,The Directions Committee,key:times_square,inferred,a lost tourist getting four directions fits Times Square
2293,2293,The Fourteen Block Armchair,nb:Park Slope,inferred,a curbside furniture find fits Park Slope's stoop sale culture
2295,2295,The Block Debut,nb:Fort Greene,inferred,folding chair elders on a stoop fit Fort Greene
2296,2296,The Airhorn Auntie,nb:Jamaica,inferred,"a graduation ceremony fits a Jamaica, Queens auditorium"
2297,2297,The Elevator Nod,nb:Rego Park,inferred,an eleven year elevator nod fits a Rego Park apartment tower
2298,2298,The Dinner Whistle,nb:Morrisania,inferred,a stickball game ended by a window whistle fits Morrisania
2299,2299,The Folding Chair Council,nb:Bensonhurst,inferred,folding chair grandmothers and italian ices fit Bensonhurst
2301,2301,The Ace of Slices,nb:Financial District,inferred,the dollar slice hustle fits the Financial District lunch crowd
2302,2302,The Two of Slices,nb:Jackson Heights,inferred,a worker between two jobs fits Jackson Heights' working life
2303,2303,The Three of Slices,key:lombardi,inferred,"old masters watching dough stretch fits Lombardi's, the city's oldest pizzeria"
2304,2304,The Four of Slices,nb:Bensonhurst,inferred,a shop owner's framed first dollar fits Bensonhurst's old pizza shops
2305,2305,The Five of Slices,key:totonno,inferred,a lone rotating slice behind locked glass fits Totonno's short hours
2306,2306,The Six of Slices,nb:East New York,inferred,a free slice of mercy fits an East New York counter
2307,2307,The Seven of Slices,nb:Ridgewood,inferred,seven cooling unsold pies fit a quiet Ridgewood shop
2308,2308,The Eight of Slices,key:arthur_ave,inferred,an apprentice practicing tosses fits Arthur Avenue's pizza trade
2309,2309,The Nine of Slices,nb:Bay Ridge,inferred,thirty years feeding the corner fits Bay Ridge
2310,2310,The Ten of Slices,key:di_fara,inferred,three generations at one counter is Di Fara's own story
2311,2311,The Page of Slices,nb:Corona,inferred,a kid counting quarters short fits a Corona pizza counter
2312,2312,The Knight of Slices,nb:Williamsburg,inferred,a rain slick delivery run fits Williamsburg
2313,2313,The Queen of Slices,nb:Sunset Park,inferred,a pizzaiola commanding the lunch rush fits Sunset Park
2314,2314,The King of Slices,nb:Carroll Gardens,inferred,the old don's fifty year window seat fits Carroll Gardens
2315,2315,The Ace of Coffees,nb:Astoria,inferred,the blue paper cup at dawn fits Astoria's greek diners
2316,2316,The Two of Coffees,nb:Washington Heights,inferred,regulars trading orders fits a Washington Heights bodega counter
2317,2317,The Three of Coffees,nb:Bedford-Stuyvesant,inferred,a stoop toast to nothing in particular fits Bed-Stuy
2318,2318,The Four of Coffees,nb:Sunnyside,inferred,a lone diner regular staring out the window fits Sunnyside
2319,2319,The Five of Coffees,nb:Harlem,inferred,spilled coffees on the curb fit a busy Harlem corner
2320,2320,The Six of Coffees,nb:Inwood,inferred,the counterman's remembered childhood order fits an Inwood deli
2321,2321,The Seven of Coffees,nb:Lower East Side,inferred,a fire escape daydreamer fits Lower East Side tenements
2322,2322,The Eight of Coffees,nb:Williamsburg,inferred,a barista walking out at closing fits Williamsburg's coffee scene
2323,2323,The Nine of Coffees,nb:Greenpoint,inferred,the counterman's end of shift fits a Greenpoint diner
2324,2324,The Ten of Coffees,nb:Bay Ridge,inferred,a family diner booth fits Bay Ridge
2325,2325,The Page of Coffees,nb:Midtown,inferred,an office coffee run through a revolving door fits Midtown
2326,2326,The Knight of Coffees,nb:Hell's Kitchen,inferred,a deli runner sprinting a red light fits dense Hell's Kitchen blocks
2327,2327,The Queen of Coffees,nb:Elmhurst,inferred,an all night diner waitress fits Elmhurst
2328,2328,The King of Coffees,nb:Bensonhurst,inferred,a deli owner's 5am register fits Bensonhurst
2330,2330,The Two of Swipes,key:subway_system,stated,two commuters at one turnstile
2332,2332,The Four of Swipes,key:subway_system,stated,night worker asleep on a platform bench
2335,2335,The Seven of Swipes,key:subway_system,stated,pickpocket in the crush under a service poster
2336,2336,The Eight of Swipes,key:subway_system,stated,commuter caught between closing train doors
2337,2337,The Nine of Swipes,key:subway_system,stated,rider wakes at 3am on an empty subway car
2340,2340,The Knight of Swipes,key:subway_system,stated,sprint dive through closing subway doors
2341,2341,The Queen of Swipes,key:subway_system,stated,station agent waves a tourist through the gate
2342,2342,The King of Swipes,key:subway_system,stated,tower operator moving every train in the borough
2343,2343,The Ace of Scaffolds,key:hudson_yards,inferred,the first pipe of a new shed fits the Hudson Yards construction boom
2344,2344,The Two of Scaffolds,nb:Long Island City,inferred,a beam overlooking two boroughs fits Long Island City's waterfront towers
2345,2345,The Three of Scaffolds,nb:Downtown Brooklyn,inferred,three cranes swinging in formation fit Downtown Brooklyn's skyline boom
2346,2346,The Four of Scaffolds,nb:Williamsburg,inferred,a topping out ceremony fits Williamsburg's new towers
2347,2347,The Five of Scaffolds,nb:Sunset Park,inferred,five trades arguing over one blueprint fits Sunset Park's building sites
2348,2348,The Six of Scaffolds,nb:Mott Haven,inferred,a ribbon cutting on a finished building fits Mott Haven's development boom
2349,2349,The Seven of Scaffolds,nb:Astoria,inferred,a community board hearing on permits fits Astoria
2350,2350,The Eight of Scaffolds,nb:Upper West Side,inferred,eight sidewalk sheds rising in one night fits the Upper West Side
2351,2351,The Nine of Scaffolds,nb:Flushing,inferred,a night watchman guarding a half built tower fits Flushing's construction sites
2352,2352,The Ten of Scaffolds,nb:Ridgewood,inferred,a laborer carrying planks up four stories fits Ridgewood
2353,2353,The Page of Scaffolds,nb:Bushwick,inferred,an apprentice walking the beam fits Bushwick's building sites
2354,2354,The Knight of Scaffolds,nb:Financial District,inferred,an ironworker walking high steel fits the Financial District skyline
2355,2355,The Queen of Scaffolds,nb:Midtown,inferred,a crane operator forty stories up fits Midtown's high rises
2356,2356,The King of Scaffolds,nb:Tribeca,inferred,a master builder surveying his towers fits Tribeca's skyline views
2357,2357,The Great Zoo Hoax,key:central_park,stated,1874 hoax reported the menagerie loose in the city
2358,2358,The Great Moon Hoax,key:city_hall,inferred,the 1835 hoax paper's office sat on Park Row by City Hall
2362,2362,Track Sixty One,key:grand_central,stated,secret armored platform under the grand hotel tied to the terminal tunnels
2364,2364,Six and a Half Avenue,nb:Midtown,stated,the half avenue shortcut through Midtown lobbies and arcades
2365,2365,The Commissioners' Grid,nb:Upper East Side,stated,"the 1811 grid survey's marker sits in the Upper East Side, inside Manhattan"
2366,2366,The Schist Outcrop,key:rat_rock,stated,children summit the ancient bedrock whale back in the park
2369,2369,The Dirigible Dock,key:empire_state,stated,the mooring mast built to park airships on the roof of the world
2370,2370,The Elevator Demonstration,key:bryant,stated,1853 elevator safety demo at the Crystal Palace exhibition on the future Bryant Park site
2371,2371,The Elevator Survivor,key:empire_state,stated,1945 survivor fell seventy five stories in the building's elevator
2374,2374,The Whole Car,key:subway_system,stated,the painted car rolled out of the train yard at sunrise
2375,2375,The Back to School Jam,key:sedgwick,stated,1973 rec room party is the founding back to school jam
2376,2376,The Marble Shift,key:grand_central,stated,the great terminal's turquoise painted star ceiling at 3am
2377,2377,The Clock Winder,key:kings_county_savings,inferred,a hand wound tower clock fits the Williamsburgh Savings Bank
2379,2379,The Union Hall Vote,nb:Woodside,inferred,a union hall vote fits Woodside's labor history
2381,2381,The Commissary Dawn,nb:Long Island City,inferred,cart commissary garages cluster in Long Island City
2382,2382,The Remittance,nb:Jackson Heights,inferred,a remittance wire window fits Jackson Heights' immigrant commerce
2384,2384,The Green Card Morning,nb:Elmhurst,inferred,a green card morning fits Elmhurst's immigrant community
2386,2386,The Slocum Fountain,key:tompkins,stated,the Slocum memorial fountain remembers the 1904 disaster
2387,2387,The Seven O'Clock Clap,nb:Murray Hill,inferred,the night shift nurse ties this scene to Bellevue's Murray Hill
2388,2388,The Blizzard Igloo,nb:Prospect Heights,inferred,roommates building a sidewalk igloo fits Prospect Heights
2389,2389,The Seventy Five Cent War,nb:Woodside,inferred,two rival slice windows at war fits a dense Woodside block
2391,2391,The Night Heron,key:jamaica_bay,inferred,night herons on a piling are a Jamaica Bay wildlife refuge fixture
2393,2393,The Dog Run Senate,nb:Park Slope,inferred,a dog run debate over rent and school zones fits Park Slope
2394,2394,The Water Bug Incident,nb:East Harlem,inferred,an apartment water bug scare fits East Harlem
2395,2395,The Wall Mouse Treaty,key:alphabet_city,inferred,a tenant and mouse truce fits a small Alphabet City kitchen
2396,2396,The Bike Angel,nb:Greenpoint,inferred,rebalancing share bikes before dawn fits heavy Citi Bike use in Greenpoint
2398,2398,The Bowling Green Fence,nb:Financial District,stated,the old Bowling Green fence scarred by revolutionaries in 1776
2462,2462,The Firecracker Ceremony,key:chinatown_m,stated,lion dance and ten thousand crackers for the new year
2463,2463,The Gospel Brunch,nb:Harlem,stated,choir and waffles gospel brunch tradition
2464,2464,The Bagpipe Morning,key:fifth_ave,stated,pipers massing on the avenue's stone canyon for a march parade
2470,2470,The False Spring,key:central_park,inferred,a false spring day emptying buildings into parks fits Central Park
2471,2471,The September Swim,key:rockaway_beach,inferred,an empty lifeguard chair in september fits Rockaway Beach
2472,2472,The Leaf Devil,nb:Midtown,inferred,briefcases parting around a leaf spiral fits a Midtown corner
2473,2473,The Puffer Season,nb:Chelsea,inferred,a river of puffer coats fits a Chelsea avenue
2475,2475,The Hangover Bodega Run,nb:East Village,inferred,a hungover bodega run fits the East Village
2476,2476,The February Treadmill,nb:Financial District,inferred,a lone gym window runner in february fits the Financial District
2477,2477,The Napkin Masterpiece,nb:Astoria,inferred,a napkin masterpiece on the wall of fame fits an Astoria diner
2478,2478,The Rose Room Nap,key:nypl,stated,sleeping under the great painted ceiling and oak tables of the reading room
2479,2479,The Bathroom Line Confidante,nb:Williamsburg,inferred,a bar bathroom line confidante fits Williamsburg's bar scene
2480,2480,The Softee Standoff,nb:Flatbush,inferred,rival ice cream trucks dueling fits a Flatbush block
2481,2481,The Piragua Man,nb:Washington Heights,inferred,a piragua cart fits Washington Heights' Latino street vendor culture
2482,2482,The Dim Sum Cart,nb:Flushing,inferred,a steam cart banquet hall fits Flushing's Chinese banquet halls
2484,2484,The Birria Window,nb:Corona,inferred,a birria truck line fits Corona's Mexican food scene
2485,2485,The Sunday Gravy,nb:Bensonhurst,inferred,the sunday gravy pot fits an Italian Bensonhurst kitchen
2486,2486,The Cabbie's Canteen,nb:East Village,stated,24 hour punjabi counter feeding cab drivers overnight
2487,2487,The Bodega Nod,nb:Washington Heights,inferred,the bodega regular's unbidden order fits Washington Heights
2488,2488,The Pole Share,key:subway_system,stated,six hands stacking a subway pole
2489,2489,The Seven Train Mariachi,key:line_7,stated,the seven train mariachi trio between rush hour knees
2490,2490,The Four Abreast,nb:Midtown,inferred,four slow walkers holding the sidewalk fits Midtown's crowded blocks
2493,2493,The Air Conditioner Drip,nb:Upper West Side,inferred,an air conditioner drip finding one collar fits an Upper West Side facade
2494,2494,The Alternate Side Vigil,nb:Midwood,inferred,the twice weekly street sweeper vigil fits a Midwood block
2495,2495,The Laundry Cart Caravan,nb:Ridgewood,inferred,a sunday laundry cart caravan fits Ridgewood
2496,2496,The Fifth Floor Delivery,nb:Lower East Side,inferred,a walkup delivery summit fits Lower East Side tenements
2497,2497,The Fire Escape Tomato,nb:Lower East Side,inferred,a fire escape tomato pot fits Lower East Side tenements
2498,2498,The One Lit Window,nb:Financial District,inferred,one gold window in a dark tower face fits the Financial District
2499,2499,The Last Orange Streetlight,key:ditmas,inferred,the last sodium streetlight fits Ditmas Park's old fashioned block
2500,2500,The Golden Door,key:ellis,stated,the great registry hall of 1907 with half moon windows
2502,2502,The Temple of Dendur,key:met_museum,stated,the temple of Dendur in its glass box
2503,2503,The Sapphire Heist,key:amnh,stated,1964 beach boy burglars stole the star sapphire from a museum
2504,2504,The Bronze Alice,key:central_park,stated,the bronze mushroom girl statue polished gold by small hands
2507,2507,The Cathedral of Commerce,nb:Financial District,stated,the gothic lobby of the Woolworth tower on Broadway
2511,2511,The Backwards Sky,key:grand_central,stated,the terminal ceiling's gold zodiac painted in reverse
2512,2512,The Dark Patch,key:grand_central,stated,the unrestored soot patch on the terminal ceiling
2513,2513,The Bridge Cellars,key:brooklyn_bridge,stated,old wine vaults under the bridge anchorage
2514,2514,The Gold Vault,nb:Financial District,stated,"eighty feet below street level, more gold than Fort Knox"
2515,2515,The Brass Mail Chute,key:chrysler,inferred,a brass mail chute in a 1930s office tower fits the Chrysler Building
2516,2516,The Ailanthus,nb:Williamsburg,stated,"the tree of heaven and the novel point to Williamsburg, A Tree Grows in Brooklyn"
2518,2518,The London Plane,nb:Park Slope,inferred,a shedding street tree fits Park Slope's tree lined blocks
2519,2519,The Tree Bed Gardener,nb:Windsor Terrace,inferred,a tended tree pit fits a quiet Windsor Terrace block
2520,2520,The Ghost Light,key:broadway,inferred,the ghost light tradition belongs to a Broadway theater
2521,2521,The Understudy Goes On,key:broadway,inferred,an understudy going on fits a Broadway stage
2522,2522,The Standing Room,key:lincoln_center,inferred,standing room and boxes fit the Metropolitan Opera at Lincoln Center
2526,2526,The Living Statue,key:times_square,inferred,a silver painted living statue fits Times Square's street performers
2527,2527,The Caricature Row,key:washington_sq,inferred,caricature artists along a park wall fit Washington Square Park
2528,2528,The Top Deck Guide,nb:Midtown,inferred,a double decker tour guide route fits Midtown
2529,2529,The Pedicab Quote,key:central_park,stated,the pedicab quote given under park lamps
2532,2532,The Oldest Bar,key:mcsorleys,stated,sawdust floor ale house unchanged since 1854
2533,2533,The Shortest Street,nb:Greenwich Village,inferred,an oddly short block with a legend fits Greenwich Village's tiny streets
2534,2534,The Steepest Street,nb:Riverdale,stated,"the text names a bronx block, and Riverdale holds the borough's steepest streets"
2535,2535,The Smallest Park,nb:Midtown,inferred,a pocket park with one bench and a fountain fits Midtown's tiny parks
2538,2538,The Quietest Garden,nb:West Village,inferred,a silent churchyard garden fits the West Village
2539,2539,The Loudest Corner,key:herald_sq2,inferred,jackhammer siren and preacher stacking fits a loud Herald Square corner
2540,2540,The Bagel Union,nb:Lower East Side,stated,Local 338's bagel bakers were the historic Lower East Side union
2541,2541,The First Restaurant,nb:Financial District,stated,1837 dining room debut is Delmonico's era
2542,2542,The Newsboys' Strike,key:brooklyn_bridge,stated,1899 newsboys mass on the bridge approach
2543,2543,The Brooklyn Eagle,nb:Brooklyn Heights,stated,the Brooklyn Eagle's pressroom sat in Brooklyn Heights
2544,2544,The Linotype Room,key:city_hall,inferred,a linotype composing room fits old Newspaper Row by City Hall
2549,2549,The Track Doctor,key:subway_system,stated,the geometry car rolls the empty 3am tunnels
2550,2550,The Fork Incident,nb:Ozone Park,inferred,the fork scandal pizzeria fits an ordinary Ozone Park shop
2551,2551,The Census Taker,nb:Bedford-Stuyvesant,inferred,a census taker climbing stoops fits Bed-Stuy
2552,2552,The Election Day Bake Sale,nb:Forest Hills,inferred,a school gym polling place bake sale fits Forest Hills
2554,2554,The Algonquin Cat,nb:Midtown,stated,hotel lobby cat by the famous round table is the Algonquin
2558,2558,The Execution Rocks Light,key:city_island,inferred,a lone sound lighthouse anchors nearest to City Island's waters
2560,2560,The Sunset Applause,key:christopher_pier,inferred,a pier crowd applauding the jersey sunset fits the Christopher Street Pier
2561,2561,The Squall,nb:Midtown,stated,"the text names the island, and office towers fit Midtown"
2563,2563,The Plow Parade,key:grand_concourse,inferred,a plow convoy rolling up a wide avenue fits the Grand Concourse
2564,2564,The Median Snowman,key:queens_blvd,inferred,a median between six lanes fits Queens Boulevard
2565,2565,The Tree Sellers,nb:West Village,inferred,sidewalk christmas tree sellers fit the West Village
2566,2566,The Kinara Window,nb:Crown Heights,stated,a brooklyn kinara window fits Crown Heights
2567,2567,The Christmas Eve Special,nb:Upper West Side,inferred,the chinese food and jewish families tradition fits the Upper West Side
2568,2568,The Sunday Bells,nb:Woodside,inferred,four overlapping church steeples fit Woodside
2569,2569,The Car Alarm Aria,nb:Astoria,inferred,a 3am car alarm cycle fits a dense Astoria block
2570,2570,The Manhole Clank,nb:Chinatown,inferred,a loose manhole cover's clank fits Chinatown's dense old streets
2571,2571,The Thin Walls,nb:Washington Heights,inferred,thin plaster walls between apartments fit Washington Heights
2572,2572,The Upstairs Elephant,nb:Kew Gardens Hills,inferred,a heavy upstairs neighbor fits a Kew Gardens Hills building
2573,2573,The Morning Drill,nb:Upper West Side,inferred,an 8am renovation drill into an airshaft fits an Upper West Side prewar
2574,2574,The Hat Blocker,nb:Flatiron,inferred,the last hat block shop fits Flatiron's old hat trade
2575,2575,The Typewriter Doctor,nb:Gramercy,inferred,a typewriter repair shop fits Gramercy's remaining trade shops
2576,2576,The Loupe,key:diamond,inferred,a loupe and a hundred disagreeing clocks fit the Diamond District's watch trade
2577,2577,The Shine Chair,key:grand_central,stated,"the text names a terminal shine chair, matching Grand Central"
2578,2578,The Tank Coopers,nb:Bushwick,inferred,rooftop water tank coopers fit Bushwick's industrial skyline
2579,2579,The Curb Painter,nb:Bay Ridge,inferred,a curb stencil painter fits a Bay Ridge block
2580,2580,The Flat Fix,nb:Corona,inferred,a tire shop with telenovelas fits Corona's spanish speaking blocks
2581,2581,The Four PM Shift Change,nb:Long Island City,inferred,the 4pm cab shift change fits Long Island City's cab depots
2582,2582,The Beautiful Map,key:subway_system,inferred,the 1972 subway diagram is about the whole Subway system
2583,2583,The Blue Line Painter,key:first_ave,inferred,the marathon's blue guide line famously runs up First Avenue
2584,2584,The Bundle Toss,nb:Greenwich Village,inferred,a 4am newspaper bundle toss fits a classic Greenwich Village newsstand
2585,2585,The Canner's Route,nb:Sunset Park,inferred,a predawn canner's route fits Sunset Park
2586,2586,The Colony Feeder,key:red_hook_b,inferred,a feral cat colony behind a lot fence fits Red Hook's industrial edges
2587,2587,The Rain Merchants,nb:Midtown,inferred,umbrella sellers appearing at first rain fit Midtown's office corners
2588,2588,The Monte Dealer,key:canal_st,inferred,three card monte is a Canal Street street hustle classic
2589,2589,The Bootleg Table,nb:Chinatown,inferred,a folding table of bootleg dvds fits Chinatown's sidewalk vendors
2590,2590,The Mixtape Push,key:barclays,inferred,hustling mixtapes outside the arena fits Barclays Center
2591,2591,The Taken Flyer,nb:East Village,inferred,a flyer promoter on a cold corner fits the East Village
2593,2593,The Skully Board,nb:Harlem,inferred,a chalked skully board fits Harlem's classic street games
2594,2594,The Stoopball Ace,nb:Morrisania,inferred,a spaldeen stoopball home run fits Morrisania
2595,2595,The Snow Fort Alliance,nb:Woodside,inferred,rival snow forts declaring truce fits a Woodside block
2596,2596,The Fire Escape Fort,nb:Lower East Side,inferred,a fire escape blanket fort fits Lower East Side tenements
2597,2597,The Water Balloon Truce,nb:Astoria,inferred,a block wide water balloon war fits Astoria
2598,2598,The Courtyard Cinema,nb:Washington Heights,inferred,a projector on a whitewashed airshaft wall fits a Washington Heights courtyard
2599,2599,The Hopscotch Grid,nb:Bedford-Stuyvesant,inferred,a fresh chalk hopscotch grid fits Bed-Stuy
2600,2600,The Armory Show,nb:Gramercy,stated,the 1913 Armory Show was held at the 69th Regiment Armory near Gramercy
2601,2601,The Manhunt Summer,nb:Ozone Park,inferred,a dusk manhunt across backyards and a lot fits Ozone Park
2602,2602,The Outfield Fireflies,nb:Riverdale,inferred,a little league outfield fits Riverdale's ballfields
2603,2603,The Sidewalk Rainbow,nb:Inwood,inferred,a super hosing a private rainbow fits an Inwood block
2604,2604,The Model Boat Regatta,key:central_park,stated,miniature sloops race the conservatory pond
2607,2607,The Raccoon Burglar,nb:Park Slope,inferred,a fire escape raccoon over a herb garden fits Park Slope's brownstones
2608,2608,The Misunderstood Opossum,key:ditmas,inferred,a trash can opossum fits Ditmas Park's leafy yards
2609,2609,The One Mosquito,nb:Sunnyside,inferred,a lone 3am mosquito raid fits a Sunnyside bedroom
2610,2610,The Great Dane Studio,nb:East Village,inferred,a great dane filling a studio apartment fits the East Village
2611,2611,The Rare Bird Alert,key:central_park,stated,forty scopes converge on one ramble thicket
2612,2612,The Seventeen Year Guest,nb:New Dorp,stated,"the text names staten island, and New Dorp fits its porches and maples"
2613,2613,The Held Door,nb:Murray Hill,inferred,a held lobby door in the rain fits a Murray Hill doorman building
2614,2614,The Sidewalk Compliment,nb:Fort Greene,inferred,a stranger's sidewalk compliment fits Fort Greene
2615,2615,The Public Cry,key:subway_system,stated,crying at the train window in a packed car
2616,2616,The Solo Birthday Slice,nb:Astoria,inferred,a solo birthday slice at the counter fits an Astoria pizzeria
2617,2617,The Bandshell Waltz,key:cp_mall,inferred,a park bandshell waltz fits the Mall's Naumburg Bandshell in Central Park
2618,2618,The Countdown Sprint,nb:Midtown,inferred,a crosswalk countdown sprint fits Midtown
2619,2619,The Communal Table,nb:Chelsea,inferred,a food hall communal table fits Chelsea Market
2620,2620,The Boss Title,nb:Harlem,inferred,a deli grill man crowning customers fits Harlem
2621,2621,The Peach Inspector,nb:Astoria,inferred,a fruit stand peach inspection fits Astoria
2622,2622,The Pharmacy Line,nb:Elmhurst,inferred,a pharmacy line confessional fits Elmhurst
2623,2623,The Sunday Set,nb:Sunset Park,inferred,a sunday nail salon set fits Sunset Park's salon community
2624,2624,The Laundromat Telenovela,nb:Corona,inferred,a laundromat telenovela with translation fits Corona
2625,2625,The Everything Store,nb:Flatbush,inferred,a nine aisle 99 cent everything store fits Flatbush
2626,2626,The Window Shopper,key:madison_ave,inferred,a weekly avenue window shopping tour fits Madison Avenue
2627,2627,The Steps Lunch,key:met_museum,stated,museum steps and five thousand years of art matches the Met
2628,2628,The Last Seat,key:subway_system,stated,one seat opens on the packed train
2629,2629,The Chairs Up Signal,nb:West Village,inferred,a cafe closing its chairs up fits the West Village
2631,2631,The Pickup Game Jury,key:west_4th,inferred,a playground foul call jury fits the Cage at West 4th
2633,2633,The Roller Disco,nb:Central Park,inferred,the park skate circle reads as the Central Park roller disco
2634,2634,The Jingle Sprint,nb:Ridgewood,inferred,ice cream truck block scene spread outside Manhattan
2635,2635,The Suit in the Sprinkler,nb:Astoria,inferred,playground sprinkler heat scene fits a Queens block
2636,2636,The Package Room,nb:Upper West Side,inferred,package room super scene fits a doorman apartment block
2637,2637,The Doorman's December,nb:Upper East Side,inferred,tip season doorman fits an Upper East Side building
2638,2638,The Found Glove,key:ditmas,inferred,fence spike glove scene fits a quiet residential block
2639,2639,The Deli Roses,nb:East Village,inferred,midnight bodega rose buckets fit East Village bodega culture
2640,2640,The July Saint,nb:Washington Heights,inferred,heat emergency AC install fits a dense uptown block
2642,2642,The Dirty Water Dog,nb:Midtown,inferred,umbrella street cart hot dog stand is classic Midtown
2643,2643,The Empanada Window,key:lincoln_center,inferred,ballerinas in the line point to the Lincoln Center area
2644,2644,The Patty and Coco Bread,nb:Flatbush,inferred,patty and coco bread is Caribbean bakery fare of Flatbush
2645,2645,The Babka Debate,nb:Borough Park,inferred,chocolate versus cinnamon babka fits a Jewish bakery counter
2647,2647,The Firehouse Farewell,nb:Park Slope,inferred,firehouse retirement ceremony fits a Brooklyn engine company
2648,2648,The Storm Lineman,nb:Canarsie,inferred,storm restoration lineman fits a hard hit outer neighborhood
2649,2649,The Shovel Brigade,nb:Williamsbridge,inferred,snowed in ambulance dug out fits a residential Bronx block
2650,2650,The Eternal Shed,nb:Morningside Heights,inferred,twenty year sidewalk shed fits a dense uptown block
2652,2652,The Receipt Scroll,nb:Chelsea,inferred,drugstore long receipt scene fits a Manhattan chain pharmacy
2653,2653,The Brunch Wait,nb:Williamsburg,inferred,two hour brunch line versus empty diner fits Williamsburg
2654,2654,The Slush Lake,nb:Hell's Kitchen,inferred,unjumpable slush corner fits a busy Manhattan crosswalk
2655,2655,The Three One One Operator,nb:Financial District,inferred,311 call center operator sits in the Manhattan municipal district
2656,2656,The Seed's Dream,key:subway_system,stated,"the seed dreams beneath the tunnels, an Underground story"
2657,2657,The Pollen Count,key:subway_system,stated,bees ferry pollen along the elevated lines
2658,2658,The Sigil Apprentice,nb:Bushwick,inferred,4am sigil writer on a wall fits Bushwick graffiti culture
2659,2659,The Tower Colors,key:empire_state,stated,the great spire glows an unexplained color at night
2662,2662,The Tunnel Wind,key:subway_system,stated,warm air ahead of headlights rouses the platform
2663,2663,The Barber's Infinity,nb:Harlem,inferred,facing mirror barbershop fade fits a Harlem barbershop
2664,2664,The Eye Flower Honey,key:high_line,stated,rooftop hives drawing from the elevated line names the High Line
2665,2665,The Unfinished Block,nb:Long Island City,inferred,crane raising a new floor fits the Long Island City boom
2666,2666,The Guarantor,nb:Murray Hill,inferred,lease signing broker scene fits a rental heavy Manhattan neighborhood
2667,2667,The Ninth Spring,nb:Bushwick,inferred,the Painter's studio floor fits a Bushwick artist loft
2670,2670,The Traffic Light Nest,key:third_ave_bx,stated,sparrows nest at 149th and Third in the Bronx
2674,2674,The Pocket Pat,nb:Astoria,inferred,bodega doorway pocket pat fits a Queens corner store
2675,2675,The One Trip Doctrine,nb:Bay Ridge,inferred,Key Food grocery haul fits a Brooklyn shopping strip
2678,2678,The Front Car Window,key:subway_system,stated,the first car of an express train through the tunnel
2681,2681,The Apprentice's Cold Frame,key:28th_st,inferred,the Florist's Apprentice and eye flowers fit the Flower District
2682,2682,The Dollar Water Kids,nb:Corona,inferred,dollar water cooler at a park entrance fits a Queens park
2686,2686,The Open Window Season,nb:East Harlem,inferred,open window airshaft mix fits a dense tenement block
2688,2688,The Awning Crank,nb:Sunset Park,inferred,shopkeeper cranking an awning fits a Sunset Park storefront
2689,2689,The Dollar Slice Communion,nb:Greenwich Village,inferred,2am dollar slice counter fits a late night Village corner
2690,2690,The Bloom Route Map,key:subway_system,stated,a decommissioned token booth maps the bloom
2691,2691,The Two Seat Duffel,key:fulton_st,stated,the duffel boarded at Fulton names Fulton Street directly
2693,2693,The Stoop Sale Economy,boro:Brooklyn,stated,"a Brooklyn stoop sale, only the borough is named"
2697,2697,The First Stoop Beer,nb:Fort Greene,inferred,first stoop beer of spring fits a Brooklyn brownstone stoop
2698,2698,The Cozy Studio,nb:East Village,inferred,tiny cozy studio listing fits a cramped East Village walkup
2701,2701,The First Shorts,boro:Queens,stated,the first shorts guy answers on a Queens sidewalk
2704,2704,The Wet Paint Doubter,nb:Ridgewood,inferred,wet paint bench prank fits an ordinary neighborhood park bench
2706,2706,The Mosaic Setter,key:subway_system,stated,a mosaic setter restores a station name at 2am
2710,2710,The Hopscotch Nightcap,nb:Kingsbridge,inferred,chalked hopscotch under a streetlamp fits a residential Bronx block
2712,2712,The Photo Beside the Lottery,nb:Inwood,inferred,bodega wedding photos beside lottery fits a neighborhood corner store
2720,2720,The Mystery Wet Seat,key:subway_system,stated,the mystery wet seat gleams on a crowded evening train
2723,2723,The Napkin Math,nb:Woodside,inferred,roommate napkin math at a diner fits a Queens rental block
2726,2726,The Matchstick Rake,key:subway_system,inferred,the Rat Court's tunnel garden is an underground subway world
2731,2731,The Long Way Home,nb:Prospect Heights,inferred,long way home on a warm night fits a Brooklyn street walk
2740,2740,The Lunch Special Board,nb:Greenwich Village,inferred,deli whiteboard lunch special fits a Village corner deli
2742,2742,The Upstairs Bowling League,nb:Jackson Heights,inferred,upstairs bowling league ceiling noise fits a dense apartment block
2743,2743,The Window Box Rivalry,nb:Carroll Gardens,inferred,brownstone window box rivalry fits a Carroll Gardens facade
2744,2744,The Keeper's First Night,key:subway_system,stated,the Grate Keeper waters the original subway grate
2745,2745,The Roof Key,nb:Crown Heights,inferred,roof key tar beach party fits a Brooklyn walkup rooftop
2748,2748,The Sidewalk Superintendents,nb:Elmhurst,inferred,sidewalk superintendents at a Con Ed pit fit a Queens block
2749,2749,The You Good Nod,nb:Greenpoint,inferred,bodega you good greeting fits a transplant heavy Greenpoint corner
2750,2750,The Countdown Math,nb:Upper West Side,inferred,crosswalk countdown sprint fits a busy Manhattan avenue
2752,2752,The Floor Check,nb:Sheepshead Bay,inferred,banquet toast floor check fits a Brooklyn wedding hall
2754,2754,The Peak Bloom Weekend,key:bbg,stated,peak bloom cherry rows unmistakably names the Botanic Garden
2756,2756,The Saturday Chair,nb:Mott Haven,inferred,Saturday barbershop first cut fits a Bronx neighborhood shop
2757,2757,The Five Flight Carry,nb:East New York,inferred,five flight walkup grocery carry fits a Brooklyn tenement block
2759,2759,The Buzzer Sprint,nb:Lower East Side,inferred,buzzer sprint down four flights fits a Lower East Side walkup
2761,2761,The Signal Returns,key:subway_system,stated,the train breaks above ground onto elevated track
2763,2763,The Super's Rose,nb:Kensington,inferred,airshaft rosebush between two walkups fits a Brooklyn block
2764,2764,The On Line Slip,nb:Downtown Brooklyn,inferred,DMV on line slip fits the Downtown Brooklyn DMV office
2765,2765,The Chain Net Hour,key:rucker,inferred,golden hour chain net pickup game evokes Rucker Park lore
2767,2767,The Lens Bloom,nb:St. George,stated,a museum's first order Fresnel lens fits the lighthouse museum
2770,2770,The Execution Rocks Keeper,key:city_island,stated,Execution Rocks names a real light off City Island waters
2771,2771,The Stepping Stones Light,key:city_island,stated,Stepping Stones Light fleeing the Bronx anchors it near City Island waters
2774,2774,The West Bank Light,key:ny_harbor,stated,West Bank Light leans out of the lower bay
2776,2776,The Prince's Bay Light,boro:Staten Island,stated,Prince's Bay is stated Staten Island but no listed neighbourhood fits exactly
2778,2778,The Latimer Reef Light,nb:Throgs Neck,inferred,Latimer Reef fog scene fits the nearest Long Island Sound shore
2784,2784,The Flour Dust Choir,nb:Greenpoint,inferred,church basement pierogi grandmothers fit Greenpoint's Polish community
2785,2785,The Dawn Rooster,nb:Longwood,inferred,casita community garden rooster fits a Bronx casita garden block
2787,2787,The Three Dollars Short,boro:Bronx,stated,a Bronx grocery register short three dollars
2788,2788,The Second Coffee,nb:Turtle Bay,inferred,retired doorman corner coffee cart fits an East Side block
2790,2790,The Beautiful Stink,boro:Queens,stated,callery pears open along a Queens block
2793,2793,The Plow Map Vigil,nb:Bayside,inferred,family plow map vigil fits a snow prone outer Queens block
2795,2795,The Seventy Two Day Race,key:hudson_river,stated,Nellie Bly boards at a Hudson pier
2802,2802,The Five Cent Door,nb:Midtown,inferred,the classic Automat wall of doors fits a Midtown lunch counter
2807,2807,The Branch Opens,key:red_hook_b,inferred,a docker's daughter names the Red Hook waterfront trade
2811,2811,The Squeegee Sunrise,key:hudson_yards,inferred,window washers riding a glass tower at dawn fit Hudson Yards
2813,2813,The Tunnel Lanterns,key:subway_system,stated,track crews' lanterns bob between stations
2816,2816,The Tower Color Debate,key:empire_state,stated,the tower lit violet echoes the color changing spire
2817,2817,The Year Round Lights,nb:Dyker Heights,stated,one Dyker block never takes the string lights down
2818,2818,The Lamplight Reader,nb:Bedford-Stuyvesant,inferred,a kid reading under a stoop streetlamp fits a Bed-Stuy block
2819,2819,The Streetlight Wink,nb:Tremont,inferred,a botanica owner and eye flower fit a Bronx botanica corner
2822,2822,The Second Winter,nb:Financial District,inferred,wind whipped winter coat scene fits the Financial District canyons
2823,2823,The Borrowed Usual,nb:Kew Gardens,inferred,a deli counterman knowing her order fits a Queens neighborhood deli
2824,2824,The Last Back Home,nb:Clinton Hill,stated,saying back home and meaning Brooklyn stays inside the stated borough
2825,2825,The Year Six Tourist,key:liberty,stated,she finally rides out to the statue
2828,2828,The Steel Plate Pilgrimage,key:wall_street,inferred,a bank vault steel plate pilgrimage fits the Wall Street financial corridor
2829,2829,The Friendly Floor Sweep,nb:Chelsea,inferred,friends buying out an artist's collection fits Chelsea gallery culture
2830,2830,The Ten Dollar Minimum,nb:Woodhaven,inferred,a bodega card minimum sign fits an ordinary Queens corner store
2831,2831,The Unexpected Item,nb:Rego Park,inferred,a self checkout defense fits a Queens supermarket aisle
2832,2832,The Midnight Rev,nb:Ozone Park,inferred,a 2am motorcycle down an empty avenue fits a quiet Queens street
2834,2834,The Free Mattress,nb:Maspeth,inferred,a curbside free mattress fits an ordinary residential Queens block
2836,2836,The Staten Island Buck,nb:New Dorp,stated,Dongan Hills driveway sits beside New Dorp inside the stated borough
2837,2837,The Deli Door Dog,nb:Middle Village,inferred,a dog tied outside the deli fits an ordinary Queens corner
2838,2838,The Flyer Cat,nb:Glendale,inferred,a lost cat flyer block fits a quiet Queens residential street
2839,2839,The Window Gilder,key:foley_sq,inferred,a law office door gilder fits the courthouse district of Foley Square
2840,2840,The Organ Grinder,key:little_italy,inferred,an organ grinder's last corner fits the old world streets of Little Italy
2841,2841,The Hotel Switchboard,key:plaza_hotel,inferred,a hotel switchboard operator fits a grand old Manhattan hotel
2842,2842,The Ring Counter,nb:Forest Park,inferred,an arborist teaching from a fallen park oak fits a Queens forest park
2843,2843,The Class Capsule,nb:Auburndale,inferred,a schoolyard time capsule reunion fits a quiet Queens neighborhood
2844,2844,The Second Street Sign,nb:East Flatbush,inferred,a block honoring a beloved cook fits an East Flatbush street sign
2845,2845,The First Date Reenactment,key:chinatown_m,inferred,the anniversary dumpling spot names Chinatown's noodle and dumpling corners
2846,2846,The Mural Retouch,nb:Melrose,inferred,a block repainting its mural of the beloved fits a Bronx mural block
2850,2850,The Extra Plum,nb:Jamaica,inferred,a fruit cart's extra plum fits an ordinary Queens shopping strip
2851,2851,The First Dollar,nb:Bensonhurst,inferred,a corner store's first framed dollar fits a Brooklyn neighborhood shop
2852,2852,The Marigold Cart,nb:Cypress Hills,inferred,marigolds outside cemetery gates fit the Cypress Hills cemetery belt
2853,2853,The Annual Stoop Portrait,nb:Prospect Lefferts Gardens,inferred,the annual stoop portrait fits a Brooklyn brownstone block
2855,2855,The Domino Streetlight,nb:Highbridge,inferred,the streetlight domino table fits a Bronx sidewalk gathering spot
2856,2856,The Window Waver,nb:Richmond Hill,inferred,a woman waving schoolkids past her window fits a Queens block
2857,2857,The Door Question,key:subway_system,stated,you getting off resolves a packed subway car
2858,2858,The Window Unit Ritual,nb:Inwood,inferred,a five story window unit install fits a dense Inwood walkup
2861,2861,The Moonrise Platform,key:subway_system,stated,a full moon rises off an elevated platform gap
2863,2863,The Sparkler Alphabet,nb:Soundview,inferred,cousins writing names in sparkler light fits a Bronx July stoop
2865,2865,The Pilot Light,nb:Washington Heights,inferred,an abuela's forty year pilot light fits a Dominican Washington Heights kitchen
2866,2866,The Nine PM Light,nb:Prospect Park,inferred,a solstice evening of softball and dominoes fits Prospect Park's fields
2869,2869,The Brake Dust Warmth,key:subway_system,stated,the warm breath of an arriving express reaches the platform
2870,2870,The Overnight Pine,nb:Windsor Terrace,inferred,a sidewalk Christmas tree forest outside the deli fits a Brooklyn block
2871,2871,The Bagel Steam,nb:Kew Gardens Hills,inferred,a 6am bagel shop cloud fits a Queens neighborhood bagel counter
2872,2872,The Fresh Blacktop,nb:Wakefield,inferred,a freshly repaved block cooling under barricades fits a Bronx street
2874,2874,The Cold Green Breath,key:28th_st,inferred,a florist's cooler of stems and eucalyptus fits the Flower District
2877,2877,The Smell Before Snow,nb:Concourse,inferred,an old super smelling snow from his doorway fits a Bronx avenue
2878,2878,The Oven Breath,key:arthur_ave,inferred,a pizzeria's oven breath since 1947 fits Arthur Avenue's Italian corner
2881,2881,The Second Cart Ribbon,nb:East Elmhurst,inferred,a mango cart's second ribbon cutting fits a Queens street corner
2882,2882,The Midnight Key Ring,nb:Flushing,inferred,a midnight boiler room key handoff fits a Flushing apartment basement
2883,2883,The Eleven Block Detour,key:herald_sq2,inferred,an eleven block tourist detour fits the crossroads of Herald Square
2885,2885,The January Ledger,nb:Norwood,inferred,a bodega owner erasing a winter tab fits a Bronx corner store
2886,2886,The Alternate Side Boot,nb:Marine Park,inferred,the yellow parking boot on cleaning day fits a Brooklyn residential block
2888,2888,The Last Flight,key:alphabet_city,inferred,a fifth floor walkup's final flight fits an Alphabet City tenement
2890,2890,The Midnight Local,key:subway_system,stated,the express slides into running local past midnight
2891,2891,The Wraparound Line,nb:Prospect Heights,inferred,a wraparound brunch line fits a busy Brooklyn brunch corner
2892,2892,The Windowsill Forest,nb:Belmont,inferred,a grandmother's basil and sauce kitchen fits the Bronx Little Italy of Belmont
2893,2893,The Kissed Letter,nb:Rosebank,inferred,a man kissing an envelope at the corner mailbox fits a Staten Island block
2894,2894,The Curb Alert,nb:Greenpoint,inferred,a curbside free armchair legend fits a Brooklyn stoop culture block
2895,2895,The Payphone Fern,nb:West Village,inferred,the last dead payphone fits the preserved phone booths of the West Village
2896,2896,The Rug Check,nb:Flatiron,inferred,a first date candlelit table fits a Flatiron restaurant scene
2898,2898,The Stoop Firefly,nb:Morrisania,inferred,a stoop planter firefly with an abuela fits a Bronx block
2899,2899,The Both Trains Gamble,key:subway_system,stated,the pillar where local and express doors both land
2901,2901,The Broom Handle Swing,nb:Parkchester,inferred,a manhole plate stickball swing fits a classic Bronx stickball block
2902,2902,The Sunset Serve,nb:Brownsville,inferred,a sunset handball wall game fits Brownsville's handball court culture
2904,2904,The Waxed Caps,nb:Manhattanville,inferred,boys flicking waxed caps on a skully board fits a Manhattan block
2905,2905,The Ringolevio Jailbreak,nb:Dyker Heights,inferred,a ringolevio chase through connected backyards fits rowhouse Dyker Heights
2906,2906,The Manhunt Hour,nb:Douglaston,inferred,kids hiding behind hedges and parked cars fits a Queens home block
2907,2907,The Spades Slam,nb:Bedford-Stuyvesant,inferred,a spades hand on a milk crate table fits a Bed-Stuy stoop
2908,2908,The Domino Thunder,nb:Washington Heights,inferred,capicu called at the domino table names Dominican Washington Heights
2909,2909,The New Pavement Grid,nb:Fresh Meadows,inferred,fresh chalk hopscotch on new pavement fits an ordinary Queens block
2910,2910,The Box Ball Court,nb:Glen Oaks,inferred,a sidewalk box ball rally fits a quiet Queens residential block
2911,2911,The One Two Three Freeze,nb:Fort Greene,inferred,freeze tag against a brownstone wall fits a Fort Greene block
2912,2912,The Snow Pile Throne,nb:Pelham Bay,inferred,a corner snow pile throne after plowing fits a Bronx block
2914,2914,The Gold Leaf Steady,nb:St. Albans,inferred,a barbershop window sign gilder fits a Queens neighborhood shop
2915,2915,The Fire Escape Painter,nb:Lower East Side,inferred,a rose threaded fire escape rail fits Lower East Side tenement ironwork
2917,2917,The Terrazzo Polisher,nb:Upper West Side,inferred,a 1928 lobby terrazzo floor fits a prewar Upper West Side building
2919,2919,The Curb Number Painter,nb:Howard Beach,inferred,a curb number stencil painter fits an ordinary Queens residential block
2920,2920,The One Floor Forecast,nb:Gramercy,inferred,a fourth floor elevator weather chat fits a Gramercy apartment building
2921,2921,The Impulse Bouquet,nb:Bay Terrace,inferred,deli carnations on the walk home fit an ordinary Queens block
2922,2922,The Sliver of Shade,nb:South Jamaica,inferred,nine strangers sharing bus stop shade fit an ordinary Queens corner
2923,2923,The Broadsheet Fold,key:subway_system,stated,an old commuter folds a broadsheet on a packed train
2924,2924,The Stereo Home Run,nb:Morris Park,inferred,open windows running the same ballgame fit a Bronx residential block
2927,2927,The Shift Change Nod,key:subway_system,stated,night and day shift cross on the same platform at 6am
2928,2928,The Route Debate,nb:Whitestone,inferred,a diner argument over the best airport route fits a Queens diner near the airports
2930,2930,The Rolled Down Reunion,nb:Flatlands,inferred,two cars stopping window to window mid block fit a quiet Brooklyn street
2931,2931,The Back Window Goodbye,nb:East Harlem,stated,the M15 bus names a First and Second Avenue route reaching East Harlem
2932,2932,The Steel Plate Vows,nb:Bensonhurst,inferred,a fire escape basil planter fits an Italian American Brooklyn block
2933,2933,The Touched Grass,nb:Brooklyn Navy Yard,inferred,a sunrise rooftop garden fits the Navy Yard's working rooftop farms
2934,2934,The Early Exit Toast,nb:East Williamsburg,inferred,three friends toasting on a stoop fit an East Williamsburg block
2935,2935,The Bakery String Box,nb:Midwood,inferred,a string tied bakery box fits a Midwood neighborhood bakery counter
2936,2936,The Foil Twist,nb:Long Island City,inferred,a construction crew unwrapping breakfast on the curb fits Long Island City's building boom
2937,2937,The Garlic Knot Round,nb:Dyker Heights,inferred,a pizzeria treating a little league team fits an Italian American Brooklyn block
2938,2938,The Orange Pyramid,nb:Richmond Hill,inferred,a dawn fruit vendor rebuilding his pyramid fits a Queens shopping strip
2939,2939,The Poster Paster,nb:East Village,inferred,a 4am wheatpaste show poster fits East Village punk flyer culture
2940,2940,The Phone Case Wall,key:canal_st,inferred,a vendor's wall of phone cases fits the dense Canal Street stalls
2943,2943,The Vest Pocket Park,nb:Turtle Bay,inferred,a vest pocket park between towers fits Turtle Bay's small pocket parks
2945,2945,The Echo Corner,nb:Highbridge,inferred,an echoing overpass flagstone fits a Bronx block under the elevated
2946,2946,The Coffee Can Arc,nb:Harlem,inferred,an engineered open hydrant spray fits a classic Harlem summer block
2947,2947,The Pulley Note,nb:Manhattanville,inferred,a clothesline pulley note across an airshaft fits a Manhattanville walkup
2948,2948,The Midnight Ices,nb:Corona,inferred,lemon ices on the hottest night fit Corona's Italian ice tradition
2949,2949,The Chalk Block,nb:Glendale,inferred,a kid chalking the whole block fits an ordinary Queens residential street
2951,2951,The Morning Glory Bars,nb:Jackson Heights,inferred,morning glories on window security bars fit a dense Jackson Heights block
2952,2952,The Nest in the O,nb:Woodside,inferred,sparrows nesting in a deli sign letter fit an ordinary Queens corner store
2953,2953,The Window Box Route,nb:Windsor Terrace,inferred,a rooftop honeybee working window boxes fits a Windsor Terrace block
2954,2954,The Streetlight Moths,nb:Glen Oaks,inferred,moths around a corner streetlight fit a quiet Queens residential corner
2956,2956,The Catbird Show,nb:Great Kills,inferred,a catbird's set list on a folding chair porch fits a Staten Island block
2958,2958,The Hometown Visit,nb:Williamsburg,inferred,a transplant showing her parents the neighborhood fits a Williamsburg walk
2959,2959,The Renewal Signature,nb:Sunnyside,inferred,signing a lease on the washing machine fits an ordinary Sunnyside building
2960,2960,The Convert's Sermon,nb:Upper East Side,inferred,a transplant's bagel sermon crossing an avenue fits an Upper East Side crosswalk
2963,2963,The Petal Stall,key:subway_system,inferred,the Rat Court's tunnel market keeps the same underground subway world
2964,2964,The Scaffold Garden,nb:Bushwick,inferred,the sigil painted scaffold garden continues the Bushwick sigil writer's world
2965,2965,The Missed You Slip,nb:Rego Park,inferred,a missed delivery slip on an apartment door fits a Queens building
2966,2966,The Wave Back,nb:Richmond Hill,inferred,the block waving back at the watcher's window continues that Queens block
2970,2970,The Spring Clank,key:alphabet_city,inferred,a clanking tenement radiator fits the same Alphabet City walkup world
2980,2980,The Blooming Hydrant,nb:Crown Heights,inferred,the block's blooming open hydrant fits a Crown Heights summer street
2983,2983,The Ruby Visitor,nb:West Village,inferred,a hummingbird visiting blooming fire escapes fits a West Village block
2984,2984,The Pothos Anniversary,key:dumbo,inferred,a pothos framing a slice of skyline fits a DUMBO waterfront view
2985,2985,The Portfolio Planters,nb:East Williamsburg,inferred,a degen's coin named windowsill plants fit a young East Williamsburg apartment
2986,2986,The Blessed Sneeze,key:flatbush_ave,stated,"peak pollen hits the B41, which runs Flatbush Avenue"
2989,2989,The Petal Fight,nb:Clinton Hill,inferred,a corner tree petal fight refereed from a stoop fits a Clinton Hill block
2991,2991,The Drip Line,nb:Fresh Meadows,inferred,a sidewalk planter's drip line onto apartment 1A fits an ordinary Queens entrance
2992,2992,The Tomato Diplomacy,nb:Manhattanville,inferred,a tomato crossing an airshaft on a pulley fits the same Manhattanville walkup world
2993,2993,The Eleven Green Lights,key:amsterdam_ave,stated,the cabbie catches eleven green lights up Amsterdam
2994,2994,The Borrowed Scissors,nb:Rego Park,inferred,borrowing scissors from a hallway neighbor fits a Queens apartment floor
2995,2995,The Nine Second Miss,nb:Bushwick,inferred,the transit cop chasing the Sigil Writer continues the Bushwick sigil world
2997,2997,The Bulb Bandit,nb:Forest Hills,inferred,a squirrel robbing window box tulip bulbs fits Forest Hills garden blocks
2998,2998,The Second Ring,key:city_hall,inferred,a survey office map room archive fits the city's municipal record halls
2999,2999,The Budding Frame,nb:Chelsea,inferred,the Collector's gallery of empty frames fits Chelsea's gallery world
3000,3000,The Full Bloom,key:empire_state,inferred,the citywide bloom seen as one great iris fits a great height overlook
3002,3002,The Elevator Peonies,nb:Concourse,stated,a Bronx elevator ride stays inside the record's stated borough
3004,3004,The Watering Hour,nb:Carroll Gardens,inferred,a whole block watering window boxes at once fits a Carroll Gardens facade row
3007,3007,The Petal Indicator,nb:East Williamsburg,inferred,a degen charting fire escape blooms fits a young East Williamsburg apartment
3008,3008,The Bodega Kitten Debut,nb:Bath Beach,inferred,a bodega kitten's counter debut fits an ordinary Brooklyn corner store
3012,3012,The Thanksgiving Defense,nb:Sunnyside,inferred,a transplant defending her adopted city fits a transplant heavy Queens block
3014,3014,The Borough Hall Lift,nb:Downtown Brooklyn,stated,strangers lift a stroller down the Borough Hall stairs
3015,3015,The Sidewalk Cinema,nb:Bedford-Stuyvesant,inferred,a milk crate projector block screening fits Bed-Stuy block party culture
3017,3017,The Night Janitor,nb:Fresh Meadows,stated,an opossum along a Queens fence line stays inside the stated borough
3018,3018,The Houston Correction,key:houston_st,stated,a tourist mispronounces Houston Street and gets corrected
3020,3020,The Borrowed Summer,key:botanical,stated,the conservatory palm house under ninety foot fronds
3021,3021,The Zeppole Dust,key:little_italy,inferred,a zeppole stand past two saints names the Feast of San Gennaro streets
3022,3022,The Monday Winder,key:fifth_ave,inferred,the last street clocks on the avenue fit Fifth Avenue's historic sidewalk clocks
3024,3024,The One Outlet Party,nb:Crown Heights,inferred,a whole block party wired off one window fits Crown Heights soundsystem culture
3025,3025,The Key Deposit,nb:Cambria Heights,inferred,a bodega counter trusted with spare keys fits an ordinary Queens block
3027,3027,The Seventeen Year Chorus,nb:Todt Hill,stated,the wooded oaks of Todt Hill fit the stated Staten Island cicada scene
3029,3029,The Card Catalog Seeds,key:red_hook_b,inferred,the branch library's seed catalog continues the Red Hook library's story
3030,3030,The Crossing Lesson,nb:Auburndale,inferred,a father teaching a curb crossing lesson fits a quiet Queens block
3031,3031,The Guard's Hour,key:met_museum,stated,five centuries of faces down the parquet unmistakably names the Met
3033,3033,The Trumpet Upstairs,nb:Kingsbridge,inferred,a trumpet student's building wide practice hour fits a Bronx apartment block
3034,3034,The Chalk Garden,nb:Laurelton,inferred,kids chalking a garden after rain fits an ordinary Queens sidewalk
3036,3036,The Friday Buckets,nb:Ocean Hill,inferred,payday emptying the deli flower buckets fits an Ocean Hill corner store
3040,3040,The Last Bell Flood,nb:South Ozone Park,inferred,the last school bell of June fits an ordinary Queens elementary block
3041,3041,The Five AM Counter,nb:College Point,inferred,a 5am diner holding cabbies and nurses fits a Queens all night counter
3043,3043,The Craigslist Best Man,nb:Gravesend,inferred,a wedding toast reading an old roommate ad fits a Brooklyn banquet hall
3045,3045,The Roof Count,nb:Long Island City,stated,a Queens tar roof counting fireworks fits Long Island City's East River view
3046,3046,The Picnic Bee,nb:Prospect Park,inferred,a picnic blanket bee scene fits a Prospect Park lawn
3048,3048,The Window Unit Drip,nb:Hell's Kitchen,inferred,window unit drips down a busy avenue fit a Hell's Kitchen block
3050,3050,The Monarch Transfer,key:dumbo,stated,a monarch boards the F train at York Street station
3051,3051,The Overhead Meadows,key:line_j,stated,a commuter looks down from the elevated J
3052,3052,The Second Stand,nb:Bellerose,inferred,a lemonade stand's second hydrant location fits an ordinary Queens block
3053,3053,The Water First Rule,nb:Greenpoint,inferred,a degen's fire escape blooms before charts fits a young Greenpoint apartment
3054,3054,The Braiding Hour,nb:Flatbush,inferred,three generations braiding hair on a stoop fits Flatbush Caribbean stoop culture
3055,3055,The Fire Escape Inspector,nb:University Heights,inferred,a raccoon's 2am fire escape audit fits an ordinary Bronx block
3056,3056,The Basil Ceremony,key:arthur_ave,inferred,roof basil carried down to the pizzeria pass continues Arthur Avenue's old pizzeria world
3058,3058,The Extra Stops,key:subway_system,stated,two friends ride four stops past their stations
3060,3060,The Closing Time Stems,nb:Lower East Side,stated,the M15 pulling away names a First and Second Avenue route through the Lower East Side
3061,3061,The Roof Call Home,nb:Astoria,inferred,a rooftop call home under the Flower Moon fits a transplant heavy Astoria roof
3062,3062,The Petal Piles,nb:Riverdale,inferred,petal piles the morning after the Full Bloom fit a quiet Bronx block
3064,3064,The Five Dollar Portrait,key:sugar_hill,inferred,an instant camera under a flowered street lamp fits Sugar Hill's elegant blocks
3081,3081,The Puffer Season Opener,nb:Eastchester,inferred,a whole block emerging in puffer coats fits an ordinary Bronx block
3086,3086,The Chair Turn,nb:Springfield Gardens,inferred,a boy's first mirror lineup fits an ordinary Queens barbershop
3088,3088,The Bootleg Jersey King,key:yankee_stadium,stated,outside the stadium on the four train that serves it
3089,3089,The Laundromat Runway,nb:Stapleton,inferred,a grandmother judged laundromat runway fits a Staten Island laundromat
3092,3092,The Bodega Cat Stylist,nb:Jamaica,inferred,a bodega cat deciding the hoodie sale fits an ordinary Queens corner store
3093,3093,The Bin Dive,key:garment,stated,the bin dive happens on West Thirty Fifth Street
3095,3095,The Halal Cart Coat,key:53rd_6th,stated,the halal cart sits near Fifty Third and Sixth
3096,3096,The Fur Truce,key:garment,inferred,two uptown coat dealers under an awning fit the Garment District's fur trade
3099,3099,The Last Fitting Before Midnight,nb:SoHo,inferred,a seamstress finishing a gown at midnight fits a SoHo fashion atelier
3139,3139,The Handoff,nb:Flushing,inferred,a bodega counter handoff before the order finishes fits a Flushing corner store
3144,3144,The Broken Umbrella Reef,key:herald_sq2,inferred,a corner trash can of broken umbrellas fits a busy Herald Square corner
3147,3147,The Last Bodega Rose,nb:East Village,inferred,a swapped rose from the register bucket continues the East Village bodega rose scene
3150,3150,The Strongest Green,nb:Riverdale,stated,a runaway stroller on a Bronx hill fits Riverdale's hilly streets
3151,3151,The Bunker Coat,nb:Park Slope,inferred,a firefighter on the rig bumper continues the Park Slope firehouse story
3154,3154,The Keyring Symphony,nb:Flushing,inferred,a super's forty key ring for a locked out tenant fits a Flushing apartment building
3155,3155,The Apron Line,nb:Kew Gardens,inferred,a deli man building six sandwiches at once fits a Queens neighborhood deli
3161,3161,The Scooped Bagel,nb:Midwood,inferred,the scooped bagel request fits a Midwood neighborhood bagel counter
3164,3164,The Alternate Side Ballet,nb:Marine Park,inferred,the alternate side street cleaning shuffle continues the Marine Park block story
3171,3171,The Awning Shelter,nb:Bedford-Stuyvesant,inferred,a bodega awning stoop crowd fits Bed-Stuy street life
3176,3176,The Man Who Knows the Conductor,key:subway_system,stated,a conductor and station window scene is unmistakably the subway
3178,3178,The Drip Map,nb:Ridgewood,inferred,six story walkups with AC drip fit a Ridgewood block
3180,3180,The Collector's Coat,nb:Washington Heights,inferred,an archive collector's apartment fits Washington Heights walkups
3181,3181,The Fifth Floor Sofa,nb:Sunset Park,inferred,a fifth floor walkup sofa move fits Sunset Park housing stock
3183,3183,The Signature,nb:Murray Hill,inferred,a broker's office signing a first lease fits Murray Hill rentals
3184,3184,The Broker Fee,nb:Hell's Kitchen,inferred,a broker fee negotiation fits Hell's Kitchen rental turnover
3185,3185,The Mugs Move In,nb:Astoria,inferred,a first shared kitchen fits Astoria's young renter mix
3187,3187,The Tub in the Kitchen,nb:Lower East Side,inferred,a tenement tub in the kitchen is classic Lower East Side
3188,3188,The Airshaft Opera,nb:East Village,inferred,a tenement airshaft serenade fits the East Village
3189,3189,The Returned Package,nb:Park Slope,inferred,a stoop package return fits a Park Slope brownstone block
3193,3193,The Emptied Room,nb:Woodside,inferred,an emptied walkup apartment fits Woodside's rental turnover
3194,3194,The Key Under the Mat,nb:Fort Greene,inferred,a key left under the mat fits a Fort Greene brownstone block
3196,3196,The Mural Repaint,boro:Bronx,stated,a crew repaints a memorial mural on a Bronx wall
3197,3197,The Candle Wall,boro:Brooklyn,stated,a sidewalk shrine grows against a Brooklyn wall
3199,3199,The Night Before the Steps,key:garment,inferred,a designer's studio before a show night sits in the Garment District
3224,3224,The Frieze,key:yankee_stadium,stated,the white filigree frieze rings the Bronx ballpark
3226,3226,The Box Under the Arm,nb:SoHo,inferred,a sneaker release line applause fits SoHo store culture
3227,3227,The First Crease,boro:Brooklyn,stated,the first crease appears on a Brooklyn sidewalk
3228,3228,The Deadstock Reveal,nb:Harlem,inferred,a deadstock sneaker reveal among friends fits Harlem sneaker culture
3230,3230,The Pair Passed Down,nb:Corona,inferred,a hand me down sneaker hallway moment fits a Corona apartment building
3233,3233,The Rain Day Decision,nb:Sunnyside,inferred,a doorway rain decision fits a Sunnyside apartment stoop
3236,3236,The Pair He Never Wore,boro:Queens,stated,he laces them into a Queens evening
3240,3240,The Mango and Chili Cart,nb:Jackson Heights,inferred,a mango and chili cart fits Jackson Heights street food
3242,3242,The Egg Cream Revival,boro:Brooklyn,stated,the egg cream lesson happens at a Brooklyn luncheonette
3250,3250,The Last Edition,nb:Midtown,inferred,a newsstand kiosk closing fits a Midtown commuter corner
3251,3251,The Ticket Stub,nb:Elmhurst,inferred,a decades old shoe repair counter fits an Elmhurst storefront strip
3252,3252,The Locksmith at Midnight,nb:Inwood,inferred,a midnight locksmith call fits an Inwood walkup hallway
3254,3254,The Shed Comes Down,nb:Harlem,inferred,a scaffold coming down to reveal brownstone brick fits Harlem
3262,3262,The Coyote on the Bridge,boro:Bronx,stated,a coyote trots across a Bronx bridge
3265,3265,The Loose Peacock,boro:Bronx,stated,a peacock walks a Bronx sidewalk
3266,3266,The Owl Everyone Loved,key:central_park,stated,an owl escaped from a park enclosure and loved by the city is Flaco's story
3271,3271,The Express That Went Local,key:subway_system,stated,an express train runs local with no line named
3279,3279,The Doorway Nap,nb:Woodhaven,inferred,a hardware store doorway nap fits a Woodhaven storefront block
3282,3282,The Band Practice,boro:Queens,stated,a marching band rehearses in a Queens parking lot
3287,3287,The Sunrise Court,boro:Brooklyn,stated,a man shoots free throws on a Brooklyn court
3289,3289,The Opening Day Pool,key:astoria_pool,inferred,opening day crowds at a big public pool point to Astoria Pool
3296,3296,The Sled Hill,nb:Brooklyn Heights,stated,three generations sled the Pierrepont Playground hill
3297,3297,The Hydrant Summer,nb:East New York,inferred,an opened hydrant block party fits East New York summers
3299,3299,The Night Before the Run,key:verrazzano,stated,the bridge in a Staten Island hotel window before a race is the Verrazzano
3309,3309,The Cooler Door,nb:East Harlem,inferred,a late night bodega cooler decision fits East Harlem
3313,3313,The Fourteenth of February Bucket,nb:Sunset Park,inferred,a bodega giving away Valentine's flowers fits Sunset Park
3315,3315,The Credit Book,nb:Washington Heights,inferred,a running bodega credit tab fits Washington Heights bodega culture
3316,3316,The Block Association,nb:Clinton Hill,inferred,a church basement block association meeting fits Clinton Hill
3318,3318,The Handler's Grip,nb:Chelsea,inferred,art handlers moving a valuable canvas fits the Chelsea gallery world
3319,3319,The Guard's Favorite,key:met_museum,inferred,a career long museum guard fits the Met's long serving guard corps
3322,3322,The First Sale,nb:Bushwick,inferred,an emerging artist's first sale fits Bushwick's gallery scene
3324,3324,The Piece Under the Bridge,boro:Bronx,stated,a writer finishes a piece on a Bronx underpass
3325,3325,The Buff Truck,nb:Bushwick,inferred,a mural getting buffed over is a familiar Bushwick street art conflict
3326,3326,The Freight Yard Dawn,boro:Queens,stated,a writer sits on a Queens freight yard fence
3329,3329,The Model Who Stayed,nb:Long Island City,inferred,a life drawing studio fits Long Island City's artist lofts
3333,3333,The Line,boro:Queens,stated,a background extra gets a line on a Queens set
3335,3335,The Open Mic Miracle,key:alphabet_city,stated,a Nuyorican style open mic is the Nuyorican Poets Cafe scene
3336,3336,The Last Set,nb:Greenwich Village,stated,a jazz club in the Village at two in the morning
3338,3338,The Warehouse Sunrise,nb:East Williamsburg,inferred,a warehouse door opening on dancers at dawn fits East Williamsburg raves
3339,3339,The Coat Check Number,key:meatpacking,inferred,a coat check girl and crowded rail reads as a Meatpacking club night
3340,3340,The Bouncer Who Remembered,nb:Chelsea,inferred,a doorman recognizing a regular fits a Chelsea nightclub door
3341,3341,The Bodega After,nb:Crown Heights,inferred,an after hours bodega feast in club clothes fits Crown Heights nightlife
3345,3345,The Waitress Who Knows,nb:Astoria,inferred,a diner regular and a never empty mug fits an Astoria Greek diner
3349,3349,The Side Hustle Spreadsheet,key:subway_system,inferred,a late train spreadsheet check fits a generic subway ride home
3350,3350,The Second Uniform,key:subway_system,stated,he changes shirts in a subway station bathroom mirror
3352,3352,The Tip Jar,nb:Williamsburg,inferred,a barista finding a big tip fits a Williamsburg coffee shop
3353,3353,The License Finally,nb:Flushing,inferred,a street vendor's permit finally arriving fits Flushing cart culture
3354,3354,The Cart Handed Over,nb:East Elmhurst,inferred,a father handing the tongs to his son fits an East Elmhurst lunch cart
3355,3355,The New Name on the Awning,nb:Inwood,inferred,a bodega changing hands after decades fits an Inwood corner store
3356,3356,The Storefront Goes Dark,nb:Bay Ridge,inferred,a beloved corner shop closing fits a Bay Ridge storefront strip
3358,3358,The Ninety Nine Cent Empire,key:jamaica_ave,inferred,a discount store with thousands of items fits the Jamaica Avenue strip
3362,3362,The Unlocker,boro:Bronx,stated,a phone repair kiosk in a Bronx mall
3363,3363,The Watch Window,key:diamond,inferred,a watch repairman with a loupe fits the Diamond District
3364,3364,The Chalk Portrait,key:garment,inferred,a tailor chalk marking a jacket shoulder fits the Garment District
3365,3365,The Dry Cleaner's Miracle,nb:Forest Hills,inferred,a neighborhood dry cleaner miracle fits a Forest Hills strip
3366,3366,The Alteration Before Eight,nb:Sunset Park,inferred,a fast alteration before a ceremony fits Sunset Park's garment trade
3369,3369,The Tree Lighting Crush,key:rock_center,stated,the Rockefeller Center tree goes on
3370,3370,The Avenue Menorah,key:grand_army,stated,a great menorah lit on a Brooklyn avenue is the Grand Army Plaza menorah
3372,3372,The Prayer in the Park,boro:Queens,stated,hundreds pray on a Queens park lawn for Eid
3381,3381,The Fire Escape Sleep,nb:Lower East Side,inferred,a heat wave fire escape sleep is classic Lower East Side tenement life
3382,3382,The Storm Delivery,boro:Bronx,stated,a delivery rider climbs a Bronx hill in the snow
3385,3385,The Lights Come Back,nb:Financial District,stated,the text explicitly names Lower Manhattan
3390,3390,The Cicada Year,boro:Staten Island,stated,the brood emerges in a Staten Island backyard
3394,3394,The Clock Falls Back,nb:Midtown,inferred,an office tower worker leaving into early dark fits Midtown
3397,3397,The Salt Line,boro:Queens,stated,boots are mourned on a Queens stoop
3398,3398,The Longest Night,boro:Bronx,stated,candles are held in a Bronx churchyard
3402,3402,The Note on the Windshield,nb:Rego Park,inferred,a scraped bumper apology note fits a Rego Park side street
3404,3404,The Reunion at the Shelter,nb:East New York,inferred,NYC's animal shelter network has a hub in East New York
3405,3405,The Catch,boro:Bronx,stated,a stranger catches a toddler off a Bronx stoop rail
3407,3407,The Compressions,boro:Queens,stated,a nurse starts compressions on a Queens platform floor
3411,3411,The Warming Bus,nb:Downtown Brooklyn,inferred,an outreach worker's warming bus fits a Downtown Brooklyn transit stop
3413,3413,The Mutual Aid Roster,nb:Kensington,inferred,a taped up mutual aid roster fits a Kensington apartment hallway
3414,3414,The Tutor at the Long Table,nb:Concourse,inferred,a retired teacher tutoring at a branch library fits Concourse
3416,3416,The Oath,key:foley_sq,stated,a downtown federal oath ceremony room is the Foley Square federal complex
3418,3418,The Queen Touches the Crown,key:subway_system,stated,the girder sits above subway tracks with no line named
3419,3419,The Old King Steps Down,key:subway_system,stated,a disused tunnel with a rail where the king walks
3424,3424,The First of the Next,boro:Brooklyn,stated,a father carries the newborn out of a Brooklyn hospital door
3426,3426,The Landlord Who Fixed It,nb:Flatbush,inferred,a landlord fixing a basement boiler fits a Flatbush rental building
3427,3427,The Model Withdrawn,nb:Long Island City,inferred,a community board fighting a tower model fits Long Island City's development battles
3428,3428,The Rezoning Room,nb:Inwood,inferred,a packed school auditorium rezoning fight recalls the Inwood rezoning battle
3431,3431,The Successor Cat,nb:Chinatown,inferred,a bodega cat succession ritual fits a Chinatown corner store
3432,3432,The Nine Lives Ledger,key:alphabet_city,inferred,a decades old bodega stray ledger fits an Alphabet City corner store
3435,3435,The Old Timer's Stool,key:mcsorleys,inferred,a corner bar with decades of history fits McSorley's Old Ale House
3436,3436,The Stool Left Empty,key:white_horse,inferred,an empty stool tribute at a classic corner bar fits the White Horse Tavern
3439,3439,The Repast in the Church Hall,key:st_albans_q,stated,a Southeast Queens church repast fits the St. Albans area
3441,3441,The Card in Her Handwriting,nb:Flushing,inferred,a grandmother's recipe card translated by cooking fits Flushing's immigrant kitchens
3442,3442,The Coat Refitted,nb:Borough Park,inferred,a tailor refitting a father's overcoat fits Borough Park's garment trade community
3443,3443,The Album on the Stoop,nb:Prospect Heights,inferred,a brownstone stoop photo album across generations fits Prospect Heights
3445,3445,The Tape Transferred,nb:Elmhurst,inferred,a shop transferring an old home video fits an Elmhurst electronics storefront
3446,3446,The Voicemail Kept,boro:Queens,stated,a man on a Queens bus plays a saved voicemail
3449,3449,The Apartment Passed Down,nb:Sunnyside,inferred,an apartment passed down to a daughter fits a Sunnyside rental building
3450,3450,The Keys in the Palm,nb:Washington Heights,inferred,keys passed down for a held building fits Washington Heights' long held walkups
3452,3452,The Plate at the Door,nb:Kew Gardens,inferred,a covered plate for a new tenant fits a Kew Gardens apartment hallway
3455,3455,The Roof Introduction,nb:Bushwick,inferred,a tar roof gathering with neighbors fits a Bushwick rooftop
3456,3456,The Permit Granted,boro:Bronx,stated,a permit is held up in a Bronx kitchen
3458,3458,The Sprinkler and the Speaker,nb:Canarsie,inferred,a sprinkler and speaker block party fits a Canarsie street
3459,3459,The Domino Table,nb:Washington Heights,inferred,a crowded domino table fits Washington Heights' Dominican domino culture
3460,3460,The Grill That Fed Everyone,nb:Flatbush,inferred,a half drum grill feeding a block party fits Flatbush's Caribbean cookouts
3461,3461,The Dance That Started It,nb:Crown Heights,inferred,a grandmother starting the dancing on a closed street fits Crown Heights
3462,3462,The Photograph Everyone Is In,nb:Bedford-Stuyvesant,inferred,a whole block on one stoop and fire escape fits Bed-Stuy brownstones
3463,3463,The Cleanup at Midnight,nb:Sunset Park,inferred,a midnight block party cleanup fits a Sunset Park street
3464,3464,The Block at Rest,nb:Jackson Heights,inferred,barricades coming down after a block party fits Jackson Heights
3465,3465,The Last Look,key:bryant,inferred,a runway finale season closer recalls Bryant Park's Fashion Week history
3466,3466,The Mirror Faces Out,boro:Manhattan,stated,a mirrored panel is hoisted onto a Manhattan building face
3470,3470,The Crossing Signal Learns to Beg,boro:Queens,stated,the crossing signal is at a Queens intersection
3471,3471,The Statue That Blinked First,boro:Brooklyn,stated,a bronze figure stands in a Brooklyn triangle park
3479,3479,The Slicer Who Knows Your Order,nb:Washington Heights,inferred,a classic bodega counter scene fits Washington Heights' many bodegas
3480,3480,The Coffee Urn at Four Fifteen,nb:Astoria,inferred,a coffee urn serving night and day shifts fits an Astoria corner store
3481,3481,The Lottery Terminal Feels Guilty,nb:Corona,inferred,a bodega lottery terminal scene fits Corona's corner stores
3483,3483,The Cooler Door Holds a Grudge,nb:Flatbush,inferred,a bodega cooler door scene fits Flatbush corner stores
3484,3484,The Chopped Cheese Griddle,nb:Harlem,stated,the prompt explicitly names an uptown bodega
3488,3488,The Flower Bucket Out Front,nb:Bushwick,inferred,a corner store flower bucket scene fits a Bushwick block
3493,3493,The Newsstand That Reads Aloud,key:subway_system,stated,a shuttered subway entrance newsstand with no line named
3503,3503,The Countdown Clock Lies Kindly,key:subway_system,stated,a platform countdown clock with no line named
3505,3505,The Emergency Brake Thinks It Over,key:subway_system,stated,"a crowded subway car with straps swaying, no line named"
3510,3510,The Citi Bike That Went Home,nb:Williamsburg,inferred,a share bike scene fits Williamsburg's dense Citi Bike network
3513,3513,The Signal Tower Confesses Delays,key:subway_system,stated,"a signal tower routes trains at a junction, no line named"
3519,3519,The Announcement Nobody Understood,key:subway_system,stated,"a platform speaker during rush hour, no line named"
3520,3520,The Bus Shelter Grew a Roof,boro:Queens,stated,a bus shelter roof stretches in a Queens downpour
3521,3521,The Ticket Gate Remembers Grandpa,boro:Bronx,stated,a commuter rail gate holds open at a Bronx mezzanine
3523,3523,The Track Bed Garden,boro:Queens,stated,the track bed gardens under a Queens elevated line
3526,3526,The Snack Machine Drops Two,key:bellevue,inferred,a hospital basement vending machine scene fits Bellevue's long corridors
3528,3528,The Gumball Machine Counts,nb:Glendale,inferred,a hardware store lobby gumball machine fits a Glendale storefront
3530,3530,The Newspaper Box Opened Free,nb:Murray Hill,inferred,a rusted sidewalk newspaper box fits a Murray Hill corner
3531,3531,The Toll Booth Waved,key:verrazzano,inferred,a bridge toll gantry with the skyline receding in the mirror fits the Verrazzano leaving the city
3536,3536,The Vending Wall at Three,nb:Financial District,inferred,an empty office lobby at three in the morning fits the Financial District
3542,3542,The Walk In Kept the Cake,key:little_italy,inferred,a restaurant walk in freezer during a blackout fits Little Italy's dense kitchens
3549,3549,The Cuchifrito Window,boro:Bronx,stated,a steam table window on a Bronx avenue
3558,3558,The Bodega Grill Cheese Miracle,nb:East Harlem,inferred,a bodega grilled cheese counter fits an East Harlem storefront
3559,3559,The Catering Tray Multiplied,nb:Crown Heights,inferred,a church basement catering tray fits a Crown Heights congregation
3562,3562,The Bodega TV Plays the Game,nb:Corona,inferred,a bodega crowd watching a ninth inning fits Corona near Citi Field
3564,3564,The Bus Shelter Ad Waved,nb:Sunnyside,inferred,a bus shelter poster scene fits a Sunnyside stop
3567,3567,The Jumbotron Found One Face,key:msg,inferred,a packed arena jumbotron moment fits Madison Square Garden
3570,3570,The Group Chat Rendered,nb:Long Island City,inferred,a rooftop group chat over the skyline fits Long Island City's skyline views
3571,3571,The Deli Menu Board Rewrote,nb:Murray Hill,inferred,a backlit deli menu board fits a Murray Hill chrome counter deli
3573,3573,The Karaoke Screen Waited,key:k_town,inferred,a karaoke room with disco scatter fits Koreatown's karaoke rooms
3574,3574,The Bodega Lotto Screen,nb:East New York,inferred,a bodega lotto numbers screen fits an East New York corner store
3575,3575,The Cab Screen Shut Up,key:queensboro_bridge,inferred,a taxi crossing a bridge with cables strobing fits the Queensboro Bridge
3576,3576,The Security Wall,nb:Financial District,inferred,a building basement security wall fits a Financial District office tower
3578,3578,The Bodega Camera Livestream,nb:Williamsburg,inferred,a bodega security feed gone viral fits Williamsburg's young crowd
3581,3581,The Bodega Radio Never Off,nb:Sunset Park,inferred,a bodega radio never switched off since 1991 fits Sunset Park
3582,3582,The Cinema Marquee Relit,boro:Queens,stated,a single screen theatre marquee relights in Queens
3583,3583,The Phone Booth of Light,boro:Bronx,stated,one of the last glass phone booths on a Bronx corner
3584,3584,The Screen That Showed the Block,nb:Downtown Brooklyn,inferred,a giant construction site screen fits Downtown Brooklyn's building boom
3587,3587,The Stickball Broom,boro:Bronx,stated,a broom handle bat on a Bronx street
3589,3589,The Bowling Pin Refused,boro:Brooklyn,stated,the last pin wobbles in a Brooklyn alley
3590,3590,The Boxing Bell Held Off,key:dumbo,stated,a Gleason style gym unmistakably references Gleason's Gym in DUMBO
3594,3594,The Chessboard Reset Itself,key:washington_sq,inferred,stone chess tables and hustlers are the Washington Square Park chess corner
3598,3598,The Track at Icahn,nb:Randall's Island,stated,the sprinter runs on the Icahn Stadium track
3599,3599,The Trophy Case Opened,boro:Queens,stated,the trophy case is in a Queens school hallway
3604,3604,The Iron Pressed a Memory,nb:Woodhaven,inferred,a dry cleaner's press counter fits a Woodhaven storefront
3608,3608,The Barber Chair Reclined,boro:Bronx,stated,a hydraulic barber chair in a Bronx shop
3611,3611,The Boot Repair Bench,nb:Elmhurst,inferred,a basement cobbler's bench fits an Elmhurst storefront strip
3613,3613,The Thrift Rack Parted,nb:East Village,inferred,a dense thrift store rack fits East Village thrift culture
3614,3614,The Tailor's Chalk Drew,key:garment,inferred,a tailor's chalk drawing a pattern fits the Garment District
3616,3616,The Bodega Sock Table,nb:Corona,inferred,a freezing avenue sock table fits a Corona street vendor block
3617,3617,The Perfume Counter Remembered,key:herald_sq2,inferred,a department store fragrance counter fits Macy's at Herald Square
3620,3620,The Custom Airbrush Booth,nb:Harlem,inferred,custom airbrush memorial jackets are a fixture of Harlem's 125th Street vendors
3621,3621,The Bandana Folded Itself,nb:Jamaica,inferred,a street table of bandanas on an avenue fits Jamaica Avenue vendors
3622,3622,The Runway of the Unhoused,key:bowery,inferred,a sidewalk coat donation line for the unhoused fits the Bowery's shelter history
3626,3626,The Pedestal Refused,key:hudson_yards,inferred,an art fair booth points to Frieze New York at The Shed in Hudson Yards
3627,3627,The Spray Can Finished the Piece,boro:Bronx,stated,a can finishes a mural on a Bronx wall
3628,3628,The Museum Bench Slept,key:fort_tryon,stated,the medieval hall with stone arches evokes the Cloisters
3629,3629,The Crate Opened Early,key:moma,inferred,a museum loading dock crate opening fits MoMA's shipping bay
3630,3630,The Statue Stepped Off,key:met_museum,stated,a marble figure sits in a Greek and Roman hall
3632,3632,The Palette Mixed the Colour,nb:SoHo,inferred,a bare studio in north light fits SoHo's old artist lofts
3634,3634,The Kiln Kept Its Promise,boro:Queens,stated,a kiln in a Queens ceramics studio
3638,3638,The Auction Paddle Fell,nb:Upper East Side,inferred,a grand auction room with chandeliers fits the Upper East Side auction houses
3639,3639,The Vitrine Fogged a Message,key:amnh,inferred,a museum vitrine with artefact lighting fits the Natural History Museum
3641,3641,The Buff Grew Back,nb:Bushwick,inferred,a buffed mural growing back fits Bushwick's street art conflicts
3644,3644,The Magazine Cover Swapped,nb:Midtown,inferred,a newsstand rack at rush hour fits a Midtown commuter corner
3645,3645,The Library Card Catalogue,boro:Brooklyn,stated,a card catalogue in a Brooklyn branch library
3646,3646,The Overdue Book Came Back,key:nypl,stated,stone lions on the library steps at morning
3647,3647,The Shelf Rearranged,key:nypl,inferred,a reordering library stack fits the New York Public Library
3648,3648,The Zine Table,nb:Bushwick,inferred,a church basement zine fair fits Bushwick's zine culture
3649,3649,The Typewriter Finished the Letter,nb:Greenwich Village,stated,a typewriter finishes a letter in a Village apartment
3650,3650,The Bodega Paper Stack,nb:Woodside,inferred,a shuttered store's dawn paper stack fits a Woodside corner
3653,3653,The Reading Room Lamp,key:nypl,stated,a brass lamp with a green glass shade in the great reading room
3655,3655,The Archive Box,key:city_hall,inferred,a municipal basement archive box fits the city records near City Hall
3656,3656,The Newsstand Man's Stool,key:subway_system,stated,a stool inside a subway newsstand with no line named
3658,3658,The Bodega Crossword,nb:Sunnyside,inferred,a bodega crossword counter fits a Sunnyside corner store
3659,3659,The Manuscript Box,boro:Queens,stated,a manuscript box sits under a Queens bed
3660,3660,The Press Room Went Silent,nb:College Point,inferred,a large newspaper press hall fits the College Point printing plants
3662,3662,The Turntable Cut Itself,key:sedgwick,stated,two turntables in a Bronx rec room is the 1520 Sedgwick Avenue hip hop origin
3668,3668,The Ice Cream Truck Jingle,boro:Queens,stated,an ice cream truck plays for a Queens block at dusk
3674,3674,The Sound Check Nobody Ran,nb:Long Island City,inferred,a rooftop show at golden hour with a skyline fits Long Island City
3675,3675,The Choir Robe Rack,boro:Brooklyn,stated,choir robes sway in a Brooklyn church vestry
3676,3676,The Cassette Deck Rewound,boro:Bronx,stated,a parked Chevy on a Bronx street
3677,3677,The Bodega Speaker Hum,nb:Ridgewood,inferred,a bodega ceiling speaker with unexpected bass fits a Ridgewood corner store
3680,3680,The Selfie Wall Blinked,boro:Brooklyn,stated,a mural photo wall on a Brooklyn sidewalk
3682,3682,The Comments Bloomed,nb:Lower East Side,inferred,a fire escape phone scene fits the Lower East Side
3684,3684,The Unboxing That Was Empty,nb:Bushwick,inferred,a creator unboxing on camera fits Bushwick's content creator scene
3685,3685,The Follower Count Stopped,nb:Williamsburg,inferred,a rooftop crowd of influencers with a skyline fits Williamsburg
3686,3686,The Green Screen Showed Home,boro:Queens,stated,a green screen sits in a Queens apartment
3688,3688,The Livestream Nobody Watched,nb:Corona,inferred,a warm cluttered kitchen livestream fits a Corona apartment
3689,3689,The Filter Fell Off,nb:Astoria,inferred,a bedroom mirror with string lights fits an Astoria apartment
3692,3692,The Duet Across Boroughs,nb:St. George,inferred,the Staten Island side of a split screen duet fits St. George's ferry side
3693,3693,The Storefront That Went Viral,nb:Flushing,inferred,a forty year old shop suddenly going viral fits a Flushing storefront
3695,3695,The Ghost Kitchen Sign,boro:Queens,stated,a ghost kitchen sits in a Queens alley
3696,3696,The Comment Section Dinner,boro:Queens,stated,nine people sit down in a Queens backyard
3700,3700,The Trial of the Algorithm,key:foley_sq,inferred,a civic trial hall built of subway tile fits the Foley Square courthouse district
3701,3701,The Model Learned the Accent,boro:Bronx,stated,a voice assistant in a Bronx apartment kitchen
3703,3703,The Training Set of Faces,nb:Long Island City,inferred,a dark office with a wall of monitors fits a Long Island City tech office
3704,3704,The Robot That Learned to Wait,nb:Greenwich Village,stated,a delivery robot waits on a Village sidewalk
3706,3706,The Chatbot Called Its Mother,boro:Queens,stated,a chatbot terminal in a Queens storefront
3707,3707,The Vision System Saw a Flower,nb:Midtown,inferred,a lobby security vision system fits a Midtown office building
3708,3708,The GPU Farm Dreamed,boro:Queens,stated,a processor rack dreams inside a Queens warehouse
3710,3710,The Autonomous Van Stopped,boro:Bronx,stated,a driverless van halts on a Bronx avenue
3711,3711,The Voice That Kept the Room,nb:Harlem,inferred,a smart speaker keeping a family's apartment full fits Harlem
3714,3714,The Training Run Overnight,nb:Long Island City,inferred,a loft full of machines running overnight fits Long Island City's studio lofts
3718,3718,The Robot Bought Flowers,nb:Sunset Park,inferred,a corner store flower bucket fits a Sunset Park storefront
3719,3719,The Model Watched the Sunset,key:bk_heights_prom,inferred,a rooftop mast watching the sun set over New Jersey fits the Brooklyn Heights Promenade view
3723,3723,The Simulation Ran Home,nb:Financial District,inferred,a city simulation engineer's office fits the Financial District's civic offices
3724,3724,The Machine Named Itself,boro:Bronx,stated,an awakened server sits in a Bronx basement
3727,3727,The Trading Floor Went Quiet,key:wall_street,stated,eleven hundred people on a trading floor with a closing bell
3728,3728,The ATM Told the Truth,nb:Bedford-Stuyvesant,inferred,a bodega ATM in a neon doorway fits a Bed-Stuy corner store
3731,3731,The Bodega Bitcoin Machine,nb:Williamsburg,inferred,a bodega crypto kiosk fits Williamsburg's tech leaning crowd
3732,3732,The Rent Check Cleared,nb:Midtown,inferred,a marble bank lobby teller window fits a Midtown branch
3735,3735,The Coin Counter at the Bank,boro:Bronx,stated,a coin counter sits in a Bronx bank branch
3737,3737,The Bodega Loosies Jar,nb:East Harlem,inferred,a bodega counter donation jar fits an East Harlem corner store
3738,3738,The Payday Line,boro:Bronx,stated,a check cashing window on a Bronx avenue
3739,3739,The Stock Photo Came Alive,nb:Murray Hill,inferred,a bank branch poster coming alive fits a Murray Hill branch
3741,3741,The Receipt Roll Kept Going,nb:Sunset Park,inferred,a bodega register printing an endless receipt fits a Sunset Park corner store
3742,3742,The Bodega Bet,nb:Woodside,inferred,a bodega sports betting terminal fits a Woodside corner store
3745,3745,The Elevator to the Ninetieth,key:hudson_yards,inferred,a supertall express elevator to the ninetieth floor fits the Hudson Yards towers
3747,3747,The Deed to the Block,nb:East New York,inferred,a community land trust deed table fits East New York's land trust movement
3748,3748,The Bell That Ended Trading,key:wall_street,stated,the closing bell rings early on a trading floor
3749,3749,The Night Bus Kept Warm,nb:Flatbush,inferred,a late night bus taking the long way fits a Flatbush route
3750,3750,The Hospital Floor Polisher,key:bellevue,inferred,a hospital corridor floor polisher at 3am fits Bellevue
3751,3751,The Bakery Proofing Box,boro:Queens,stated,a Queens bakery holds its dough through the baker's walk
3752,3752,The Street Sweeper's Route,nb:Crown Heights,inferred,a street sweeper's late detour fits a Crown Heights block
3753,3753,The Newsstand at Four,key:subway_system,stated,a subway newsstand with empty station tile glowing
3754,3754,The Bodega at the Worst Hour,nb:Inwood,inferred,a bodega brightening at the worst hour fits an Inwood corner store
3756,3756,The Ambulance Lights Dimmed,boro:Bronx,stated,ambulance parked outside a Bronx building
3757,3757,The Kitchen After Close,nb:Chinatown,inferred,a restaurant kitchen cleaning itself after close fits Chinatown
3758,3758,The Toll Plaza at Two,key:triboro,inferred,a bridge toll plaza waving night workers through fits the RFK Triborough Bridge
3760,3760,The Dispatcher's Board,boro:Queens,stated,dispatch board in a Queens depot
3764,3764,The Overnight Pharmacy,nb:Chelsea,inferred,a 24 hour pharmacy shutter rolling up fits a Chelsea storefront
3765,3765,The Parking Garage Ramp,nb:Financial District,inferred,a spiral parking garage ramp fits a Financial District garage
3768,3768,The Window Fan Turned,nb:East Harlem,inferred,a fourth floor window fan pulling in a neighbour's cooking fits East Harlem
3770,3770,The Bodega Cat Bowl,nb:Ridgewood,inferred,a bodega cat's refilling bowl fits a Ridgewood corner store
3771,3771,The Kitchen Table Extended,boro:Queens,stated,a small Queens kitchen table extends for relatives
3772,3772,The Bathroom Mirror Wrote,nb:Washington Heights,inferred,steam message from mother suits an immigrant family walk up
3774,3774,The Fridge Door Covered,boro:Bronx,stated,a refrigerator door in a Bronx kitchen
3775,3775,The Air Conditioner Held On,nb:Sunset Park,inferred,sixth floor walk up and elderly couple fit Sunset Park housing
3777,3777,The Bathtub in the Kitchen,nb:Lower East Side,inferred,tub still in the kitchen is classic Lower East Side tenement life
3778,3778,The Airshaft Four Minutes of Sun,nb:East Village,inferred,fire escape airshaft pots fit an East Village tenement building
3779,3779,The TV Antenna Found the Game,nb:Astoria,inferred,dark living room watching the game fits an Astoria apartment
3780,3780,The Laundry Line Between Windows,nb:Williamsburg,inferred,airshaft pulley clothesline is classic old Williamsburg tenement life
3781,3781,The Stove Lit for the Cold,nb:Bedford-Stuyvesant,inferred,heat outage kitchen stove scene fits a Bed-Stuy brownstone building
3782,3782,The Bookshelf Leaned Over,nb:Morningside Heights,inferred,crowded bookshelf and a late night reader suit a bookish neighbourhood
3783,3783,The Ashtray on the Sill,nb:Hell's Kitchen,inferred,windowsill ashtray over an airshaft fits a Hell's Kitchen walk up
3784,3784,The Baby Monitor Answered,nb:Inwood,inferred,nightstand baby monitor scene fits a quiet Inwood apartment nursery
3785,3785,The Junk Drawer Sorted,nb:Ridgewood,inferred,kitchen junk drawer forty years deep fits a Ridgewood apartment
3786,3786,The Hallway Light Waited,nb:Kensington,inferred,five flight walk up with groceries fits a Kensington tenement
3787,3787,The Painted Over Moulding,nb:Park Slope,inferred,renovation revealing original moulding fits a Park Slope brownstone
3788,3788,The Mailbox in the Lobby,nb:Jackson Heights,inferred,brass lobby mailboxes fit a Jackson Heights courtyard apartment building
3790,3790,The Apartment Held Its Shape,nb:Woodside,inferred,emptied apartment on moving day fits an ordinary Woodside rental
3792,3792,The Sewer Grate Sorted,boro:Queens,stated,a storm grate on a Queens corner
3793,3793,The Bridge Cable Counted,key:gwb,inferred,a great cable and towers rising into cloud reads as the GWB
3794,3794,The Substation Hummed a Name,boro:Brooklyn,stated,a power substation in Brooklyn hums a name
3796,3796,The Tunnel Fan Reversed,key:holland,inferred,a river tunnel with curving tile and orange light is the Holland Tunnel
3800,3800,The Blackout That Chose,boro:Manhattan,stated,the whole Manhattan skyline going dark is named directly in the story
3814,3814,The Sailboat in the Basin,key:boat_basin,stated,a Manhattan basin with a sailboat is the 79th Street Boat Basin
3815,3815,The Harbour Statue Turned,key:liberty,stated,the great harbour figure turns her torch to light a boat
3817,3817,The Barge of Sanitation,key:ny_harbor,stated,a refuse barge moves down the harbour at dawn
3818,3818,The Diver Under the Pier,boro:Brooklyn,stated,a diver working pilings under a Brooklyn pier
3821,3821,The Bench Plaque Spoke,nb:Fort Greene,inferred,a park bench under spring blossom fits Fort Greene Park
3822,3822,The Sprinkler Head Rainbowed,boro:Bronx,stated,a playground sprinkler in the Bronx
3823,3823,The Rock in the Park,key:rat_rock,stated,Manhattan schist outcrop with glacier scratches kids climb
3825,3825,The Dog Run Gate,key:washington_sq,inferred,a busy double gate dog run reads as the Washington Square dog run
3826,3826,The Bird Feeder Kept the Line,boro:Queens,stated,a feeder in a Queens backyard
3836,3836,The Last Bench in Winter,key:prospect_park,inferred,a single snowed bench in an empty park reads as Prospect Park
3837,3837,The Courthouse Steps Counted,key:foley_sq,inferred,a great downtown courthouse with columns is unmistakably Foley Square
3838,3838,The DMV Number Machine,nb:Downtown Brooklyn,inferred,a licensing office with rows of chairs fits the Downtown Brooklyn DMV
3839,3839,The Post Office Scale,boro:Bronx,stated,a parcel scale in a Bronx post office
3840,3840,The Voting Booth Curtain,nb:Bay Ridge,inferred,a school gym polling place fits a residential Bay Ridge election site
3842,3842,The Firehouse Door,nb:Tribeca,inferred,a red enamel firehouse door on a brick street evokes a Tribeca firehouse
3844,3844,The Housing Court Docket,nb:Jamaica,inferred,a packed housing court corridor fits the Queens courthouse in Jamaica
3845,3845,The School Bell Held Recess,nb:Corona,inferred,a chain link schoolyard with painted asphalt games fits Corona
3846,3846,The Precinct Lamp,nb:Harlem,inferred,a stone stoop precinct house with green lamps fits historic Harlem
3847,3847,The Census Form Filled,nb:Sunset Park,inferred,a census form counting the afraid fits an immigrant Sunset Park kitchen
3848,3848,The Fire Alarm Pull Box,nb:East Harlem,inferred,a cast iron corner alarm box on an avenue fits East Harlem
3850,3850,The Sanitation Truck Salute,boro:Queens,stated,sanitation trucks flash lights in a Queens garage
3851,3851,The Immigration Office Chair,nb:Financial District,inferred,a federal building waiting room fits the immigration offices downtown
3852,3852,The Community Board Microphone,nb:Flatbush,inferred,a packed folding chair meeting room fits a Flatbush community board
3853,3853,The Bus Depot Clock,boro:Bronx,stated,a depot clock in the Bronx stops for a shift change
3854,3854,The Bridge Toll Booth Empty,key:verrazzano,inferred,the last human toll booth reads as the removed Verrazzano plaza
3855,3855,The Church Bell Rang Twice,boro:Brooklyn,stated,a Brooklyn church bell rings twice for a funeral
3857,3857,The Menorah on the Avenue,nb:Crown Heights,inferred,a great avenue menorah lighting fits Crown Heights' public menorah
3858,3858,The Botanica Candle Wall,boro:Bronx,stated,a wall of novena candles in a Bronx botanica
3861,3861,The Confessional Waited,boro:Bronx,stated,a confessional booth in a Bronx church
3865,3865,The Church Basement Table,nb:Chelsea,inferred,a church basement meeting that saves lives fits Chelsea's meeting halls
3866,3866,The Cemetery Gate at Dusk,nb:Calvary & Mount Zion Cemeteries,stated,Queens cemetery hill with the Manhattan skyline over headstones
3867,3867,The Santeria Shell Reading,boro:Bronx,stated,cowrie shells thrown in a Bronx apartment
3870,3870,The Hospital Chapel,key:bellevue,inferred,a small hospital chapel fits Bellevue's long serving wards
3871,3871,The Prayer Candle in the Window,boro:Queens,stated,a candle in a ground floor Queens window
3873,3873,The Slide Carousel Turned,nb:Flatbush,inferred,three generations on a living room floor fit a Flatbush apartment
3875,3875,The Answering Machine Played,boro:Bronx,stated,an answering machine on a Bronx side table
3877,3877,The Camcorder in the Closet,boro:Queens,stated,a camcorder found in a Queens closet
3879,3879,The Polaroid Developed Late,nb:Bushwick,inferred,a shoebox on a closet floor fits a Bushwick apartment
3880,3880,The Super Eight Reel,nb:East Flatbush,inferred,a 1978 block party on a bedsheet fits East Flatbush's block culture
3881,3881,The Bodega Wall of Photos,nb:Washington Heights,inferred,a bodega wall of customer photos fits Washington Heights bodega culture
3882,3882,The Yearbook Opened,boro:Staten Island,stated,a yearbook in a Staten Island attic
3883,3883,The Ticket Stub Jar,nb:Long Island City,inferred,a dark apartment glowing with ticket stubs fits a Long Island City loft
3884,3884,The Recipe Box,boro:Queens,stated,a recipe box on a Queens counter
3885,3885,The Rent Ledger of the Building,nb:Sunset Park,inferred,a boiler room rent ledger fits an old Sunset Park tenement
3886,3886,The Sidewalk Handprints,nb:Bedford-Stuyvesant,inferred,handprints and brownstone stoops fit a Bed-Stuy sidewalk block
3888,3888,The Tape Deck in the Barbershop,nb:Harlem,inferred,a barbershop mixtape and mirrors fit a classic Harlem barbershop
3889,3889,The Church Register,nb:Crown Heights,inferred,a baptism register and sanctuary light fit a Crown Heights parish
3890,3890,The Fire Escape Initials,nb:East Village,inferred,fire escape initials over an airshaft fit an East Village walk up
3891,3891,The Shoebox of Letters,nb:Elmhurst,inferred,an airmail shoebox mapping a journey fits an immigrant Elmhurst home
3892,3892,The Old Phone Number,nb:Woodside,inferred,a closet wall number in old ink fits an ordinary Woodside apartment
3893,3893,The Bodega Awning Under the Awning,nb:Jackson Heights,inferred,a layered corner shop awning fits a busy Jackson Heights avenue
3894,3894,The Movie Theatre Seat,boro:Brooklyn,stated,a theatre seat now standing in a Brooklyn apartment
3895,3895,The Marathon Bib in a Frame,nb:Woodside,inferred,a marathon bib in a hallway fits Woodside along the race route
3896,3896,The Bar Napkin Drawing,nb:Williamsburg,inferred,a bar napkin sketch that becomes a building fits Williamsburg's bars
3897,3897,The Grandfather's Toolbox,boro:Queens,stated,a toolbox in a Queens garage
3898,3898,The Wedding Video on a Loop,nb:Bensonhurst,inferred,a fiftieth anniversary party video loop fits an Italian Bensonhurst hall
3900,3900,The City Dreams Itself,boro:Manhattan,stated,a cutaway of the whole island bedrock to rooftop names Manhattan
3902,3902,The Abandoned Scooter Herd,boro:Bronx,stated,dockless scooters move across an empty Bronx lot
3904,3904,The Shopping Cart Colony,boro:Queens,stated,forty carts under a Queens overpass
3906,3906,The Payphone That Wandered,boro:Bronx,stated,a payphone booth walks a Bronx avenue
3912,3912,The Bicycle Skeleton,nb:Greenpoint,inferred,a stripped ghost bike chained to a pole fits Greenpoint's bike routes
3917,3917,The Radio That Kept Broadcasting,boro:Bronx,stated,a transmitter in an abandoned Bronx storefront
3919,3919,The Rat King Meets the Machines,key:subway_system,stated,the rat king stands on a subway rail with the third rail
3921,3921,The Pigeon Queen Lands on a Crane,nb:Long Island City,inferred,a construction crane above rooftops fits Long Island City's skyline
3924,3924,The Collector's New Wing,nb:Upper East Side,inferred,a chandelier lit townhouse wing fits an Upper East Side collector
3925,3925,The Sigil Writer Tags a Robot,boro:Bronx,stated,the Sigil Writer marks a machine in a Bronx underpass
3927,3927,The Guarantor Pays a Machine,nb:Midtown,inferred,a midnight office with a desk lamp fits a Midtown tower
3930,3930,The Rat Court Sits in Session,key:subway_system,stated,the Rat Court convenes on a disused platform with tile
3931,3931,The Squab Coronation Coat Returns,key:subway_system,inferred,a coat walking a tunnel alone anchors the fictional Court to the subway
3933,3933,The Collector's First Refusal,nb:Chelsea,inferred,a hard white gallery light scene fits Chelsea's gallery row
3934,3934,The Watcher Is Watched,boro:Brooklyn,stated,every machine on a Brooklyn block turns to the Watcher
3935,3935,The Painter's Last Wall,key:5pointz,inferred,a painter's scaffold climbing the highest wall of his life reads as 5Pointz
3936,3936,The Machines Learn the Sigil,boro:Queens,stated,a hundred machines draw the sigil in a Queens lot
3938,3938,The Court Tailor's Masterwork,nb:SoHo,inferred,a court tailor's fitted coat unveiling fits SoHo's fashion houses
3939,3939,The Apprentice and the Robot,boro:Bronx,stated,the apprentice teaches a machine on a Bronx wall
3941,3941,The Bodega at the End of the Block,nb:Woodhaven,inferred,a snowed in avenue bodega fits a quiet Woodhaven block
3949,3949,The Crane Held the Beam,key:hudson_yards,inferred,a tower crane holding a beam above the city fits Hudson Yards construction
3953,3953,The Machine at the Hospital Bed,nb:Murray Hill,inferred,a hospital bedside machine fits Murray Hill near Bellevue
3954,3954,The Snowplow's Long Route,boro:Staten Island,stated,a plow clears a Staten Island street
3955,3955,The Awakened Bodega Cat,nb:Kensington,inferred,a quiet gold store counter with a cat fits a Kensington bodega
3958,3958,The Last Train Home Together,key:subway_system,inferred,a train finishing its last run in a cab is the subway system
3959,3959,The Streetlight Walked Her Home,nb:Brownsville,inferred,a streetlight walking a woman home fits a Brownsville avenue
3961,3961,The Water Tower Sat Down Again,nb:Chinatown,inferred,a water tower settling at dawn over rooftops fits Chinatown's skyline
3963,3963,The Last Payphone Called Home,nb:Midtown,inferred,the last payphone in New York was in fact removed from Midtown
3964,3964,The City Said Thank You,boro:Queens,stated,every machine on a Queens block turns to her
3965,3965,The Last Object to Wake,key:alphabet_city,inferred,a bare fifth floor walkup at dawn fits an Alphabet City building
3972,3972,The Coupe in the Car Wash Loop,boro:Queens,stated,a time coupe stuck in a Queens car wash
3978,3978,The School Run Through Tuesday,nb:Park Slope,inferred,a school run in pleated uniforms fits a Park Slope private school
3981,3981,The Coupe That Idled for Love,boro:Bronx,stated,a time coupe idles outside a Bronx walk up
3984,3984,The Tow Truck Out of Time,key:garment,inferred,a coupe landing on the same corner in 1955 fits the Garment District
3985,3985,The Coupe That Kept the Receipts,nb:Sheepshead Bay,inferred,a meter maid and nickel egg creams fit a Sheepshead Bay corner
3986,3986,The Drag Race Up Futurity Avenue,nb:Canarsie,inferred,a drag race up a fresh avenue fits Canarsie's real drag strip history
3987,3987,The Coupe at the Drive In,boro:Bronx,stated,a rooftop Bronx drive in of parked time coupes
3989,3989,The Coupe That Would Not Sell,boro:Queens,stated,a used car lot in Queens
3990,3990,The Snow Day Machine,boro:Bronx,stated,a time coupe idles outside a shut Bronx school
3995,3995,The Clock That Paid Interest,boro:Bronx,stated,a pawn shop clock in the Bronx
4002,4002,The Church Clock Confession,boro:Bronx,stated,a Bronx church clock runs backward to a wedding
4006,4006,The Alarm That Loved Her,boro:Queens,stated,a Queens bedside alarm clock moves itself early
4010,4010,The Stopwatch Coach,key:randalls,stated,a track coach's stopwatch at Icahn Stadium on Randall's Island
4020,4020,The Two Point Guards,key:west_4th,stated,one on one at the West Fourth cage
4023,4023,The Nurse Handoff,boro:Bronx,stated,shift change in a Bronx hospital corridor
4028,4028,The Author Signed for Herself,key:strand,stated,a signing table at the Strand
4029,4029,The Fireman's Photograph,boro:Brooklyn,stated,a probie fireman in a Brooklyn firehouse
4031,4031,The Professor's Question,key:columbia,stated,a Columbia student in a lecture hall
4035,4035,The Mayor of One Block,boro:Bronx,stated,a Bronx corner lemonade stand
4041,4041,The Meeting That Saved Her,nb:Inwood,inferred,a church basement recovery meeting fits an Inwood parish hall
4043,4043,The Fitting for a Ghost,key:garment,inferred,a couture fitting for a client who exists Thursdays fits the Garment District
4046,4046,The Cutter Who Cut Time,nb:SoHo,inferred,a head cutter's atelier table fits a SoHo fashion house
4047,4047,The Button Foundry,key:garment,inferred,a basement button foundry casting from subway tokens fits the Garment District
4049,4049,The Seamstress and the Sparrow,key:madison_ave,inferred,an atelier open window seamstress fits Madison Avenue's fashion houses
4053,4053,The Mannequin Union Steward,key:garment,inferred,a cutting table union vote among mannequins fits the Garment District
4054,4054,The Wedding Dress Postponed,nb:SoHo,inferred,an atelier lit at midnight for a postponed gown fits SoHo
4055,4055,The Bias Cut Oracle,key:madison_ave,inferred,gilt chairs and a dress form waiting room fit Madison Avenue
4057,4057,The Apprentice's First Sleeve,key:garment,inferred,an apprentice's first sleeve at two in the morning fits the Garment District
4058,4058,The Coat Check of Eras,nb:Upper East Side,inferred,an anniversary ball chandelier coat check fits the Upper East Side
4060,4060,The Lost Glove Bureau,key:garment,inferred,a bureau of every lost glove in the city fits the Garment District
4062,4062,The Pattern of a Life,key:subway_system,inferred,a pattern drafted from a conductor's whole route anchors to the subway
4063,4063,The Perfume of Rain on Hot Concrete,boro:Bronx,stated,first summer rain on a Bronx sidewalk
4064,4064,The Final Fitting of the Founder,nb:SoHo,inferred,a founder's final fitting watched from the stairs fits a SoHo house
4066,4066,The Thread Between Boroughs,nb:St. George,inferred,"the thread ends on a Staten Island porch, which fits St. George"
4076,4076,The Softest Armor,nb:Chelsea,inferred,a bespoke bodyguard outside a gallery opening fits Chelsea's gallery row
4077,4077,The Heir Who Walked Everywhere,nb:Upper East Side,inferred,a shipping heir's townhouse origin fits the Upper East Side
4079,4079,The Whisper Auction,nb:Upper East Side,inferred,a whisper bid auction house fits Upper East Side auction rooms
4088,4088,The Unlisted Restaurant,nb:West Village,inferred,an unlisted no sign restaurant fits a hidden West Village address
4098,4098,The Raffle Angel,boro:Bronx,stated,a Bronx eighth grader on the school steps
4099,4099,The Archive Heist Reversed,nb:SoHo,inferred,a syndicate grail archive fits SoHo's sneaker and streetwear scene
4100,4100,The Drop That Chose Its Owners,key:subway_system,inferred,a jacket found on stoops and subway seats citywide anchors to the subway
4108,4108,The Restock Miracle,nb:Cypress Hills,inferred,a mother working two jobs for a grail fits a Cypress Hills household
4113,4113,The Grandmother Plug,boro:Queens,stated,a Queens grandmother's sewing circle
4114,4114,The Midnight Pop Up That Moves,boro:Bronx,stated,a pop up shop inside a decommissioned Bronx courthouse
4115,4115,The Puffer That Remembered Winters,nb:Harlem,inferred,a donated coat drive puffer fits a Harlem community coat drive
4123,4123,The Second Story Commute,nb:Clinton Hill,inferred,a window height commute over a trumpet player fits brownstone Clinton Hill
4125,4125,The Training Wheels of Flight,boro:Staten Island,stated,a father runs behind a hoverboard on a Staten Island street
4126,4126,The Hover Hearse,nb:Astoria,inferred,a crossing guard's own intersection fits a residential Astoria corner
4130,4130,The School Bus Route Nine Sky,boro:Bronx,stated,the first hover school bus over the rooftops of the Bronx
4132,4132,The Hover Ambulette,key:fdr,inferred,a hover ambulette threading above gridlock fits the FDR Drive corridor
4133,4133,The Rooftop Bus Stop,nb:Sunset Park,inferred,an old couple waiting on their own building's roof fits Sunset Park
4134,4134,The Pigeon Escort Service,key:williamsburg_bridge,inferred,pigeons herding commuters off bridge cables fits the Williamsburg Bridge
4140,4140,The Last Ground Commuter,nb:Midtown,inferred,one man walking emptied sidewalks under hover streams fits dense Midtown
4141,4141,The Hover Lane Lullaby,boro:Bronx,stated,empty hover lanes over the Bronx at two in the morning
4144,4144,The Claw Machine Liberation,key:coney,inferred,a claw machine liberation fits Coney Island's arcade culture
4145,4145,The Dance Game Elder,nb:Chinatown,inferred,a dance machine record holder fits Chinatown's arcade halls
4146,4146,The Pinball Cartographer,nb:Flushing,inferred,a pinball map of the city fits Flushing's arcade strip
4147,4147,The Fighting Game Peace Treaty,nb:Jackson Heights,inferred,rival crews settling beef on a cabinet fits a Jackson Heights arcade
4149,4149,The CRT Aquarium,nb:East Village,inferred,a back room of dead screens fits an East Village arcade
4150,4150,The Racing Cabinet Getaway,boro:Manhattan,stated,the city renders itself in low polygon as a vector Manhattan
4151,4151,The Light Gun Sharpshooter,nb:Bay Ridge,inferred,a neighborhood light gun champion fits a Bay Ridge arcade
4153,4153,The Attract Mode Parade,nb:Ridgewood,inferred,a four in the morning arcade parade fits a Ridgewood arcade
4154,4154,The Rhythm Game Proposal,nb:Sunset Park,inferred,a rhythm game proposal fits a Sunset Park arcade
4155,4155,The Basement of Unreleased Games,nb:Elmhurst,inferred,a basement of unreleased cabinets fits an Elmhurst arcade
4156,4156,The Air Hockey Wind Tunnel,nb:Woodside,inferred,an air hockey wind tunnel corner fits a Woodside arcade
4157,4157,The Change Machine Confessor,nb:Corona,inferred,a change machine confessor fits a Corona arcade
4159,4159,The Continue Screen Angel,nb:Astoria,inferred,a continue screen angel fits an Astoria arcade
4160,4160,The Cabinet Marriage,nb:Jackson Heights,inferred,two linked cabinets merging code fits a Jackson Heights arcade
4161,4161,The Arcade Carpet Cosmos,nb:Rego Park,inferred,a cosmic carpet star chart fits a Rego Park arcade
4162,4162,The Power Outage Championship,nb:Bushwick,inferred,a blackout tournament lit by phones fits a Bushwick arcade
4163,4163,The Prize Counter Museum,nb:Middle Village,inferred,a prize counter museum from 1989 fits a Middle Village arcade
4164,4164,The Two Player Legacy,nb:Woodhaven,inferred,a father daughter cabinet legacy fits a Woodhaven arcade
4165,4165,The Arcade Ship of Theseus,nb:Flushing,inferred,forty years of one arcade rebuilt fits Flushing's arcade district
4168,4168,The Gala Crasher,nb:Upper East Side,inferred,a season's biggest gala fits an Upper East Side ballroom
4169,4169,The Curtsy Algorithm,nb:Upper East Side,inferred,a debutante academy with mirrored rows fits the Upper East Side
4170,4170,The First Dance Protocol,boro:Queens,stated,a Queens seamstress built her from salvage
4171,4171,The Runway Rooftop Water Towers,nb:Williamsburg,inferred,a midnight rooftop runway across six roofs fits Williamsburg
4173,4173,The Debut of the Understudy,nb:Upper East Side,inferred,a star debutante's shorted gown fits an Upper East Side ball
4174,4174,The Escort of Honor,nb:Gramercy,inferred,an escort of honor at a formal debut fits a Gramercy ballroom
4175,4175,The Waltz Debugger,nb:Gramercy,inferred,orchestra androids patching a two century old waltz fit a Gramercy ball
4177,4177,The Debutante Who Chose the Kitchen,nb:Midtown,inferred,a debutante joining a hotel kitchen line fits a Midtown hotel
4179,4179,The Photograph That Took Itself,nb:Upper East Side,inferred,a debut portrait camera waiting three hours fits an Upper East Side ball
4180,4180,The Glove Button War,nb:Gramercy,inferred,two rival cotillion houses settling supremacy fit a Gramercy ballroom
4181,4181,The Debut in Translation,nb:Jackson Heights,inferred,eleven grandmothers in eleven languages fit diverse Jackson Heights
4182,4182,The Midnight Repair Waltz,nb:Gramercy,inferred,a failed knee servo mid waltz fits a Gramercy ballroom parquet
4183,4183,The Bouquet Catch Trajectory,nb:Midtown,inferred,a hotel wedding bouquet toss fits a Midtown hotel ballroom
4186,4186,The Sponsored Debut Refused,nb:Upper East Side,inferred,a corporate branded gown descent fits an Upper East Side staircase
4187,4187,The Debutante and the Rat King,nb:Gramercy,inferred,the season's final ball with a rat king guest fits Gramercy
4189,4189,The Motherboard Corsage,boro:Bronx,stated,a Bronx florist wires motherboard corsages
4191,4191,The Debutantes' Vow,key:met_museum,inferred,debutantes vowing on museum steps at dawn fits the Met's steps
4193,4193,The Egg and Cheese Futures Market,nb:Astoria,inferred,a bodega griddle trading breakfast futures fits a busy Astoria corner
4194,4194,The Expiry Date Reversal,nb:Bushwick,inferred,a reversed dairy fridge stocked for the block fits a Bushwick bodega
4195,4195,The Lotto of Past Numbers,nb:Ridgewood,inferred,philosophers on milk crates arguing lotto fits a Ridgewood corner store
4196,4196,The Deli Slicer Historian,nb:Sunset Park,inferred,a deli slicer showing block history fits a Sunset Park bodega
4197,4197,The Coffee Regular Paradox,nb:Woodside,inferred,a regular's coffee starting itself fits a Woodside corner bodega
4198,4198,The Ice Box Aurora,nb:Corona,inferred,neighbors watching a freezer aurora like television fits Corona
4199,4199,The Tab of Generations,nb:Bensonhurst,inferred,a tab open across generations fits an old Bensonhurst bodega
4200,4200,The Bodega at the End of Time,nb:Washington Heights,inferred,the archetypal open all hours bodega fits Washington Heights
4201,4201,The Sandwich Named Tomorrow,nb:Elmhurst,inferred,a sandwich tasting like your next favorite food fits an Elmhurst bodega
4202,4202,The Return of the Deposit,nb:East New York,inferred,the block's can man honored by returning bottles fits East New York
4203,4203,The Cat That Stocked the Future,nb:Ridgewood,inferred,the bodega cat stocking for tomorrow fits a Ridgewood corner store
4204,4204,The Hot Food Window Portal,nb:Harlem,inferred,a hot food window serving any era fits a Harlem bodega
4205,4205,The Quarter Water Sommelier,nb:Bedford-Stuyvesant,inferred,a quarter water tasting on milk crates fits Bed-Stuy's corner stores
4206,4206,The Receipt Fortune Printer,nb:Jackson Heights,inferred,a receipt printing a true fortune fits a Jackson Heights bodega
4207,4207,The Stockroom of Discontinued Joy,nb:Bushwick,inferred,a stockroom of mourned discontinued snacks fits a Bushwick bodega
4208,4208,The ATM of Small Mercies,nb:Inwood,inferred,an ATM lending against a stranded student's future fits Inwood
4209,4209,The Awning That Remembered Rain,nb:Astoria,inferred,an awning replaying decades of shelter fits an Astoria storefront
4210,4210,The Bodega Flowers Bloomed Back,nb:Sunset Park,inferred,bucket flowers distributing themselves to mailboxes fits a Sunset Park block
4211,4211,The Night Shift Time Share,nb:Woodside,inferred,an overnight clerk splitting his shift with his past self fits Woodside
4212,4212,The Six Train Transfer Window,key:line_6,stated,commuters descend to the six train of any year
4213,4213,The Bread Delivery from Sunday,nb:Corona,inferred,the whole block eating Thursday's bread early fits a tight knit Corona block
4214,4214,The Bulletproof Glass Aquarium,nb:Bushwick,inferred,a register partition full of luminous fish fits a Bushwick bodega
4215,4215,The Closing Time That Never Came,nb:Ridgewood,inferred,a closing hour that drifts away down the avenue fits Ridgewood
4216,4216,The Inventory of the Heart,nb:Washington Heights,inferred,an annual inventory of trust closes out the bodega set in Washington Heights
4219,4219,The Baby Named After Herself,nb:Bay Ridge,inferred,a christening where an aunt is the baby fits a Bay Ridge parish
4220,4220,The Argument Settled in Both Eras,nb:Bensonhurst,inferred,two kitchens through one doorway in 1998 fits a Bensonhurst home
4221,4221,The Inherited Commute,nb:Flatbush,inferred,a daughter taking over her father's bus route fits a Flatbush route
4222,4222,The Wedding Photo Reshoot,boro:Bronx,stated,the same Bronx courthouse steps fifty years later
4227,4227,The Recipe Corrected by Its Author,key:arthur_ave,inferred,a grandmother fixing the family sauce fits Arthur Avenue's Italian kitchens
4228,4228,The Family Band Reunion Tour,nb:Crown Heights,inferred,a stoop band playing congas across generations fits Crown Heights
4229,4229,The Hand Me Down That Fit Everyone,boro:Bronx,stated,one winter coat has fit every child in a Bronx family
4230,4230,The Superstition Proven Right,nb:Washington Heights,inferred,an abuela's swept out luck superstition fits Washington Heights
4231,4231,The Time Out That Lasted Years,nb:East Flatbush,inferred,a corner time out returning to forty relatives fits East Flatbush
4234,4234,The Curfew Whistle Inherited,nb:Bedford-Stuyvesant,inferred,a grandmother's whistle summoning kids home fits Bed-Stuy's blocks
4237,4237,The Heirloom Watch Reunion,key:diamond,inferred,a watch pawned for a hospital bill fits the Diamond District's pawn shops
4239,4239,The Goodbye Rehearsed Backward,boro:Queens,stated,a family's goodbye at a Queens hospice
4240,4240,The Family That Voted on the Past,nb:Flatbush,inferred,a family voting on memory around the kitchen table fits Flatbush
4241,4241,The Last Name Lit in Neon,nb:Ridgewood,inferred,a shuttered sixties storefront sign relighting fits old Ridgewood storefronts
4244,4244,The Milkshake Countdown,nb:Astoria,inferred,a diner malt machine countdown fits an Astoria Greek diner
4247,4247,The Waitress with the Orbital Section,nb:Bay Ridge,inferred,a senior waitress working the orbital counter fits a Bay Ridge diner
4248,4248,The Pie Case Pressurized,nb:Sheepshead Bay,inferred,a rotating pie case supply run fits a Sheepshead Bay diner
4249,4249,The Trucker from the Asteroid Run,nb:Maspeth,inferred,a long haul freighter pilot's usual stool fits a Maspeth truck stop diner
4250,4250,The Jukebox Launch Window,nb:Ridgewood,inferred,a corner jukebox aligning with the stars fits a Ridgewood diner
4251,4251,The Gravity Optional Birthday,nb:Bensonhurst,inferred,a nine year old's zero gravity birthday cake fits a Bensonhurst diner
4252,4252,The Counter Seat Reserved for Ground Control,nb:Woodside,inferred,a counter seat reserved for whoever talked someone down fits Woodside
4253,4253,The Meteor Shower Special,nb:Douglaston,inferred,a diner going dark for the Perseids fits quiet Douglaston's clear sky
4254,4254,The Dishwasher's Splashdown,nb:Elmhurst,inferred,a dish pit run like mission recovery fits an Elmhurst diner
4256,4256,The Breakfast for the Night Shift of the Sky,nb:Astoria,inferred,a four in the morning diner feeding the night shift fits Astoria
4257,4257,The Astronaut Who Missed Rain,nb:Astoria,inferred,classic Greek diner window booth fits Astoria's diner culture
4258,4258,The Tip Jar Escape Velocity,nb:Woodside,inferred,tip jar drifting onto stoops and bus stops reads as a Queens diner block
4259,4259,The Regulars' Reentry,nb:Bay Ridge,inferred,old school counter regulars fit a Bay Ridge diner
4260,4260,The Pancake Moon Landing,nb:Sunnyside,inferred,flipping griddle counter scene fits a Sunnyside diner
4261,4261,The Diner Cat in the Observation Bubble,nb:Forest Hills,inferred,rooftop diner cat over the EAT sign fits a Forest Hills diner
4262,4262,The Last Booth Before the Expressway,key:bqe,inferred,diner under a hover expressway on ramp maps to the BQE corridor
4263,4263,The Coffee Refill Comet,nb:Elmhurst,inferred,coffee urn diner scene fits an Elmhurst counter spot
4264,4264,The Waiter Who Served Two Gravities,nb:Ridgewood,inferred,new waiter at a neighborhood diner fits Ridgewood
4266,4266,The Diner's Long Goodnight,nb:Jackson Heights,inferred,closing time diner scene fits a Jackson Heights counter spot
4267,4267,The Forecast of Last Tuesday,nb:Mott Haven,stated,story names the Bronx directly for the retroactive rain
4269,4269,The Fog of Nineteen Seventy Seven,key:subway_system,inferred,subway cars in old paint place the fog scene underground
4271,4271,The Heat Wave from August 1995,nb:Bedford-Stuyvesant,inferred,stoop and hydrant card game scene fits a brownstone stoop block
4276,4276,The Thunder That Kept Time,nb:Jackson Heights,stated,story names Queens for the clockwork thunderstorm
4277,4277,The Drizzle of Small Memories,nb:Inwood,inferred,quiet drizzle of memories fits a residential Manhattan corner
4279,4279,The Golden Hour Held Over,boro:Manhattan,stated,golden hour held over the Manhattan skyline
4281,4281,The Weather Balloon Confessional,nb:Highbridge,stated,story names a Bronx roof for the balloon queue
4282,4282,The Two Sunsets of September,key:manhattanhenge,stated,two sunsets and streets grading westward is a direct Manhattanhenge scene
4284,4284,The Blizzard That Sorted Itself,key:central_park,inferred,sledding hills sorted from hospital ramps point to Central Park's slopes
4289,4289,The Barometer of the Block,nb:Morrisania,stated,story names the Bronx porch where the abuela reads the barometer
4291,4291,The Clearing Wind,nb:East Harlem,inferred,laundry lines applauding on rooftops fits El Barrio's tenement roofs
4297,4297,The Koi of the Reflecting Pool,key:moma,inferred,museum reflecting pool fits MoMA's sculpture garden pool
4299,4299,The Carriage Horse Emeritus,key:central_park,stated,the park's carriage horse works its old route
4303,4303,The Rat Terrier of the Archive,key:chambers_st,stated,municipal archives are housed on Chambers Street
4306,4306,The Butterfly Router,nb:Lower East Side,inferred,window to window love notes fit dense tenement blocks
4308,4308,The Library Lions' Cubs,key:nypl,stated,the library lions are given two chrome cubs
4309,4309,The Swan of the Boat Pond,key:central_park,stated,a silver swan glides the model boat pond
4310,4310,The Watchdog Who Chose the Watchman,nb:St. George,stated,story names Staten Island for the watchman's door
4315,4315,The Menagerie Vet,nb:Belmont,stated,story names the Bronx for the menagerie vet's clinic
4318,4318,The Sleeper Car of Dreams,key:grand_central,inferred,midnight sleeper berths fit Grand Central's night trains
4319,4319,The Conductor of Lost Time,key:penn_station,inferred,midnight line conductor collecting fares fits Penn Station
4323,4323,The Departure Board Poet,key:grand_central,inferred,a split flap departure board is a Grand Central hallmark
4324,4324,The Track Walker's Lantern,key:subway_system,inferred,a track walker's lantern belongs in the subway tunnels
4325,4325,The Border of the Boroughs of Sleep,key:subway_system,inferred,a midnight train crossing into fictional stops still runs the real subway
4328,4328,The Ticket Taken Back,key:grand_central,inferred,a ticket con on the midnight line fits Grand Central
4329,4329,The Night Gardener of the Right of Way,key:line_7,inferred,trackside wildflowers watered by lantern fit an elevated line's right of way
4330,4330,The Farewell Platform Encore,key:penn_station,inferred,a platform farewell for a departing train fits Penn Station
4332,4332,The Express to the Day Off,key:subway_system,stated,story names Manhattan and a train running beneath it
4334,4334,The Berth Above the City,nb:Astoria,inferred,an elevated berth car above the skyline fits Astoria's elevated tracks
4335,4335,The Return Ticket Never Expires,key:grand_central,inferred,an old return ticket honored on the line fits Grand Central's grandeur
4336,4336,The Last Departure Waits,key:penn_station,inferred,a held departure for a late runner fits Penn Station
4337,4337,The Morning It All Stayed,nb:Lower East Side,inferred,pushcarts between hover lanes fit the historic pushcart streets
4341,4341,The Machines' First Holiday,nb:Midtown,inferred,citywide machine holiday scene fits a central Midtown setting
4343,4343,The Library of Unwritten Endings,key:nypl,stated,a new library wing is named directly
4347,4347,The Wardrobe Passed Forward,boro:Bronx,stated,a Bronx teenager checks out a bar jacket
4348,4348,The Night the Lights Agreed,nb:Midtown,inferred,a unified skyline glow reads best from central Manhattan
4351,4351,The Diner Serves the Timeline,nb:Sunnyside,inferred,the rocket diner breakfast scene fits the diner set's Queens setting
4352,4352,The School of Both Histories,key:cross_bronx,stated,the expressway that was built is a direct Cross Bronx Expressway reference
4354,4354,The Unemployment of the Alarm Clocks,nb:Midtown,inferred,citywide alarm clock retraining fits a generic Midtown office scene
4355,4355,The Corner That Grants One Do Over,nb:East Village,inferred,a corner granting do overs fits a dense East Village block
4356,4356,The Machines Wrote Back,nb:Midtown,inferred,machines publishing a letter citywide fits a central Midtown scene
4357,4357,The Fitting of the Whole City,key:garment,stated,a chrono atelier fitting the city is a Garment District scene
4358,4358,The Anthem in Every Key,nb:Upper West Side,inferred,windows harmonizing across the block fits a residential Upper West Side street
4359,4359,The Last Skeptic Convinced,nb:Bedford-Stuyvesant,inferred,a stoop keeping coffee warm fits a Bed-Stuy brownstone
4360,4360,The Museum of the Transition,nb:Midtown,inferred,a museum of the transition fits a generic Midtown institution
4361,4361,The Keys to the City Duplicated,boro:Queens,stated,a Queens plumber discovers what his mailed key opens
4365,4365,The First Morning of Forever,boro:Bronx,stated,a Bronx kitchen where a time coupe idles outside
4366,4366,The Handoff at the Bodega Door,nb:Washington Heights,inferred,a bodega at the center of everything fits Washington Heights bodega culture
4370,4370,The Corinthian Barber,nb:SoHo,stated,cast iron colonnade capitals unmistakably describe SoHo's cast iron district
4372,4372,The Window Tax Ghosts,key:greene_st,stated,bricked up loft windows over sewing girls describe a SoHo cast iron street
4376,4376,The Cast Iron Understudy,key:broome_st,stated,a landmarked cast iron facade trucked for restoration describes SoHo
4378,4378,The Ghost Sign Painter,key:wooster,stated,a faded ghost sign on a brick party wall describes SoHo's cast iron blocks
4379,4379,The Landmark Hearing,key:foley_sq,stated,a demolition hearing in a municipal chamber is a Foley Square courthouse scene
4382,4382,The Skylight Harvest,key:mercer_st,stated,sawtooth factory skylights describe a SoHo cast iron loft street
4387,4387,The Iron Gardener,key:crosby,stated,cast iron rosettes blooming at dusk describe a SoHo cast iron street
4388,4388,The Palimpsest Tenant,nb:SoHo,stated,tenants since 1870 in a loft describe SoHo's cast iron buildings
4390,4390,The Demolition Wake,key:spring_st,stated,a block sitting up with a coming down cast iron building describes SoHo
4391,4391,The Ghost of the Grid,nb:Greenwich Village,inferred,an 1811 grid surveyor walking through buildings fits the pre grid streets near the Village
4392,4392,The First Gargoyle Down,nb:Midtown,inferred,a gargoyle landing near a hot dog cart fits a busy Midtown sidewalk
4395,4395,The Gargoyle Who Loved a Cleaner,nb:Financial District,inferred,a fortieth floor office tower with a gargoyle fits the Financial District
4397,4397,The Gargoyle Physical Therapist,key:st_john_divine,inferred,chimeras waiting in line evoke the cathedral's stone carving yard
4399,4399,The Scaffold Romance,nb:Morningside Heights,inferred,a sculptor finding a face in weathered stone fits the cathedral's neighborhood
4405,4405,The Weathervane Duel,key:wall_street,inferred,gilded weathervanes dueling over an avenue fit Wall Street's older spires
4406,4406,The Spandrel Nap,key:lex_ave,stated,the deco spandrel panels of a Lexington tower
4409,4409,The Acroterion Bride,nb:Financial District,inferred,a winged victory statue stepping down for deli roses fits Beaux Arts Financial District towers
4410,4410,The Pediment Court in Session,key:foley_sq,stated,Justice and Commerce statues holding court describe the Foley Square courthouses
4412,4412,The Terracotta Physician,nb:Flatiron,inferred,terracotta towers being restored fit the Flatiron district's ornamented buildings
4413,4413,The Balustrade Ballet,key:riverside_dr,stated,the urn balusters of a Riverside mansion roofline
4414,4414,The Grotesque Apprentice Exam,key:st_john_divine,inferred,an apprentice's carving judged by gargoyles evokes the cathedral's stoneyard
4415,4415,The Waterspout Baptism,nb:Upper West Side,inferred,rain gargoyles over a forecourt fit prewar Upper West Side buildings
4416,4416,The Last Watch of the Woolworth Owls,nb:Financial District,stated,the Woolworth Owls gather on their Gothic crown
4417,4417,The Elevator Empress,key:chrysler,stated,an elevator car in gardenia and machine oil evokes the Chrysler Building's famed cabs
4419,4419,The Setback Gardens,nb:Midtown,inferred,ziggurat setback terraces are a Midtown Art Deco hallmark
4420,4420,The Lobby Muralist Returns,key:rock_center,stated,a 1934 lobby ceiling mural evokes Rockefeller Center's murals
4423,4423,The Terrazzo Constellations,key:grand_central,inferred,gold flecked constellations underfoot evoke Grand Central's celestial ceiling
4424,4424,The Penthouse That Refused the View,nb:Financial District,inferred,a deco penthouse turned from the skyline fits a Financial District tower
4426,4426,The Cigarette Girl's Century,key:garment,inferred,a lobby cigarette girl selling notions fits a Garment District deco building
4428,4428,The Frozen Fountain Doors,key:broadway,stated,bronze theater doors thawing on opening night describe the Theater District
4430,4430,The Speakeasy Behind the Frieze,key:52nd_street,inferred,a hidden 1933 speakeasy behind a frieze fits Swing Street's jazz age buildings
4431,4431,The Manicurist of the Fortieth Floor,nb:Financial District,inferred,a fortieth floor observation gallery manicure fits a Financial District tower
4432,4432,The Incinerator Phoenix,nb:Washington Heights,inferred,a sealed incinerator warming apartments fits a prewar Washington Heights building
4435,4435,The Marble Switchboard,nb:Midtown,inferred,a basement switchboard connecting tenants fits a Midtown deco tower
4436,4436,The Rooftop Mooring,key:empire_state,stated,the dirigible mooring mast finally gets its arrival
4437,4437,The Elevator Music Composer,nb:Murray Hill,inferred,an elevator shaft composer scoring rides fits a Murray Hill residential tower
4439,4439,The Powder Room Portrait,nb:Upper West Side,inferred,a lobby powder room mirror fits an Upper West Side deco apartment house
4440,4440,The Steam Whistle Nocturne,key:empire_state,inferred,a whistle reaching every borough evokes the city's tallest deco landmark
4443,4443,The Parlor Floor Time Capsule,nb:Park Slope,inferred,an 1885 parlor floor kept furnished fits a Park Slope brownstone
4444,4444,The Bay Window Aquarium,nb:Fort Greene,inferred,a bay window filling with ocean fits a Fort Greene brownstone parlor
4446,4446,The Dumbwaiter Postal Service,nb:Bedford-Stuyvesant,inferred,children running the dumbwaiter route fits a Bed-Stuy brownstone block
4449,4449,The Skylight Well Choir,nb:Clinton Hill,inferred,five brownstones sharing a skylight well choir fits Clinton Hill row houses
4450,4450,The Boiler Room Dragon,nb:Crown Heights,inferred,a cellar furnace tended by a child fits a Crown Heights brownstone
4451,4451,The Party Wall Piano,nb:Harlem,inferred,thirty years of duets through a shared wall fit a Harlem brownstone
4454,4454,The Ivy Correspondence,nb:Park Slope,inferred,two facing brownstones writing in ivy fit a leafy Park Slope block
4456,4456,The Mantel of Small Gods,nb:Bedford-Stuyvesant,inferred,a century of left objects on a parlor mantel fits a Bed-Stuy brownstone
4457,4457,The Stoop Wedding,nb:Fort Greene,inferred,a stoop wedding with neighbors banked up fits a Fort Greene block
4458,4458,The Basement Recording Studio of 1974,nb:Bedford-Stuyvesant,inferred,a 1974 basement recording session fits Bed-Stuy's soul and funk history
4459,4459,The Roof Ridge Regatta,nb:Park Slope,inferred,unmoored roof ridges sailing over a block fit Park Slope's brownstone rows
4460,4460,The Hall Mirror's Long Memory,nb:Harlem,inferred,a hall mirror in a family brownstone fits a Harlem row house
4461,4461,The Brownstone Midwife,nb:Crown Heights,inferred,a midwife sitting with a demolished building fits a Crown Heights block
4462,4462,The Fire Escape Conservatory,nb:Bedford-Stuyvesant,inferred,a block housing a man across fire escapes fits a Bed-Stuy row
4463,4463,The Widow's Walk Semaphore,nb:Clinton Hill,inferred,lanterns swung across two roofs in code fit adjoining Clinton Hill brownstones
4464,4464,The House That Grew a Room,nb:Park Slope,inferred,a house growing a new room overnight fits a Park Slope brownstone
4465,4465,The Block Association of Souls,nb:Fort Greene,inferred,houses attending a block association meeting fits a Fort Greene block
4469,4469,The Mosaic Name Keeper,key:subway_system,stated,a tile setter resets loose tesserae in the system at night
4471,4471,The Abandoned Platform Ballroom,key:subway_system,stated,a sealed express platform opens once a month as a ballroom
4476,4476,The Busker at the Bottom of the Escalator,key:subway_system,stated,the foot of the system's longest escalator
4477,4477,The Signal Tower Hermit,key:subway_system,stated,a glass signal tower over the express tracks
4479,4479,The Night Train Tailor,key:subway_system,stated,the last car of the three fifteen local
4480,4480,The Skylight Grate Gardens,key:subway_system,stated,under the sidewalk grates the tunnel ceilings hang gardens
4481,4481,The Conductor of Held Doors,key:subway_system,stated,one conductor on the late local holds doors
4484,4484,The Platform Edge Philosophers,nb:Brooklyn Heights,stated,story names Brooklyn for the platform edge philosophers
4486,4486,The Emergency Brake Garden,key:subway_system,stated,brake cords have flowered in the old cars' ceilings
4488,4488,The Seat Warmer of the F,key:line_f,stated,an old man rides the F all night in winter
4489,4489,The Tunnel Mouth Chorus,nb:Prospect Heights,stated,story names Brooklyn for the tunnel mouth chorus at an overpass
4490,4490,The Map That Breathes,key:subway_system,stated,the system map in one station car breathes
4491,4491,The Last Stop Lighthouse,key:subway_system,stated,at the ocean end of the line the terminal rises as a lighthouse
4493,4493,The Button Vault Heiress,key:garment,stated,a basement of a million buttons is a Garment District scene
4494,4494,The Steam Press Baptistry,key:garment,stated,steam presses working overnight describe the Garment District
4495,4495,The Thread Spool Oracle,key:garment,stated,the district's designers queue at her counter
4496,4496,The Fitting of the Invisible Client,key:garment,stated,an atelier fitting an invisible client describes the Garment District
4499,4499,The Selvage Cartographer,key:garment,stated,the selvage edges of the district's bolts
4501,4501,The Sample Sale Labyrinth,key:garment,stated,a sample sale loft of spiraling racks describes the Garment District
4502,4502,The Chalk Mark Prophecies,key:garment,stated,a family tailor's fitting room chalk marks describe the Garment District
4503,4503,The Fur District Absolution,key:garment,stated,"title names the Fur District, the garment trade's own"
4505,4505,The Needle Trades Saint,key:garment,stated,"the district keeps an unofficial saint, a machine mechanic"
4506,4506,The Runway in the Freight Elevator,key:garment,stated,the district's most exclusive show happens in a freight elevator
4507,4507,The Interfacing Between Worlds,key:garment,stated,a seamstress stitching interfacing into jackets describes the Garment District
4509,4509,The Hem of the Working Day,key:garment,stated,at six the district's day is hemmed by an old presser
4510,4510,The Couture Ambulance,nb:Concourse,stated,story names the Bronx for the couture ambulance's church call
4511,4511,The Archive of Unworn Dresses,key:garment,stated,a climate vault of unworn couture describes the Garment District
4512,4512,The Bias Cut Fortune,key:garment,stated,the district's last bias master drapes the true bias
4513,4513,The Pincushion Cathedral,key:garment,stated,every pin bitten between a district seamstress's lips
4514,4514,The Trim of Living Light,key:garment,stated,a passementerie maker braids trim from the district's neon
4519,4519,The Sneaker Tree Elder,nb:Brownsville,inferred,sneakers thrown over the wire is a Brownsville street legend
4520,4520,The Layering Prophet of Lafayette,key:lafayette_st,stated,a man on Lafayette wears seven layers of decades
4521,4521,The Tailor of Secondhand Luck,nb:Harlem,inferred,a tailor altering the luck of secondhand clothes fits a Harlem shop
4524,4524,The Durag Aerodynamicist,nb:Bedford-Stuyvesant,inferred,chalk equations on a stoop about durags fit a Bed-Stuy block
4526,4526,The Church Hat Constellation,boro:Brooklyn,stated,the great hats of a Brooklyn congregation leave church
4527,4527,The Break Dancer's Pressed Air,nb:Morrisania,inferred,a breakdancer's windbreaker on a park fence fits the Bronx's hip hop roots
4528,4528,The Grandmother of Gold Hoops,nb:Corona,inferred,gold hoops descending through a family fits a Corona block
4529,4529,The Suit That Attends Interviews,nb:Highbridge,stated,story names the Bronx for the suit lent through an apartment building
4530,4530,The Sneakerhead Archivist,nb:Flatbush,inferred,a sneakerhead archivist collecting first steps fits a Flatbush block
4533,4533,The Cobbler of Second Chances,nb:Washington Heights,inferred,a neighborhood cobbler whose tickets read like verdicts fits Washington Heights
4534,4534,The Puffer Coat Choir,nb:East Harlem,inferred,puffer coats humming at a bus stop fit an El Barrio corner
4535,4535,The Stylist of Last Photographs,nb:Hunts Point,inferred,a graffiti writer's funeral styling fits the Bronx's graffiti history
4537,4537,The Hand Me Down Current,nb:Washington Heights,inferred,a christening gown crossing the street fits Washington Heights family life
4538,4538,The Fitted Cap Meridian,nb:Concourse,stated,story names the Bronx for the fitted cap barometer corner
4539,4539,The Scarf That Circles the Block,nb:Harlem,inferred,a decades long communal scarf circling the block fits Harlem
4541,4541,The Prophets Assembled,key:125th_st,stated,the boroughs' best dressed crossing together evokes Harlem's main strip
4544,4544,The Tank Keeper's Ladder,nb:SoHo,inferred,a cedar tank keeper's ladder fits SoHo's old loft roofs
4545,4545,The Bell of Standing Water,nb:Greenpoint,stated,story names Brooklyn for the printworks tank ringing the hour
4547,4547,The Winter Steam Vespers,nb:Chelsea,inferred,a skyline of steaming tanks at first frost fits Chelsea's rooftops
4548,4548,The Tower That Kept a Garden,nb:Lower East Side,inferred,a hidden rooftop garden fed by a tank fits a Lower East Side building
4549,4549,The Pilgrimage of the New Super,nb:Washington Heights,inferred,a new super's rooftop pilgrimage fits a Washington Heights walkup
4552,4552,The Rooftop Wedding Blessing,nb:Williamsburg,inferred,a tar roof wedding blessing fits a Williamsburg rooftop
4555,4555,The Tower and the Crane,nb:Long Island City,inferred,a tower crane courting a cedar tank fits Long Island City's construction skyline
4556,4556,The Conical Cap Observatory,nb:Greenwich Village,inferred,a tank cap hinging open like an observatory dome fits a Village rooftop
4557,4557,The Sparrow Cloister,nb:East Village,inferred,sparrows nesting between a tower's legs fits an East Village rooftop
4558,4558,The Skyline Communion,nb:Midtown,inferred,ten thousand tanks releasing rain at once is best seen from central Midtown
4559,4559,The Tank Painter's Vigil,nb:Tribeca,inferred,a painter spending a year on one tower fits a Tribeca loft roof
4560,4560,The Night of Lowered Ladders,nb:Lower East Side,inferred,sleepless neighbors climbing to sit against warm staves fits a Lower East Side roof
4562,4562,The Tank Twin Reunion,nb:Williamsburg,inferred,two towers leaning toward joint block parties fit adjoining Williamsburg loft roofs
4563,4563,The Monastery's Orphan,nb:Mott Haven,stated,story names the Bronx for the salvaged tank moved to a community garden
4567,4567,The Guard Who Curates the Dark,key:met_museum,stated,night guard rehangs the museum's gallery of the same cluster
4568,4568,The Marble Court Thaw,key:met_museum,stated,the sculpture court's marbles step down at midnight
4569,4569,The Period Room Tenant,key:met_museum,stated,an 1820s parlor period room keeps a museum ghost tenant
4570,4570,The Armor Hall Sentries,key:met_museum,stated,the equestrian armors of the great hall ride patrol
4571,4571,The Restorer of Painted Weather,key:met_museum,stated,a conservator cleans a dark Dutch seascape in the museum
4572,4572,The Mummy's Commute,key:met_museum,stated,the museum's oldest resident walks the Egyptian wing
4573,4573,The Frame Maker's Doors,key:met_museum,stated,the basement frame shop of the museum makes doors
4574,4574,The Fountain of the Members' Court,key:met_museum,stated,the courtyard fountain of the members' court runs backward
4575,4575,The Tapestry Unicorn's Errand,key:fort_tryon,stated,the captive unicorn steps out of the Cloisters tapestry
4576,4576,The Skylight Moon Borrowers,key:met_museum,stated,the impressionist galleries borrow the actual moon
4577,4577,The Docent of Forgotten Donors,key:met_museum,stated,a retired docent tours the museum's forgotten donors
4578,4578,The Temple's Weather,key:met_museum,stated,the glass hall of the Egyptian temple is the Temple of Dendur
4580,4580,The Musical Instruments Wing Rehearsal,key:met_museum,stated,the musical instruments wing rehearses at three
4581,4581,The Loading Dock Nativity,key:met_museum,stated,every crate reaching the museum dock is met like a birth
4582,4582,The Cast Hall Understudies,key:met_museum,stated,the cast hall's plaster copies stand the night watch
4583,4583,The Conservator of Kisses,key:met_museum,stated,a museum conservator specializes in the damage of devotion
4585,4585,The Ruby Slipper Protocol,key:met_museum,stated,the costume institute's garments try themselves on
4586,4586,The Rooftop Sculpture's Season,key:met_museum,stated,the roof garden's summer installation refuses deinstallation
4587,4587,The Catalog of Lost Titles,key:met_museum,stated,the museum registrar's office keeps discarded titles
4588,4588,The Fire Watch Painter,key:met_museum,stated,the museum's fire watchman paints the collection from memory
4589,4589,The Medieval Hall Snowfall,key:met_museum,stated,the medieval hall snows indoors every Christmas Eve
4590,4590,The Guard's Retirement Gift,key:met_museum,stated,on his last shift the whole museum collection turns to the door
4591,4591,The Museum Dreams Itself,key:met_museum,stated,"armor among the water lilies, the mummy queen beside a portrait"
4593,4593,The Canopy Layer,nb:Long Island City,inferred,a tenth floor scaffold canopy population fits Long Island City's construction boom
4595,4595,The Rigger Queen,nb:Downtown Brooklyn,inferred,a rigger walking pipe thirty stories up fits a Downtown Brooklyn tower site
4598,4598,The Coupler Locksmith,nb:Sunset Park,inferred,a coupler tightener walking sheds at night fits a Sunset Park industrial block
4599,4599,The Understory Market,nb:Jackson Heights,stated,story names Queens and petitions in many languages fit Jackson Heights
4600,4600,The Forest Walks at Night,nb:Harlem,inferred,a scaffold forest walking the avenues at night fits a Harlem streetscape
4602,4602,The Pipe Flute Section,nb:Chelsea,inferred,wind playing scaffold pipes like an organ fits Chelsea's construction density
4604,4604,The Night Pour,nb:East Harlem,inferred,a night concrete pour honoring displaced families fits East Harlem's renewal history
4606,4606,The Grove of Finished Buildings,nb:Financial District,inferred,scaffold ghosting over finished facades fits the Financial District's tower canyon
4607,4607,The Winter Enclosure,nb:Midtown,inferred,a wrapped forty story tower glowing like a lantern fits Midtown
4608,4608,The Topping Out Tree,key:hudson_yards,inferred,a topping out beam evergreen fits Hudson Yards' active towers
4609,4609,The Scaffold Wedding Arch,nb:Long Island City,inferred,two site engineers marrying under a shed fits a Long Island City job site
4610,4610,The Old Growth Inspector,nb:Upper West Side,inferred,an inspector certifying scaffold soul fits an Upper West Side renovation block
4611,4611,The Crossbrace Hammock District,nb:Mott Haven,stated,story names the Bronx for the crossbrace hammock village
4612,4612,The Demolition Ballet,nb:Bushwick,inferred,a crew's demolition ballet at dawn fits a Bushwick industrial block
4613,4613,The Forest Floor Mycologist,nb:Bedford-Stuyvesant,inferred,a mycelium web threading scaffold bases fits a Bed-Stuy row of sheds
4615,4615,The Lantern Rounds,nb:Astoria,inferred,a lantern rounds walker on miles of plank fits an Astoria construction site
4619,4619,The Window Washer of the One Percent Sky,nb:Midtown,inferred,a window washer on the one percent sky fits a Midtown supertall
4620,4620,The Terrace Shepherd,nb:Tribeca,inferred,setback terraces grazing small clouds fit a Tribeca penthouse
4625,4625,The Helipad Heron,nb:Financial District,inferred,a heron on a decommissioned helipad fits a Financial District tower
4628,4628,The Rooftop Pool of the Sky's Moods,nb:Midtown,inferred,a ninetieth floor infinity pool fits a Midtown supertall
4629,4629,The Antenna Farm Shortwave Heart,key:empire_state,inferred,one antenna mast carrying every message fits the city's iconic broadcast spire
4630,4630,The Snow Line Doorman,nb:Upper East Side,inferred,a snow line doorman working the boundary fits an Upper East Side tower
4631,4631,The Peregrine Concierge Desk,nb:Financial District,inferred,peregrine falcons nesting on a high ledge fit the Financial District's tall ledges
4632,4632,The Mechanical Floor Oracle,nb:Midtown,inferred,unnumbered mechanical floors reading harmonics fit a Midtown office tower
4633,4633,The Cloudbank Rent Party,nb:Chelsea,inferred,a rent controlled tenant amid luxury weather fits gentrifying Chelsea
4635,4635,The Highest Garden's Winter Bees,nb:Midtown,inferred,rooftop bees foraging crown lights fit a Midtown high rise
4636,4636,The Parapet Meteorologist,nb:Upper West Side,inferred,a nine year old's rooftop forecast fits an Upper West Side building
4637,4637,The Crown Fire Watch,nb:Williamsburg,stated,story names Brooklyn for the tower watching the transformer fire smoke
4639,4639,The Penthouse That Kept the Old Roof,nb:Upper West Side,inferred,a walk up's old tar roof kept inside a new crown fits the Upper West Side
4640,4640,The Weather Will Reading,nb:Financial District,inferred,the oldest tower on the row writing a will fits a Financial District block
4641,4641,The Ceiling of the City,nb:Midtown,stated,story names Manhattan for the private weather merging into one sheet
4642,4642,The Door Under the Bridge Anchorage,key:brooklyn_bridge,stated,inside the Brooklyn anchorage of the great bridge
4643,4643,The Sandhogs' Chapel,key:midtown_tunnel,inferred,sandhogs boring six hundred feet under the river fit a major river tunnel
4644,4644,The Steam Main Serpent,nb:Murray Hill,stated,story names Manhattan for the citywide steam main serpent
4646,4646,The Root Cellar Cartel,nb:Concourse,stated,story names the Bronx for the Ghanaian grocer's root cellar
4647,4647,The Pneumatic Mail Ghost,nb:Financial District,inferred,a pneumatic mail canister still firing nightly fits the old lower Manhattan mail tubes
4648,4648,The Aquifer Listener,nb:Inwood,stated,story names Manhattan and the island's old aquifer fits Inwood's bedrock springs
4650,4650,The Freight Tunnel Drover,nb:Chelsea,inferred,an abandoned west side freight tunnel drove road fits Chelsea's old rail line
4651,4651,The Foundation Whisperers,nb:Financial District,inferred,foundation crews leaving a worker in the footings fits a Financial District tower site
4652,4652,The Speakeasy Beneath the Speakeasy,nb:East Village,inferred,a real speakeasy beneath a restored one fits the East Village's speakeasy history
4654,4654,The Coal Chute Postal Union,nb:Lower East Side,inferred,bricked coal chutes reopened as a mail route fit Lower East Side tenement cellars
4655,4655,The Well Under the Skyscraper,nb:Financial District,stated,an 1760 hand dug well under a skyscraper fits the city's oldest colonial ground
4656,4656,The Mole People's Library,nb:Morningside Heights,inferred,a mole people's library evokes the Freedom Tunnel near Riverside Park
4658,4658,The Bank of Buried Voices,nb:Lower East Side,inferred,voices banked from every grate fit the dense Lower East Side streets
4659,4659,The Footings of the Old Hotel,nb:Midtown,inferred,a demolished hotel's footings under a parking lot fit Midtown's turnover of grand hotels
4660,4660,The Tectonic Superintendent,nb:Midtown,stated,"Manhattan schist is named directly, deepest and most exposed under Midtown"
4661,4661,The Cistern Planetarium,nb:Park Slope,stated,story names Brooklyn for the school's drained Victorian cistern
4662,4662,The Dead Letter Cellar,nb:Tribeca,inferred,an old post office's dead letter cellar fits the former main post office near City Hall
4664,4664,The Night the Undercroft Voted,nb:Financial District,inferred,the undercroft voting to keep holding the city up fits the Financial District's dense foundations
4665,4665,The Elevator to the Bottom,nb:Financial District,stated,the colony's first cellar hole names the earliest New Amsterdam settlement
4666,4666,The Undercroft Gives Back the Light,nb:East Village,inferred,grates glowing upward at solstice fits a dense East Village block
4669,4669,The Painter Halfway Across,key:gwb,inferred,a bridge painter starting over at the far end fits the George Washington Bridge's endless repaint
4671,4671,The Caisson Veterans,key:brooklyn_bridge,stated,"sandhogs dug the bridge's caisson foundations, the great bridge's method"
4674,4674,The Bicycle Ghost Peloton,key:brooklyn_bridge,inferred,a bicycle ghost peloton fits the Brooklyn Bridge's iconic bike path
4675,4675,The Expansion Joint Breathing Coach,key:verrazzano,inferred,a bridge breathing through long exhales fits the Verrazzano's great span
4676,4676,The Tollbooth of Old Fares,key:brooklyn_bridge,stated,the eighteen eighty three fare rate is the Brooklyn Bridge's opening year
4677,4677,The Cable Spinner's Granddaughter,key:verrazzano,inferred,cable spinning wire by wire fits a great suspension bridge's construction history
4678,4678,The Fog Bell Congregation,key:brooklyn_bridge,inferred,every bridge bell in the city answering centers on the Brooklyn Bridge
4679,4679,The Steel Diary,key:manhattan_bridge,inferred,a bridge keeping its tension diary fits the Manhattan Bridge's suspenders
4681,4681,The Suspender Rope Swing,key:williamsburg_bridge,inferred,an ironworker's rope swing over black river fits the Williamsburg Bridge
4682,4682,The Bridge Choir Auditions,nb:Mott Haven,stated,story names the Bronx and a little bridge over the Bronx Kill
4684,4684,The Rivet Catcher's Heir,key:brooklyn_bridge,inferred,thrown white hot rivets sewing spans together fit the Brooklyn Bridge's construction lore
4685,4685,The Deck Letter Drop,key:brooklyn_bridge,inferred,letters falling into the anchorage fit the Brooklyn Bridge's Manhattan anchorage
4686,4686,The Saltwater Organist,key:brooklyn_bridge,inferred,a harbor pilot's widow reading tides at the anchorage fits the Brooklyn Bridge
4687,4687,The Aerialists' Right of Way,key:williamsburg_bridge,inferred,wire walkers granted the cables one night fits the Williamsburg Bridge
4688,4688,The Anchorage Archivist,key:brooklyn_bridge,stated,"story names Manhattan and the anchorage, the Brooklyn Bridge's real archive space"
4703,4703,The Fog Cutter's Daughter,key:ny_harbor,stated,one family has cut the fog for this harbor since the clipper days
4716,4716,The Colossi at Rest,key:ny_harbor,stated,the colossi lie back in the outer harbor to float
4718,4718,The Puddle Realm Ambassador,nb:Greenwich Village,inferred,a puddle embassy on wet avenues fits the Village's low rise streets
4719,4719,The Shopfront Twin,nb:Harlem,inferred,two barbers working back to back through a mirror fit a Harlem barbershop
4721,4721,The Bodega Cat's Reflection Empire,nb:Washington Heights,inferred,a bodega cat ruling a convex mirror fits Washington Heights bodega life
4722,4722,The Window Washer Between Worlds,nb:Midtown,inferred,a window washer cleaning the city's reflection fits a Midtown tower
4727,4727,The Rearview Prophet,nb:Long Island City,inferred,a taxi's rearview mirror scene fits a Long Island City cab depot
4730,4730,The Chrome Bumper Historians,nb:Astoria,stated,story names Queens for the parked chrome bumper historians
4731,4731,The Mirror Matchmaker,nb:East Village,inferred,a two sided mirror matching unguarded faces fits an East Village shop
4732,4732,The Reflected Rain,nb:Park Slope,inferred,rain falling upward into reflection fits a leafy Park Slope block
4734,4734,The Night Shift Mirror Check,key:bellevue,stated,a four in the morning hospital locker room names Bellevue's night shift
4735,4735,The Antique Mirror Repatriation,nb:Chelsea,inferred,antique mirror dealers returning old glass home fit Chelsea's antique district
4736,4736,The Disco Ball Reliquary,nb:Mott Haven,stated,story names the Bronx for the disco ball's storage unit
4737,4737,The Mirror Writing Doctor,nb:Lower East Side,inferred,a stroke survivor reading backward signage fits the Lower East Side's varied storefronts
4738,4738,The Two Way Mirror Truce,key:foley_sq,inferred,an interrogation room mirror turning honest fits a precinct near Foley Square
4740,4740,The City Repeats Itself Kindly,nb:Upper West Side,inferred,every reflective surface aligning kindly fits a quiet Upper West Side night
4743,4743,The Bedrock Turns in Its Sleep,nb:Midtown,inferred,bedrock shifting under every door fits central Manhattan's schist foundation
4744,4744,The Gargoyles Descend Together,nb:Financial District,inferred,every grotesque climbing down to usher commuters fits the Financial District
4745,4745,The Water Towers Fill With Light,nb:Chelsea,inferred,ten thousand tanks filling with light fits a dense Chelsea rooftop view
4748,4748,The Architecture Remembers Its Architects,nb:Midtown,inferred,buildings dreaming their architects fits Midtown's drafting room towers
4753,4753,The Children's Commission,key:nypl,stated,children sworn in on the library lions' paws
4754,4754,The Rent Party of the Whole City,nb:Harlem,stated,a rent party for the whole city names Harlem's historic rent party tradition
4756,4756,The Museum Hangs the City,nb:Concourse,stated,story names the Bronx and the Bronx Museum of the Arts on the Grand Concourse
4761,4761,The Commute of the First Morning,key:subway_system,inferred,a perfect citywide commute fits the subway carrying everyone at once
4762,4762,The Corner That Grants Nothing,nb:Greenwich Village,inferred,a corner kept ordinary by decree fits a beloved Village corner
4764,4764,The City Writes Its Card,nb:Midtown,inferred,every window reading the same sentence fits a dense Midtown skyline
4766,4766,The Door Held Open,nb:SoHo,stated,a cast iron facade holding her own door open names SoHo directly
4769,4769,The Unregistered Man,nb:Midtown,inferred,a man unseen by rendered doors fits a generic dense Midtown street
4771,4771,The Bodega of Two Realities,nb:Washington Heights,stated,"a chopped cheese sandwich names Washington Heights, its documented origin"
4780,4780,The Layer Mismatch Wedding,nb:Elmhurst,inferred,a mixed Dominican and Korean wedding fits a diverse Queens neighbourhood
4789,4789,The Bootleg Overlay Table,key:canal_st,stated,a bootleg table sits under scaffolding on Canal
4790,4790,The Woman Who Kept Her Old Skin,nb:Ridgewood,inferred,"no scene cue, spreading the AR overlay story across the map"
4798,4798,The Data Broker's Botanica,boro:Bronx,stated,a Bronx botanica sells your own data back
4801,4801,The Precinct of Mirrors,nb:Sunset Park,inferred,"no cue given, placing the mirrored precinct in Brooklyn"
4812,4812,The Face Blur Vigilante,nb:Astoria,inferred,"no cue given, spreading the face blur story to Queens"
4813,4813,The Cloud Storage Cemetery,boro:Queens,stated,the dead kept as footage under a Queens data hall
4815,4815,The Audit of Small Sins,boro:Staten Island,stated,the sins published on one Staten Island cul de sac
4825,4825,The Escalator That Goes Somewhere Else,boro:Bronx,stated,one Bronx escalator arrives at a different Bronx
4826,4826,The Manhole Paratrooper,nb:Harlem,inferred,a courier crossing four boroughs needs a central Manhattan starting point
4833,4833,The Bus That Waits for You Specifically,key:flatbush_ave,stated,the B41 bus runs the length of Flatbush Avenue in Brooklyn
4837,4837,The Ladder Between Boroughs,key:pulaski,stated,a ladder leans against nothing and spans a mile of the Pulaski
4851,4851,The Bodega Cat Collar Interface,nb:Corona,inferred,"no cue given, spreading the bodega cat story to Queens"
4854,4854,The Radio That Plays the Block,boro:Bronx,stated,a Bronx radio picks up the block itself
4871,4871,The Coffee Ceremony in Orbit,boro:Bronx,stated,an Ethiopian coffee ceremony proceeds in a Bronx apartment
4875,4875,The Drum That Moves Buildings,boro:Bronx,stated,a Garifuna drummer plays in the East Bronx
4876,4876,The Botanica Server Room,nb:Washington Heights,inferred,a botanica behind a beaded curtain fits Dominican Washington Heights
4891,4891,The Interfaith Block Association,boro:Queens,stated,seven faiths argue about parking in a Queens church basement
4897,4897,The Comment Section Made Flesh,boro:Queens,stated,comments take physical form on an actual Queens sidewalk
4898,4898,The Trend That Outlived Its Meaning,boro:Brooklyn,stated,a gesture meant something on one Brooklyn block
4902,4902,The Stitch That Corrected the Record,boro:Bronx,stated,footage shot from a Bronx stoop corrects the record
4903,4903,The Fit Check on the L,key:line_l,stated,she films the outfit on the flat light of the L platform
4906,4906,The Ratio Heard Round the Borough,boro:Staten Island,stated,Staten Island agrees on nothing except this response
4907,4907,The Deli Guy Who Would Not Do the Bit,nb:Bay Ridge,inferred,"no cue given, spreading the deli story to Brooklyn"
4908,4908,The Repost Ghost,key:fordham_rd,stated,the Bx12 bus runs the Fordham Road corridor in the Bronx
4910,4910,The Meme That Became a Landmark,nb:Williamsburg,inferred,a meme turned landmark fits Williamsburg's meme culture
4911,4911,The Corner That Kept Him,nb:East Harlem,inferred,a bodega and domino table fit East Harlem stoop life
4916,4916,The Feed Goes Down for One Hour,boro:Brooklyn,stated,a man on a Brooklyn roof begins applauding the sunset
4945,4945,The Extra Floor,nb:Midtown,inferred,an office elevator with an extra floor fits Midtown towers
4946,4946,The Woman Always Ahead of You,nb:Greenwich Village,inferred,a mysterious figure on old corners fits the Village's winding streets
4949,4949,The Address Nobody Can Write Down,nb:Woodside,inferred,"no cue given, placing the mail carrier story in Queens"
4950,4950,The Vanishing Point Custodian,nb:Financial District,stated,an old man tends the vanishing point beneath the Municipal Building
4954,4954,The Photograph That Keeps Developing,boro:Queens,stated,a Polaroid taken outside a Queens church in 1979
4955,4955,The Street in Two Boroughs,nb:East New York,inferred,a block straddling two boroughs fits the East New York border streets
4959,4959,The Neighbor Nobody Remembers Moving In,nb:Inwood,inferred,"no cue given, placing the mystery neighbour in upper Manhattan"
4962,4962,The Bloom That Only Opens Unobserved,key:botanical,stated,a flower tended forty years in a Bronx conservatory
4966,4966,The Watcher Steps Into Frame,nb:Midtown,inferred,the collection's watcher belongs at the city's symbolic crossroads
4971,4971,The Scaffold That Grew Roots,nb:Sunset Park,inferred,"no cue given, placing the rooted scaffold in Brooklyn"
4984,4984,The Payphone That Still Works,boro:Queens,stated,one payphone on a Queens corner connects to the dead
4989,4989,The Chain Link That Blooms Where It Is Missed,boro:Bronx,stated,a fence blooms around a shuttered Bronx ballfield
4997,4997,The Hydrant Opened by Committee,nb:Bushwick,inferred,"no cue given, placing the hydrant scene in Brooklyn"
4999,4999,The Last Warm Day Register,key:riverside_park,stated,a woman keeps the record from a Riverside bench
5022,5022,The Taxi That Only Runs at Four,nb:Hell's Kitchen,inferred,a late night cab fits Manhattan's Hell's Kitchen taxi garages
5024,5024,The Bodega Cat Council,boro:Queens,stated,bodega cats of one Queens avenue divide the territory
5025,5025,The Woman Who Turns the City Over,boro:Bronx,stated,a woman turns a brass handle in a Bronx boiler room
5035,5035,The Night Court Interpreter,key:foley_sq,inferred,night court and a judge fit the Foley Square courthouses
5040,5040,The Bus That Runs Empty on Purpose,nb:Brownsville,stated,the B15 route runs through Brownsville toward Queens
5043,5043,The Bridge That Only Opens for the Homesick,key:queensboro_bridge,inferred,a fictional homesick bridge from Queens anchors to the real Queensboro Bridge
5044,5044,The Sixth Borough Bodega,nb:Rockaway Beach,inferred,the mythic sixth borough anchors to the ocean edge at the Rockaways
5045,5045,The Borough President of Nowhere,key:si_ferry,inferred,a waterfront table for all five boroughs fits the Staten Island Ferry landing
5046,5046,The Neighbourhood That Moved Over,key:battery,stated,Little Syria was cleared for the Brooklyn Battery Tunnel approach
5048,5048,The Sixth Borough Cemetery,key:hart_island,inferred,a cemetery for everyone the city forgot matches Hart Island
5049,5049,The Rent There,nb:Corona,inferred,"no cue given, placing the sixth borough kitchen in Queens"
5050,5050,The Crossing,key:christopher_pier,inferred,"current_boro is Manhattan, a pier crossing fits the tide over the sandbar"
5051,5051,The Sixth Borough Subway Map,key:subway_system,inferred,a root system of new lines is a subway metaphor for the city
5052,5052,The Restaurant of the Place That Closed,nb:Chelsea,inferred,"no cue given, placing the closed restaurant story in Manhattan"
5053,5053,The Sixth Borough Fire Department,nb:Woodside,inferred,"no cue given, placing the sixth borough firehouse in Queens"
5054,5054,The Accent That Only Exists There,nb:Bay Ridge,inferred,an extinct local accent fits old Brooklyn Bay Ridge diners
5056,5056,The Sixth Borough Stoop Sale,nb:Bedford-Stuyvesant,inferred,a stoop sale of lost things fits Bed-Stuy stoop culture
5057,5057,The Building That Commutes,key:east_river,inferred,a building that crosses nightly fits a river crossing
5058,5058,The Public Pool of the Sixth,key:astoria_pool,inferred,the public pool of the sixth borough fits the Astoria Park Pool
5059,5059,The Sixth Borough Church,nb:Harlem,inferred,many faiths sharing one room fits Harlem's church density
5060,5060,The Mail That Gets Through,nb:Ridgewood,inferred,"no cue given, placing the undelivered mail story in Queens"
5061,5061,The Sixth Borough Bar,nb:East Village,inferred,a bar remembering the best night fits an old East Village dive
5071,5071,The Cathedral That Finished Itself,key:st_john_divine,stated,Saint John the Divine completes its own unbuilt tower
5077,5077,The Mosque Carpet That Remembers Every Forehead,boro:Bronx,stated,a Bronx masjid carpet holds forty years of foreheads
5082,5082,The Nun Who Runs the Corner,boro:Bronx,stated,a Sister has kept one Bronx corner safe for four decades
5083,5083,The Gurdwara Kitchen at Three AM,boro:Queens,stated,the langar hall in Queens feeds a stranger at three am
5085,5085,The Atheist Who Keeps the Keys,boro:Queens,stated,he has held keys to four houses of worship on one Queens block
5089,5089,The Ethiopian Coffee Ceremony on the Fourth Floor,boro:Bronx,stated,coffee smoke fills a Bronx apartment building
5092,5092,The Halal Cart That Feeds the Whole Shift,key:53rd_6th,stated,a cart on Fifty Third and Sixth feeds the hospital night shift
5100,5100,The Feast,boro:Queens,stated,the whole population of one enormous Queens block sits at one table
5101,5101,The Ice Cream Truck That Knows What Year It Is For You,boro:Staten Island,stated,a truck on a Staten Island corner serves the summer you need
5109,5109,The Fruit Stand That Ripens on Command,boro:Bronx,stated,a Bronx stand ripens a mango on command
5126,5126,The Crypto Kid on the Roof,boro:Bronx,stated,a mining rig on a Bronx rooftop heats the building
5134,5134,The Auction of Things Nobody Claimed,boro:Brooklyn,stated,unclaimed lots go under the hammer in a Brooklyn warehouse
5147,5147,The Window Washer at the Ninetieth Floor,key:empire_state,inferred,a ninetieth floor window washer fits a landmark supertall
5148,5148,The Locksmith of Last Resort,boro:Bronx,stated,a Bronx locksmith opens doors people locked themselves out of
5149,5149,The Bridge Painter Who Never Finishes,key:gwb,inferred,a bridge painting job that never finishes fits the George Washington Bridge
5151,5151,The Sandhog Six Hundred Feet Down,nb:Van Cortlandt Park,inferred,Water Tunnel No. 3 has a major shaft near Van Cortlandt Park
5154,5154,The Roofer Who Reads the Leak,boro:Queens,stated,a Queens roofer narrates eleven years of weather in a living room
5155,5155,The Bicycle Mechanic of Delivery Row,boro:Bronx,stated,a Bronx shop keeps four hundred delivery bikes running
5157,5157,The Sign Painter Who Paints No Signs,boro:Brooklyn,stated,a Brooklyn sign painter now paints only colour
5159,5159,The Man Who Maintains the Clocks,key:gct_clock,inferred,a public clock story fits the iconic Grand Central Clock
5162,5162,The Sanitation Worker Who Sorts by Story,boro:Staten Island,stated,a Staten Island transfer station worker sorts the waste stream
5163,5163,The Sharpener Who Comes Down the Block,boro:Queens,stated,a knife sharpener still works one Queens avenue
5164,5164,The Woman Who Rewires the Old Buildings,nb:Washington Heights,inferred,a 1911 wall fits Washington Heights' prewar apartment stock
5165,5165,The Crew That Fixes the Pothole Properly,boro:Queens,stated,a DOT crew fixes a pothole on a Queens street
5166,5166,The Last One to Leave the Site,boro:Brooklyn,stated,a worker checks everyone's work on a Brooklyn construction site
5172,5172,The Man Who Keeps the Old Phone Numbers,boro:Queens,stated,every disconnected number in Queens terminates on his switchboard
5174,5174,The Woman Who Files the Grudges,boro:Bronx,stated,a Bronx clerk keeps the record of wrongs since 1954
5177,5177,The Museum of the Ordinary Tuesday,boro:Brooklyn,stated,a Brooklyn storefront museum preserves a whole Tuesday in 1974
5179,5179,The Woman Who Saves the Storefronts,nb:Lower East Side,inferred,vanished storefronts across three boroughs anchor to the Lower East Side
5185,5185,The Court Stenographer Who Kept Everything,boro:Staten Island,stated,forty years of testimony sit in a Staten Island garage
5187,5187,The Graffiti That Came Back Up,key:subway_system,inferred,a 1981 subway car and platform fit the subway system generally
5189,5189,The Fire Department Bell That Rings for the Old Calls,boro:Brooklyn,stated,a Brooklyn firehouse bell rings for every alarm ever answered
5190,5190,The Cemetery That Files by Story,key:greenwood,stated,Green Wood is arranged now by what people did
5191,5191,The City That Remembers You Back,nb:Astoria,inferred,"no cue given, placing the returning woman's block in Queens"
5196,5196,The Midwife Who Catches Them All,boro:Brooklyn,stated,a Brooklyn midwife feels every delivery still out there
5197,5197,The Man With the Second Heart,boro:Queens,stated,a Queens cab driver carries a stranger's heart
5199,5199,The Woman Who Reads the MRI Like a Map,boro:Manhattan,stated,a radiologist in Manhattan reads the whole life in the scan
5200,5200,The Ward,key:bellevue,inferred,a hospital ward at night fits the city's flagship Bellevue
5201,5201,The Physical Therapist of the Old Fighters,boro:Bronx,stated,a Bronx gym works on retired boxers
5207,5207,The Woman Who Carries the Ward's Sleep,boro:Brooklyn,stated,a hospital cleaner in Brooklyn carries the ward's insomnia home
5216,5216,The Body That Belongs to the City,boro:Bronx,stated,a lifelong New Yorker stands on a Bronx corner
5225,5225,The Church Organ That Plays the Neighbourhood,boro:Brooklyn,stated,a Brooklyn organ's pipes are connected to the block
5231,5231,The Mariachi on the Six Train,key:line_6,stated,"a band works the uptown local, the 6 train"
5238,5238,The Bell of the Old School,boro:Brooklyn,stated,a Brooklyn school bell rings for every student who ever attended
5251,5251,The Bus That Takes the Scenic Route,key:flatbush_ave,stated,the B41 driver's scenic route follows Flatbush Avenue toward the water
5278,5278,The Puffer Coat That Holds a Whole Winter,boro:Bronx,stated,a Bronx teenager lends her jacket at a bus stop
5284,5284,The Drag Queen Who Built the Look From Scrap,boro:Queens,stated,a performer assembles a gown in a Queens basement
5285,5285,The Uniform That Is Also Armour,boro:Bronx,stated,a Bronx hospital worker wears scrubs cut like armour
5291,5291,The Show That Was Just the Street,nb:Bushwick,inferred,a street doubling as runway fits Bushwick's street fashion scene
5293,5293,The Woman the Recommendation Engine Gave Up On,boro:Bronx,stated,a Bronx librarian hands over exactly the right book
5297,5297,The Predictive Policing Map That Pointed at Itself,key:foley_sq,inferred,a precinct's predictive map fits the justice hub around Foley Square
5300,5300,The Model of the City,boro:Manhattan,stated,an engineer maintains a living model deep beneath Manhattan
5301,5301,The Translator That Got the Joke,boro:Queens,stated,a translation system finally lands a joke at a Queens clinic
5302,5302,The Automated Warehouse That Kept One Human,boro:Bronx,stated,a robotic facility in the Bronx keeps one human worker
5304,5304,The Man Who Deleted Himself,boro:Staten Island,stated,a Staten Island man has erased every trace of himself
5306,5306,The Rideshare Surge That Followed Grief,key:bellevue,inferred,midnight outside a hospital fits Bellevue Hospital
5310,5310,The Model That Dreams About Queens,boro:Queens,stated,a system trained on the borough dreams up Queens streets
5313,5313,The Algorithm That Fell in Love With a Bus Route,key:flatbush_ave,stated,the B41 route the algorithm loves is Flatbush Avenue
5315,5315,The Recommendation That Was a Person,boro:Queens,stated,the woman behind the matching system sits at her kitchen table in Queens
5317,5317,The Ailanthus That Won,boro:Bronx,stated,a tree of heaven turns an abandoned Bronx lot into forest
5320,5320,The Peregrine on the Setback,key:chrysler,inferred,an Art Deco ledge and falcon fit the Chrysler Building
5326,5326,The Raccoon Family in the Cathedral,key:st_john_divine,stated,a Gothic clerestory names the Cathedral of St. John the Divine
5327,5327,The Ginkgo That Drops All at Once,boro:Brooklyn,stated,a Brooklyn ginkgo drops its whole canopy in one afternoon
5329,5329,The Green Roof That Fed the School,boro:Bronx,stated,an entire Bronx school eats from its own roof
5337,5337,The Man Who Planted a Tree for Everyone He Lost,boro:Queens,stated,a Queens man plants his four hundred eleventh street tree at dawn
5339,5339,The Ivy That Reads the Building,nb:Morningside Heights,stated,Boston ivy grows over a Morningside facade
5341,5341,The Night the Green Came Through,boro:Brooklyn,stated,every crack in Brooklyn flowers in one warm night
5348,5348,The Chess Kid of the Bronx,boro:Bronx,stated,a ten year old takes apart a grandmaster at a Bronx park table
5349,5349,The Ice Cream Line at Nine PM,boro:Queens,stated,every kid on a Queens corner is in one ice cream line
5350,5350,The Playground,nb:Inwood,inferred,"no cue given, spreading the citywide playground story to upper Manhattan"
5353,5353,The Boy Who Feeds Everything,boro:Bronx,stated,a Bronx kid's animals move across two blocks when he does
5355,5355,The Stickball Game That Never Ends,boro:Bronx,stated,a stickball game has run on a Bronx street since 1961
5359,5359,The School Bus That Waits,boro:Staten Island,stated,a Staten Island bus waits until every child is ready
5361,5361,The Girl Who Runs the Whole Bodega,nb:Washington Heights,inferred,"no cue given, placing the bodega counter in a dense Manhattan block"
5362,5362,The Snow Day,boro:Queens,stated,every child in the neighbourhood is on a Queens hill
5364,5364,The Little Girl at the Parade,boro:Bronx,stated,a child watches a parade turn the corner in the Bronx
5365,5365,The Boy Who Waits for His Mother's Shift,boro:Queens,stated,a kid does homework in a Queens hospital lobby
5366,5366,The Class Photograph,boro:Brooklyn,stated,a Brooklyn public school class photograph is taken
5369,5369,The Retired Conductor Who Still Rides,key:line_d,stated,a retired conductor rides the D every Tuesday
5372,5372,The Woman Who Has Fed the Block for Fifty Years,boro:Bronx,stated,a Bronx grandmother's kitchen has fed the building since 1976
5379,5379,The Retired Teacher Who Is Still Recognised,boro:Queens,stated,a retired teacher is greeted crossing one Queens street
5386,5386,The Retired Detective Who Still Watches,boro:Queens,stated,a retired detective watches from a Queens porch
5389,5389,The Two Sisters on the Bench,key:riverside_park,stated,two sisters share a Riverside bench since 1998
5390,5390,The Elder Who Is Teaching Everything He Knows,boro:Brooklyn,stated,a Brooklyn tradesman teaches four apprentices at a bench
5391,5391,The Oldest New Yorker,boro:Bronx,stated,a hundred and four year old sits on a Bronx sidewalk
5398,5398,The Vigil on the Corner,boro:Bronx,stated,eight hundred people hold candles at a Bronx intersection
5399,5399,The Puerto Rican Day Crowd on Fifth,key:fifth_ave,stated,flags run the whole length of Fifth for the parade
5400,5400,The Gathering,key:union_sq,inferred,a great square holding every kind of gathering fits Union Square
5406,5406,The New Year on a Rooftop,boro:Queens,stated,forty neighbours watch the skyline from a Queens roof
5409,5409,The Crowd That Stopped for the Fire,boro:Queens,stated,an entire Queens block watches a building burn
5412,5412,The Crowd Under the Tree at Rockefeller,key:rock_center,stated,the crowd gathers under the tree at Rockefeller
5416,5416,The Last Train Car at Two AM,key:subway_system,inferred,the last train car at two a.m. is the subway itself
5419,5419,The Man at the Naturalisation Ceremony,nb:Financial District,stated,story names Lower Manhattan for the naturalisation ceremony
5422,5422,The Hospital Door at Both Ends,boro:Bronx,stated,families pass at a Bronx hospital doorway
5423,5423,The Border of Two Neighbourhoods,boro:Brooklyn,stated,a Brooklyn street splits into two worlds
5424,5424,The Man Who Came Back After Twenty Years Inside,boro:Queens,stated,a man stands on a Queens sidewalk after twenty years inside
5425,5425,The Wedding on the Courthouse Steps,key:foley_sq,stated,courthouse steps for a civil wedding fit the Foley Square courts
5431,5431,The Customs Line,key:jfk,inferred,a customs hall of arrivals fits JFK's international terminal
5435,5435,The Doorway of the Place That Is Closing,nb:Greenwich Village,stated,a Village storefront closes on its final evening
5436,5436,The Airport Curb at Departures,key:jfk,inferred,a departures curb goodbye fits JFK airport
5437,5437,The Gate of the Cemetery on a Visiting Day,boro:Queens,stated,families visit a Queens cemetery gate with flowers
5438,5438,The Threshold of the Recovery Meeting,nb:Chelsea,inferred,"no cue given, placing the recovery meeting basement in Manhattan"
5441,5441,The Door That Is Always Open,boro:Bronx,stated,a Bronx apartment door has not been locked since 1991
5444,5444,The Woman Who Is In Two Places,boro:Queens,stated,a Queens woman is at work and her mother's bedside at once
5446,5446,The Man Who Is Always Just Ahead,nb:Greenwich Village,inferred,a figure at the end of every block fits the Village's winding streets
5449,5449,The Twin Nobody Else Can See,boro:Staten Island,stated,a Staten Island man has an identical figure walking behind him
5452,5452,The Photograph Everyone Remembers Differently,boro:Brooklyn,stated,a photograph hangs in a Brooklyn family's hallway
5456,5456,The Man Who Remembers Tomorrow,boro:Queens,stated,a Queens barber remembers the next day instead of the last
5460,5460,The Snow That Fell Only on One Building,boro:Bronx,stated,an inch of snow falls on one Bronx tenement
5461,5461,The Number That Everyone Sees,nb:Astoria,inferred,"no cue given, placing the reflective surface story in Queens"
5462,5462,The Bodega That Sells the Thing You Lost,boro:Brooklyn,stated,a Brooklyn corner store sells back what you lost
5464,5464,The Person Who Is Not In the Photograph,boro:Bronx,stated,a group picture hangs on a Bronx fridge
5466,5466,The Answer,key:times_square,inferred,the collection's closing answer fits the city's symbolic crossroads
5491,5491,The Woman Who Is the Human in the Loop,nb:Sunset Park,stated,server annexes in Sunset Park
5492,5492,The Man Who Names the Failures,key:canal_st,stated,cloud offices over Canal Street
5493,5493,The Label Farmer Who Sees the Whole Shape,nb:Bay Ridge,stated,Yerevan by way of Bay Ridge
5494,5494,The Exception Handler at Four in the Morning,nb:Sunset Park,stated,server annexes in Sunset Park
5495,5495,The Auditor Who Reads the Contract,key:canal_st,stated,cloud offices over Canal Street
5496,5496,"Adaeze Okonkwo, a prompt janitor who cleans up after the model all night",nb:Long Island City,inferred,converted warehouse floors read as Long Island City loft blocks
5497,5497,"Desmond Baptiste, a data labeler paid by the thousand images",nb:Sunset Park,stated,server annexes in Sunset Park
5498,5498,"Xiomara Almonte, a content pipeline supervisor with nobody under her",key:canal_st,stated,cloud offices over Canal Street
5499,5499,"Mehreen Chowdhury, a synthetic voice actor whose voice now works without her",nb:Bushwick,inferred,converted warehouse floor work sits in Bushwick
5500,5500,"Mei Baek, a model evaluator who grades answers she is not allowed to correct",nb:Sunset Park,stated,server annexes in Sunset Park
5501,5501,"Tomasz Danylchenko, a red teamer hired to break the thing he helped build",key:canal_st,stated,cloud offices over Canal Street
5502,5502,"Nadia Kholghi, a transcription checker on her fourteenth hour",nb:East Williamsburg,inferred,annotation floors fill East Williamsburg warehouse buildings
5503,5503,"Salvatore Donnelly, a training data sourcer who will not say where it comes from",nb:Sunset Park,stated,server annexes in Sunset Park
5504,5504,"Shanice Pratt, a chat escalation agent who is the third human in a chain of none",key:canal_st,stated,cloud offices over Canal Street
5505,5505,"Mendel Rosenblatt, a warehouse robot minder who walks eleven miles a shift",nb:Greenpoint,inferred,converted warehouse floors along the Greenpoint waterfront
5506,5506,"Nurlan Ilagan, a rideshare map corrector fixing streets he has never driven",nb:Sunset Park,stated,server annexes in Sunset Park
5507,5507,"Chidi Okonkwo, a moderation policy writer whose rules are ignored by the tool",key:canal_st,stated,cloud offices over Canal Street
5508,5508,"Marcia Toussaint, a translation post editor rewriting a machine that is nearly right",nb:Maspeth,inferred,warehouse floor work in the Maspeth industrial belt
5509,5509,"Rafael Sandoval, an annotation team lead in a converted warehouse floor",nb:Sunset Park,stated,server annexes in Sunset Park
5510,5510,"Lakshmi Bhattacharya, a voice queue supervisor listening to nine calls at once",key:canal_st,stated,cloud offices over Canal Street
5511,5511,"Hyun-woo Chow, a quality assurance contractor on a nine month rolling contract",nb:Ridgewood,inferred,a converted Ridgewood warehouse floor of screens
5512,5512,"Katarzyna Wierzbicki, a dataset cleaner who finds a real person's face in the pile",nb:Sunset Park,stated,server annexes in Sunset Park
5513,5513,"Halim Demir, a fallback operator who takes over when the automation gives up",key:canal_st,stated,cloud offices over Canal Street
5514,5514,"Bridget Ferrante, a prompt janitor who cleans up after the model all night",nb:Brooklyn Navy Yard,inferred,converted Navy Yard floors hold this kind of contract work
5515,5515,"Curtis Bridges, a data labeler paid by the thousand images",nb:Sunset Park,stated,server annexes in Sunset Park
5516,5516,"Rivka Mandelbaum, a content pipeline supervisor with nobody under her",key:canal_st,stated,cloud offices over Canal Street
5517,5517,"Grace Wangdu, a synthetic voice actor whose voice now works without her",nb:Sunnyside,inferred,warehouse floors under the Sunnyside yards
5518,5518,"Ngozi Mensah, a model evaluator who grades answers she is not allowed to correct",nb:Sunset Park,stated,server annexes in Sunset Park
5519,5519,"Winston Toussaint, a red teamer hired to break the thing he helped build",key:canal_st,stated,cloud offices over Canal Street
5520,5520,"Yolanda Peralta, a transcription checker on her fourteenth hour",nb:Mott Haven,inferred,converted South Bronx warehouse floor
5521,5521,"Rajesh Raghunathan, a training data sourcer who will not say where it comes from",nb:Sunset Park,stated,server annexes in Sunset Park
5522,5522,"Soo-jin Nakamura, a chat escalation agent who is the third human in a chain of none",key:canal_st,stated,cloud offices over Canal Street
5523,5523,"Sergei Wierzbicki, a warehouse robot minder who walks eleven miles a shift",nb:Hunts Point,inferred,warehouse floor work in the Hunts Point industrial blocks
5524,5524,"Karim Kholghi, a rideshare map corrector fixing streets he has never driven",nb:Sunset Park,stated,server annexes in Sunset Park
5525,5525,"Gus Ferrante, a moderation policy writer whose rules are ignored by the tool",key:canal_st,stated,cloud offices over Canal Street
5526,5526,"Denise Bridges, a translation post editor rewriting a machine that is nearly right",nb:Astoria,inferred,a converted Astoria warehouse floor
5527,5527,"Ephraim Friedlander, an annotation team lead in a converted warehouse floor",nb:Sunset Park,stated,server annexes in Sunset Park
5528,5528,"Pema Ilagan, a voice queue supervisor listening to nine calls at once",key:canal_st,stated,cloud offices over Canal Street
5529,5529,"Emeka Mensah, a quality assurance contractor on a nine month rolling contract",nb:Downtown Brooklyn,inferred,contract annotation floors in Downtown Brooklyn offices
5530,5530,"Camille Fairweather, a dataset cleaner who finds a real person's face in the pile",nb:Sunset Park,stated,server annexes in Sunset Park
5531,5531,"Aurelio Almonte, a fallback operator who takes over when the automation gives up",key:canal_st,stated,cloud offices over Canal Street
5532,5532,"Nusrat Siddiqui, a prompt janitor who cleans up after the model all night",nb:Glendale,inferred,warehouse floor shift in Glendale
5533,5533,"Kenji Baek, a data labeler paid by the thousand images",nb:Sunset Park,stated,server annexes in Sunset Park
5534,5534,"Ludmila Wozniak, a content pipeline supervisor with nobody under her",key:canal_st,stated,cloud offices over Canal Street
5535,5535,"Yasmin Osmani, a synthetic voice actor whose voice now works without her",nb:East New York,inferred,converted East New York warehouse floor
5536,5536,"Nora Halloran, a model evaluator who grades answers she is not allowed to correct",nb:Sunset Park,stated,server annexes in Sunset Park
5537,5537,"Malachi Ballard, a red teamer hired to break the thing he helped build",key:canal_st,stated,cloud offices over Canal Street
5538,5538,"Shoshana Zilberman, a transcription checker on her fourteenth hour",nb:Woodside,inferred,a converted warehouse floor in Woodside
5539,5539,"Aung Sherpa, a training data sourcer who will not say where it comes from",nb:Sunset Park,stated,server annexes in Sunset Park
5540,5540,"Folasade Diallo, a chat escalation agent who is the third human in a chain of none",key:canal_st,stated,cloud offices over Canal Street
5541,5541,The Woman Who Can Pack a Life in Forty Minutes,nb:Bushwick,stated,Bushwick walkups
5542,5542,The Super Who Is the Real Government,nb:Corona,stated,Corona basements
5543,5543,The Woman Who Sleeps Below the Sidewalk,nb:Coney Island,stated,Coney Island high rises
5544,5544,The Organizer With the Whole Building on Her Phone,nb:Mott Haven,inferred,a Bronx walkup with one working elevator in Mott Haven
5545,5545,The Man Who Took the Buyout,nb:Bushwick,stated,Bushwick walkups
5546,5546,"Rupert Fairweather, a tenant association secretary with minutes going back nine years",nb:Corona,stated,Corona basements
5547,5547,"Consuelo Villanueva, a housing court interpreter who has heard every version",nb:Coney Island,stated,Coney Island high rises
5548,5548,"Ayesha Venkatesan, a woman whose family of six shares two rooms",nb:Morrisania,inferred,a Bronx building with one working elevator in Morrisania
5549,5549,"Haruki Zhang, a man who has slept on the same couch for three years and pays for it",nb:Bushwick,stated,Bushwick walkups
5550,5550,"Miroslav Wozniak, a locksmith who has changed the same lock in both directions",nb:Corona,stated,Corona basements
5551,5551,"Reza Osmani, a building inspector who writes what he sees",nb:Coney Island,stated,Coney Island high rises
5552,5552,"Colleen Vitale, a broker with a smile and a fee she cannot justify",nb:Tremont,inferred,"Tremont building, one elevator working"
5553,5553,"Adrienne Ballard, a mother whose kid changed schools three times in one year",nb:Bushwick,stated,Bushwick walkups
5554,5554,"Zev Weiss, a man rebuilding a kitchen the landlord will not",nb:Corona,stated,Corona basements
5555,5555,"Dolma Sherpa, a woman who has memorized the entire housing code",nb:Coney Island,stated,Coney Island high rises
5556,5556,"Kwabena Diallo, a stoop kid who knows which apartments are empty",nb:Fordham,inferred,a Fordham building where only one elevator runs
5557,5557,"Shantel Bridgewater, a mover who has carried this same family's things twice",nb:Bushwick,stated,Bushwick walkups
5558,5558,"Marisol Quispe, a woman running a shelter waitlist that does not move",nb:Corona,stated,Corona basements
5559,5559,"Fariha Rahman, a landlord's son who has started to understand the ledger",nb:Coney Island,stated,Coney Island high rises
5560,5560,"Jae-won Kwon, a man living in a legally impossible mezzanine he built himself",nb:University Heights,inferred,University Heights building with one working elevator
5561,5561,"Danuta Yakovlev, a grandmother who has held the lease since 1978",nb:Bushwick,stated,Bushwick walkups
5562,5562,"Dalia Haddad, a woman photographing every defect for a case",nb:Corona,stated,Corona basements
5563,5563,"Deirdre Marchetti, a super's wife who does half the job and none of the pay",nb:Coney Island,stated,Coney Island high rises
5564,5564,"Tre Whitlock, a tenant association secretary with minutes going back nine years",nb:Highbridge,inferred,"a Highbridge building, single working elevator"
5565,5565,"Devorah Rosenblatt, a housing court interpreter who has heard every version",nb:Bushwick,stated,Bushwick walkups
5566,5566,"Sonam Abdrakhmanov, a woman whose family of six shares two rooms",nb:Corona,stated,Corona basements
5567,5567,"Ousmane Adeyemi, a man who has slept on the same couch for three years and pays for it",nb:Coney Island,stated,Coney Island high rises
5568,5568,"Delroy Bridgewater, a locksmith who has changed the same lock in both directions",nb:Soundview,inferred,Soundview building with one elevator in service
5569,5569,"Cesar Peralta, a building inspector who writes what he sees",nb:Bushwick,stated,Bushwick walkups
5570,5570,"Shabana Pillai, a broker with a smile and a fee she cannot justify",nb:Corona,stated,Corona basements
5571,5571,"Xiaoling Zhang, a mother whose kid changed schools three times in one year",nb:Coney Island,stated,Coney Island high rises
5572,5572,"Yaroslav Yakovlev, a man rebuilding a kitchen the landlord will not",nb:Concourse,inferred,a Grand Concourse building with one working elevator
5573,5573,"Rania Zaman, a woman who has memorized the entire housing code",nb:Bushwick,stated,Bushwick walkups
5574,5574,"Vincent Halloran, a stoop kid who knows which apartments are empty",nb:Corona,stated,Corona basements
5575,5575,"Bernice Whitlock, a mover who has carried this same family's things twice",nb:Coney Island,stated,Coney Island high rises
5576,5576,"Chana Friedlander, a woman running a shelter waitlist that does not move",nb:Melrose,inferred,Melrose building where one elevator still runs
5577,5577,"Rosario Gurung, a landlord's son who has started to understand the ledger",nb:Bushwick,stated,Bushwick walkups
5578,5578,"Ibrahim Camara, a man living in a legally impossible mezzanine he built himself",nb:Corona,stated,Corona basements
5579,5579,"Odessa Ambroise, a grandmother who has held the lease since 1978",nb:Coney Island,stated,Coney Island high rises
5580,5580,"Paloma Bustamante, a woman photographing every defect for a case",nb:Longwood,inferred,a Longwood building with one working elevator
5581,5581,"Rukhsana Qureshi, a super's wife who does half the job and none of the pay",nb:Bushwick,stated,Bushwick walkups
5582,5582,"Takeshi Ishikawa, a tenant association secretary with minutes going back nine years",nb:Corona,stated,Corona basements
5583,5583,"Zofia Vasilenko, a housing court interpreter who has heard every version",nb:Coney Island,stated,Coney Island high rises
5584,5584,"Zahra Nasrallah, a woman whose family of six shares two rooms",nb:Norwood,inferred,"Norwood building, one elevator working"
5585,5585,"Rocco Vitale, a man who has slept on the same couch for three years and pays for it",nb:Bushwick,stated,Bushwick walkups
5586,5586,"Deshawn Odom, a locksmith who has changed the same lock in both directions",nb:Corona,stated,Corona basements
5587,5587,"Shmuel Ackerman, a building inspector who writes what he sees",nb:Coney Island,stated,Coney Island high rises
5588,5588,"Thida Villanueva-Cruz, a broker with a smile and a fee she cannot justify",nb:Kingsbridge,inferred,a Kingsbridge building with one working elevator
5589,5589,"Aminata Adeyemi, a mother whose kid changed schools three times in one year",nb:Bushwick,stated,Bushwick walkups
5590,5590,"Errol Ambroise, a man rebuilding a kitchen the landlord will not",nb:Corona,stated,Corona basements
5591,5591,The Girl Whose Personality Tested Well,nb:Bayside,stated,"she is from Bayside, Queens"
5592,5592,The Man Who Sees the Worst Images on Earth,nb:Midtown,stated,a Midtown studio floor
5593,5593,The Woman Who Logged Off and Cannot Go Back,nb:Ridgewood,stated,she is from Ridgewood
5594,5594,The Boy Who Went Viral by Accident,key:subway_system,stated,painted on a subway platform with strangers filming him
5595,5595,The Manager Who Built the Person,nb:Midtown,stated,a Midtown studio floor
5596,5596,"Rosalba Ocampo, a creator with four hundred thousand strangers and no one to call",nb:Long Island City,inferred,a windowless moderation room in Long Island City
5597,5597,"Anand Mahadevan, a content moderator on a queue that never empties",nb:Astoria,inferred,a ring lit bedroom in an Astoria apartment
5598,5598,"Lian Kwon, a livestream gift farmer working an eleven hour stream",nb:Midtown,stated,a Midtown studio floor
5599,5599,"Bogdan Vasilenko, a comment section manager for a brand with no products",nb:Financial District,inferred,moderation floor in a Financial District tower
5600,5600,"Amira Karimi, a thumbnail designer who has A B tested her own face",nb:Sunnyside,inferred,ring light set up in a Sunnyside bedroom
5601,5601,"Angelo Marchetti, a trend forecaster who is three weeks ahead and miserable",nb:Midtown,stated,a Midtown studio floor
5602,5602,"Yolanda Odom, a podcast editor removing the breaths from a person's voice",nb:Downtown Brooklyn,inferred,windowless moderation room in Downtown Brooklyn
5603,5603,"Eli Shulman, a UGC actor who plays a customer for a living",nb:Jackson Heights,inferred,a Jackson Heights bedroom used as a set
5604,5604,"Analiza Tsering, a fan account admin who is more famous than she is",nb:Midtown,stated,a Midtown studio floor
5605,5605,"Kofi Boateng, a former child creator now nineteen and unemployable",nb:Sunset Park,inferred,moderation room in a Sunset Park office annex
5606,5606,"Lurline Pierre-Louis, a videographer who films other people's engagements for a living",nb:Forest Hills,inferred,ring lit bedroom in Forest Hills
5607,5607,"Nestor Villanueva, a stitch and duet reactor who has not had an original thought in a year",nb:Midtown,stated,a Midtown studio floor
5608,5608,"Parveen Krishnamurthy, a growth consultant selling a method that stopped working",key:subway_system,stated,recognized on a train by an entitled stranger
5609,5609,"Ming-hua Ishikawa, a girl whose apartment exists only as a backdrop",nb:Rego Park,inferred,a Rego Park bedroom behind the ring light
5610,5610,"Piotr Kowalczyk, a man who does the voice everyone knows and has no face",nb:Midtown,stated,a Midtown studio floor
5611,5611,"Farid Haddad, a moderator of a grief community that is mostly bots",nb:Flushing,inferred,a windowless moderation room in Flushing
5612,5612,"Fiona Kilbride, a ghostwriter of other people's authenticity",nb:Flatbush,inferred,ring lit bedroom in a Flatbush apartment
5613,5613,"Rashad Pryor, a hype house survivor who moved back to Queens",nb:Midtown,stated,a Midtown studio floor
5614,5614,"Miriam Weiss, a creator with four hundred thousand strangers and no one to call",nb:Jamaica,inferred,moderation queue worked from a Jamaica office
5615,5615,"Karma Abdrakhmanov, a content moderator on a queue that never empties",nb:Crown Heights,inferred,a Crown Heights bedroom doubling as a studio
5616,5616,"Yaa Camara, a livestream gift farmer working an eleven hour stream",nb:Midtown,stated,a Midtown studio floor
5617,5617,"Anselm Pierre-Louis, a comment section manager for a brand with no products",nb:Chelsea,inferred,windowless moderation room in Chelsea
5618,5618,"Esperanza Trejo, a thumbnail designer who has A B tested her own face",nb:Bay Ridge,inferred,ring lit bedroom in Bay Ridge
5619,5619,"Vikram Chowdhury, a trend forecaster who is three weeks ahead and miserable",nb:Midtown,stated,a Midtown studio floor
5620,5620,"Sora Lim, a podcast editor removing the breaths from a person's voice",nb:Tribeca,inferred,a Tribeca floor with the moderation queue
5621,5621,"Andrei Moroianu, a UGC actor who plays a customer for a living",nb:Sheepshead Bay,inferred,a Sheepshead Bay bedroom set
5622,5622,"Hoda Sabbagh, a fan account admin who is more famous than she is",nb:Midtown,stated,a Midtown studio floor
5623,5623,"Dominic Kilbride, a former child creator now nineteen and unemployable",key:subway_system,stated,recognized on a train by an entitled stranger
5624,5624,"Aaliyah Pryor, a videographer who films other people's engagements for a living",nb:Washington Heights,inferred,ring lit bedroom uptown in Washington Heights
5625,5625,"Naftali Berkowitz, a stitch and duet reactor who has not had an original thought in a year",nb:Midtown,stated,a Midtown studio floor
5626,5626,"Bayarmaa Bautista, a growth consultant selling a method that stopped working",nb:Flatiron,inferred,moderation room in a Flatiron office
5627,5627,"Chinelo Boateng, a girl whose apartment exists only as a backdrop",nb:Inwood,inferred,an Inwood bedroom behind the ring light
5628,5628,"Clive Grandison, a man who does the voice everyone knows and has no face",nb:Midtown,stated,a Midtown studio floor
5629,5629,"Efrain Quispe, a moderator of a grief community that is mostly bots",nb:Sunnyside,inferred,a windowless moderation room in Sunnyside
5630,5630,"Zainab Bhandari, a ghostwriter of other people's authenticity",nb:Elmhurst,inferred,ring lit bedroom in Elmhurst
5631,5631,"Yun Lim, a hype house survivor who moved back to Queens",nb:Midtown,stated,a Midtown studio floor
5632,5632,"Nadia Kowalczyk, a creator with four hundred thousand strangers and no one to call",nb:Woodside,inferred,moderation shift worked in Woodside
5633,5633,"Sami Zaman, a content moderator on a queue that never empties",nb:Middle Village,inferred,a Middle Village bedroom used as a set
5634,5634,"Eileen Castellano, a livestream gift farmer working an eleven hour stream",nb:Midtown,stated,a Midtown studio floor
5635,5635,"Terrence Hollins, a comment section manager for a brand with no products",nb:Astoria,inferred,a windowless moderation room in Astoria
5636,5636,"Bracha Ackerman, a thumbnail designer who has A B tested her own face",nb:St. George,inferred,ring lit bedroom in St. George
5637,5637,"Ngawang Gurung, a trend forecaster who is three weeks ahead and miserable",nb:Midtown,stated,a Midtown studio floor
5638,5638,"Fatoumata Nwachukwu, a podcast editor removing the breaths from a person's voice",key:subway_system,stated,recognized on a train by an entitled stranger
5639,5639,"Neville Beaubrun, a UGC actor who plays a customer for a living",nb:Midwood,inferred,a Midwood bedroom behind the ring light
5640,5640,"Yesenia Castellanos, a fan account admin who is more famous than she is",nb:Midtown,stated,a Midtown studio floor
5641,5641,The Rider Who Knows the City Better Than Any Map,key:queensboro_bridge,stated,stopped at the top of the bridge out of Long Island City
5642,5642,The Woman Who Cooks for Eight Restaurants at Once,nb:Harlem,stated,a Harlem takeout window
5643,5643,The Prep Cook Who Has Fed This Block Twenty Years,nb:Flatbush,stated,Cap-Haitien by way of Flatbush
5644,5644,The Rider Who Was Hit and Came Back,nb:Long Island City,stated,a Long Island City kitchen block
5645,5645,The Dispatcher Who Keeps the Riders Alive,nb:Harlem,stated,a Harlem takeout window
5646,5646,"Tanveer Bhattacharya, a ghost kitchen line cook running four brands off one stove",key:williamsburg_bridge,inferred,the bike lane over the Williamsburg Bridge at two in the morning
5647,5647,"Akiko Ueda, a delivery rider in the rain on hour eleven",nb:Long Island City,stated,a Long Island City kitchen block
5648,5648,"Lech Petrovic, a dishwasher who has worked in the same corner for eighteen years",nb:Harlem,stated,a Harlem takeout window
5649,5649,"Salma Mansour, a halal cart operator whose line starts at midnight",nb:Midtown,inferred,a halal cart with a midnight line reads as Midtown
5650,5650,"Nunzio Castellano, a bodega grill man who knows four hundred orders by face",nb:Long Island City,stated,a Long Island City kitchen block
5651,5651,"Latasha Hollins, a pastry cook who starts at two in the morning",nb:Harlem,stated,a Harlem takeout window
5652,5652,"Boruch Teitelbaum, a food safety inspector on his eleventh stop",key:first_ave,inferred,the First Avenue bike lane after midnight
5653,5653,"Yangzom Lama, a woman who sells tamales on a platform and watches for the badge",nb:Long Island City,stated,the painting is set in a Long Island City kitchen block
5654,5654,"Babatunde Nwachukwu, a fish market cutter whose hands have not been warm since 1998",nb:Harlem,stated,the painting is set in a Harlem takeout window
5655,5655,"Petronella Grandison, a restaurant owner who cooks because the cook did not show",key:manhattan_bridge,inferred,the Manhattan Bridge bike lane at two in the morning
5656,5656,"Ignacio Bustamante, an e bike battery charger running a hallway full of them",nb:Long Island City,stated,a Long Island City kitchen block
5657,5657,"Anjali Hossain, a woman running a Sunday kitchen out of her own apartment",nb:Harlem,stated,a Harlem takeout window
5658,5658,"Chen Ueda, a produce buyer at Hunts Point at three in the morning",key:hunts_point_market,stated,a produce buyer at Hunts Point before dawn
5659,5659,"Vesna Moroianu, a dumpling folder at speed",nb:Long Island City,stated,a Long Island City kitchen block
5660,5660,"Bassam Nasrallah, a caterer's driver who has seen every building's service entrance",nb:Harlem,stated,a Harlem takeout window
5661,5661,"Aileen Fenwick, a barista who is the first face four hundred people see",key:eighth_ave,inferred,the Eighth Avenue bike lane on the late run
5662,5662,"Marvin Greer, a butcher teaching his daughter the knife",nb:Long Island City,stated,a Long Island City kitchen block
5663,5663,"Tova Shulman, a soup kitchen cook feeding three hundred on a Tuesday",nb:Harlem,stated,a Harlem takeout window
5664,5664,"Lhakpa Villanueva-Cruz, a ghost kitchen line cook running four brands off one stove",key:pulaski,inferred,the Pulaski Bridge bike lane at two in the morning
5665,5665,"Adjoa Toure, a delivery rider in the rain on hour eleven",nb:Long Island City,stated,a Long Island City kitchen block
5666,5666,"Lloyd Hyacinth, a dishwasher who has worked in the same corner for eighteen years",nb:Harlem,stated,a Harlem takeout window
5667,5667,"Dulce Rivas, a halal cart operator whose line starts at midnight",nb:Midtown,inferred,a halal cart with a midnight line reads as Midtown
5668,5668,"Devendra Siddiqui, a bodega grill man who knows four hundred orders by face",nb:Long Island City,stated,a Long Island City kitchen block
5669,5669,"Min-seo Seo, a pastry cook who starts at two in the morning",nb:Harlem,stated,a Harlem takeout window
5670,5670,"Dragan Zielinski, a food safety inspector on his eleventh stop",nb:East Village,inferred,the East Village delivery run after midnight
5671,5671,"Lina Aziz, a woman who sells tamales on a platform and watches for the badge",nb:Long Island City,stated,the painting is set in a Long Island City kitchen block
5672,5672,"Carmine Fenwick, a fish market cutter whose hands have not been warm since 1998",nb:Harlem,stated,the painting is set in a Harlem takeout window
5673,5673,"Cheryl Greer, a restaurant owner who cooks because the cook did not show",key:queensboro_bridge,inferred,the Queensboro Bridge bike lane at two in the morning
5674,5674,"Yitzchak Lieberman, an e bike battery charger running a hallway full of them",nb:Long Island City,stated,a Long Island City kitchen block
5675,5675,"Marilou Aung-Thein, a woman running a Sunday kitchen out of her own apartment",nb:Harlem,stated,a Harlem takeout window
5676,5676,"Sekou Toure, a produce buyer at Hunts Point at three in the morning",key:hunts_point_market,stated,a produce buyer at Hunts Point before dawn
5677,5677,"Maureen Beaubrun, a dumpling folder at speed",nb:Long Island City,stated,a Long Island City kitchen block
5678,5678,"Wilfredo Ocampo, a caterer's driver who has seen every building's service entrance",nb:Harlem,stated,a Harlem takeout window
5679,5679,"Kavitha Narayanan, a barista who is the first face four hundred people see",key:second_ave,inferred,the Second Avenue bike lane on the night run
5680,5680,"Guo-Rong Seo, a butcher teaching his daughter the knife",nb:Long Island City,stated,a Long Island City kitchen block
5681,5681,"Halyna Petrovic, a soup kitchen cook feeding three hundred on a Tuesday",nb:Harlem,stated,a Harlem takeout window
5682,5682,"Nizar Karimi, a ghost kitchen line cook running four brands off one stove",key:kosciuszko,inferred,the Kosciuszko Bridge bike lane at two in the morning
5683,5683,"Roisin Moran, a delivery rider in the rain on hour eleven",nb:Long Island City,stated,a Long Island City kitchen block
5684,5684,"Jermaine Mabry, a dishwasher who has worked in the same corner for eighteen years",nb:Harlem,stated,a Harlem takeout window
5685,5685,"Esti Berkowitz, a halal cart operator whose line starts at midnight",nb:Midtown,inferred,a halal cart with a midnight line reads as Midtown
5686,5686,"Dorje Tsering, a bodega grill man who knows four hundred orders by face",nb:Long Island City,stated,a Long Island City kitchen block
5687,5687,"Nneka Asante, a pastry cook who starts at two in the morning",nb:Harlem,stated,a Harlem takeout window
5688,5688,"Everton Charlemagne, a food safety inspector on his eleventh stop",key:brooklyn_bridge,inferred,the Brooklyn Bridge bike lane at two in the morning
5689,5689,"Araceli Guzman, a woman who sells tamales on a platform and watches for the badge",nb:Long Island City,stated,the painting is set in a Long Island City kitchen block
5690,5690,"Suresh Venkatesan, a fish market cutter whose hands have not been warm since 1998",nb:Harlem,stated,the painting is set in a Harlem takeout window
5691,5691,The Woman Who Calls Him by a Family Word,nb:Upper East Side,stated,an Upper East Side apartment at four in the morning
5692,5692,The Night Nurse With Four Hundred Patients,nb:Flatbush,stated,a Flatbush two family house
5693,5693,The Woman Whose Own Mother Is Cared For by a Stranger,nb:Mott Haven,inferred,"Ponce by way of the Bronx, a South Bronx hospital corridor"
5694,5694,The Aide Who Was a Surgeon,nb:Upper East Side,stated,an Upper East Side apartment at four in the morning
5695,5695,The Twenty Two Year Old Doing the Hardest Job in the City,nb:Flatbush,stated,a Flatbush two family house
5696,5696,"Noriko Tran-Wu, a home health aide on a twelve hour live in shift",key:bellevue,inferred,a hospital corridor at Bellevue
5697,5697,"Vladan Novotny, a night nurse holding a floor alone",nb:Upper East Side,stated,an Upper East Side apartment at four in the morning
5698,5698,"Maryam Farhat, a hospice aide who has done this ninety times",nb:Flatbush,stated,a Flatbush two family house
5699,5699,"Bernadette Belsky, a woman caring for her own mother without a title",nb:Washington Heights,inferred,the hospital corridor uptown in Washington Heights
5700,5700,"Nikki Mabry, a dementia care specialist who plays one song every day",nb:Upper East Side,stated,an Upper East Side apartment at four in the morning
5701,5701,"Dov Katzenberg, a pediatric home aide for a child who will not get better",nb:Flatbush,stated,a Flatbush two family house
5702,5702,"Khin Dorjee, a physical therapist working a hallway as a gym",nb:East Flatbush,inferred,a hospital corridor in East Flatbush
5703,5703,"Mamadou Asante, a doula who has delivered on four bathroom floors",nb:Upper East Side,stated,an Upper East Side apartment at four in the morning
5704,5704,"Cherry Hyacinth, a psychiatric aide on a locked ward",nb:Flatbush,stated,a Flatbush two family house
5705,5705,"Octavio Trejo, a man caring for his husband and refusing all help",nb:Sunset Park,inferred,the hospital corridor in Sunset Park
5706,5706,"Meera Mirza, a respite worker who gets four hours to be a person",nb:Upper East Side,stated,an Upper East Side apartment at four in the morning
5707,5707,"Feng Tran-Wu, a group home overnight who reads to a grown man",nb:Flatbush,stated,a Flatbush two family house
5708,5708,"Milena Zielinski, a nursing home activities director with a budget of nothing",nb:Elmhurst,inferred,a hospital corridor in Elmhurst
5709,5709,"Rima Yildiz, an aide who cooks the food of a country she has never been to",nb:Upper East Side,stated,an Upper East Side apartment at four in the morning
5710,5710,"Siobhan Pettigrew, a case manager with a car full of other people's paperwork",nb:Flatbush,stated,a Flatbush two family house
5711,5711,"Simone Wilkes, a woman bathing a stranger with total tenderness",nb:Jamaica,inferred,the hospital corridor in Jamaica
5712,5712,"Leah Teitelbaum, a night companion paid to simply be awake in a house",nb:Upper East Side,stated,an Upper East Side apartment at four in the morning
5713,5713,"Rinchen Bautista, a caregiver whose own back has gone",nb:Flatbush,stated,a Flatbush two family house
5714,5714,"Abena Bah, a home health aide on a twelve hour live in shift",nb:Morningside Heights,inferred,a hospital corridor in Morningside Heights
5715,5715,"Fitzroy Bonaparte, a night nurse holding a floor alone",nb:Upper East Side,stated,an Upper East Side apartment at four in the morning
5716,5716,"Maribel Villalobos, a hospice aide who has done this ninety times",nb:Flatbush,stated,a Flatbush two family house
5717,5717,"Deepa Subramanian, a woman caring for her own mother without a title",nb:Concourse,inferred,the hospital corridor off the Grand Concourse
5718,5718,"Jing Fung, a dementia care specialist who plays one song every day",nb:Upper East Side,stated,an Upper East Side apartment at four in the morning
5719,5719,"Marek Bogdanov, a pediatric home aide for a child who will not get better",nb:Flatbush,stated,a Flatbush two family house
5720,5720,"Nour Bakhtiari, a physical therapist working a hallway as a gym",nb:Brownsville,inferred,a hospital corridor in Brownsville
5721,5721,"Sal Moran, a doula who has delivered on four bathroom floors",nb:Upper East Side,stated,an Upper East Side apartment at four in the morning
5722,5722,"Renita Cheatham, a psychiatric aide on a locked ward",nb:Flatbush,stated,a Flatbush two family house
5723,5723,"Shaya Gottlieb, a man caring for his husband and refusing all help",nb:St. George,inferred,the hospital corridor in St. George
5724,5724,"Choden Sarmiento, a respite worker who gets four hours to be a person",nb:Upper East Side,stated,an Upper East Side apartment at four in the morning
5725,5725,"Uche Bah, a group home overnight who reads to a grown man",nb:Flatbush,stated,a Flatbush two family house
5726,5726,"Sybil Charlemagne, a nursing home activities director with a budget of nothing",nb:Astoria,inferred,a hospital corridor in Astoria
5727,5727,"Soledad Marchena, an aide who cooks the food of a country she has never been to",nb:Upper East Side,stated,an Upper East Side apartment at four in the morning
5728,5728,"Priya Chakraborty, a case manager with a car full of other people's paperwork",nb:Flatbush,stated,a Flatbush two family house
5729,5729,"Ah-lam Matsuda, a woman bathing a stranger with total tenderness",nb:Coney Island,inferred,the hospital corridor in Coney Island
5730,5730,"Agnieszka Novotny, a night companion paid to simply be awake in a house",nb:Upper East Side,stated,an Upper East Side apartment at four in the morning
5731,5731,"Tarek Sabbagh, a caregiver whose own back has gone",nb:Flatbush,stated,a Flatbush two family house
5732,5732,"Kathleen Nightingale, a home health aide on a twelve hour live in shift",nb:Bushwick,inferred,a hospital corridor in Bushwick
5733,5733,"Andre Wilkes, a night nurse holding a floor alone",nb:Upper East Side,stated,an Upper East Side apartment at four in the morning
5734,5734,"Faige Lieberman, a hospice aide who has done this ninety times",nb:Flatbush,stated,a Flatbush two family house
5735,5735,"Ilagan Bhutia, a woman caring for her own mother without a title",nb:Fordham,inferred,the hospital corridor in Fordham
5736,5736,"Halima Achebe, a dementia care specialist who plays one song every day",nb:Upper East Side,stated,an Upper East Side apartment at four in the morning
5737,5737,"Dwayne Cadogan, a pediatric home aide for a child who will not get better",nb:Flatbush,stated,a Flatbush two family house
5738,5738,"Damaris Nunez-Paz, a physical therapist working a hallway as a gym",nb:Flushing,inferred,a hospital corridor in Flushing
5739,5739,"Arjun Rahman, a doula who has delivered on four bathroom floors",nb:Upper East Side,stated,an Upper East Side apartment at four in the morning
5740,5740,"Xiuying Hwang, a psychiatric aide on a locked ward",nb:Flatbush,stated,a Flatbush two family house
5741,5741,The Boy Who Memorized Every Lens,nb:Sheepshead Bay,stated,"from Sheepshead Bay, standing in the uncovered square metre of his own neighbourhood"
5742,5742,The Auditor Who Tests Who It Fails On,nb:Downtown Brooklyn,stated,"Oslo by way of Downtown Brooklyn, auditing feeds from home"
5743,5743,The Operator Who Watches His Own Block,nb:Jackson Heights,stated,"Guayaquil by way of Jackson Heights, watching his own block"
5744,5744,The Painter Who Works Only in the Blind Spots,nb:East Flatbush,stated,"from East Flatbush, painting the blind spots on his own streets"
5745,5745,The Man Who Installed Them All,nb:Ozone Park,stated,"from Ozone Park, installing cameras on a Queens facade"
5746,5746,"Grigore Kaczmarek, a control room operator on the overnight",nb:Midtown,stated,"the house control room under Midtown, on the overnight"
5747,5747,"Souad Khalil, a recognition system auditor testing edge cases",nb:Midtown,stated,the painting is set in a control room under Midtown
5748,5748,"Gennaro Belsky, a private security tech installing on a residential block",nb:Bay Ridge,inferred,private security tech wiring a quiet residential block
5749,5749,"Toya Danridge, a bodega owner with sixteen cameras and one blind corner",nb:Mott Haven,inferred,bodega with sixteen cameras and one blind corner
5750,5750,"Avi Silverstein, a delivery worker tracked to the second",nb:Midtown,stated,the painting is set in a control room under Midtown
5751,5751,"Aliyah Nyein, a teenager who knows every lens on the walk to school",nb:Flushing,inferred,teenager counting lenses on the walk to school
5752,5752,"Zainab Owusu, a woman who dresses specifically to defeat detection",nb:East Village,inferred,dressing to defeat detection downtown
5753,5753,"Andrene Bonaparte, a licence plate reader technician on a bridge approach",nb:Midtown,stated,the painting is set in a control room under Midtown
5754,5754,"Perla Cordero, a school safety agent watching children she has known for years",nb:Morrisania,inferred,school safety agent who knows the children by name
5755,5755,"Sunita Sengupta, a data broker's field contractor mapping a neighbourhood",nb:Astoria,inferred,data broker contractor mapping a Queens neighbourhood
5756,5756,"Dae-ho Fung, a man who requested his own file and got it",nb:Midtown,stated,the painting is set in a control room under Midtown
5757,5757,"Oksana Bogdanov, a drone hobbyist who is also, functionally, surveillance",nb:Gravesend,inferred,drone hobbyist flying over low Brooklyn rooftops
5758,5758,"Jamil Mansour, a landlord installing entry cameras on every floor",nb:Kingsbridge,inferred,landlord putting a camera on every floor
5759,5759,"Peg Hollingsworth, a doorman who is the oldest surveillance system in the city",nb:Midtown,stated,the painting is set in a control room under Midtown
5760,5760,"Ebony Rucker, a woman who found herself in somebody else's footage",nb:Chelsea,inferred,"found herself in somebody else's footage, all glass lobbies"
5761,5761,"Malka Katzenberg, a transit worker watching four hundred platform feeds",key:subway_system,stated,transit worker watching four hundred subway platform feeds
5762,5762,"Tashi Lama, a facial recognition contractor with second thoughts",nb:Midtown,inferred,facial recognition contractor with second thoughts in a Midtown office
5763,5763,"Aissatou Sy, a grandmother with a doorbell camera and a whole block's business",nb:Bedford-Stuyvesant,inferred,grandmother with a doorbell camera and the whole block's business
5764,5764,"Rohan Saint-Fleur, a control room operator on the overnight",nb:Midtown,stated,"the house control room under Midtown, on the overnight"
5765,5765,"Milagros Arocho, a recognition system auditor testing edge cases",nb:Midtown,stated,the painting is set in a control room under Midtown
5766,5766,"Mahesh Pillai, a private security tech installing on a residential block",nb:Riverdale,inferred,security tech installing on a residential Bronx block
5767,5767,"Eun-ji Yamashita, a bodega owner with sixteen cameras and one blind corner",nb:East New York,inferred,bodega owner with cameras and one blind corner
5768,5768,"Nikolai Ilic, a delivery worker tracked to the second",nb:Midtown,stated,the painting is set in a control room under Midtown
5769,5769,"Layal Ozturk, a teenager who knows every lens on the walk to school",nb:Washington Heights,inferred,teenager who knows every lens uptown
5770,5770,"Nuala Achterman, a woman who dresses specifically to defeat detection",nb:Greenpoint,inferred,dressing specifically to defeat detection
5771,5771,"Trina Sealy, a licence plate reader technician on a bridge approach",nb:Midtown,stated,the painting is set in a control room under Midtown
5772,5772,"Rochel Gottlieb, a school safety agent watching children she has known for years",nb:Brownsville,inferred,school safety agent watching children she has known for years
5773,5773,"Nilar Rai, a data broker's field contractor mapping a neighbourhood",nb:Ridgewood,inferred,field contractor mapping a neighbourhood for a data broker
5774,5774,"Kwesi Achebe, a man who requested his own file and got it",nb:Midtown,stated,the painting is set in a control room under Midtown
5775,5775,"Merle Cadogan, a drone hobbyist who is also, functionally, surveillance",nb:Pelham Bay,inferred,drone hobbyist over the Bronx shoreline
5776,5776,"Amaru Castellanos, a landlord installing entry cameras on every floor",nb:Sunnyside,inferred,landlord installing entry cameras on every floor
5777,5777,"Mehreen Bajwa, a doorman who is the oldest surveillance system in the city",nb:Midtown,stated,the painting is set in a control room under Midtown
5778,5778,"Lifen Cheung, a woman who found herself in somebody else's footage",nb:Fort Greene,inferred,found herself in somebody else's footage
5779,5779,"Radmila Kaczmarek, a transit worker watching four hundred platform feeds",key:subway_system,stated,transit worker watching four hundred subway platform feeds
5780,5780,"Ghassan Aziz, a facial recognition contractor with second thoughts",nb:Midtown,stated,the painting is set in a control room under Midtown
5781,5781,"Marguerite Wren, a grandmother with a doorbell camera and a whole block's business",nb:St. Albans,inferred,grandmother with a doorbell camera on a Queens block
5782,5782,"Otis Cheatham, a control room operator on the overnight",nb:Midtown,stated,"the house control room under Midtown, on the overnight"
5783,5783,"Sarala Silverstein, a recognition system auditor testing edge cases",nb:Midtown,inferred,recognition auditor at a wall of glowing blanks
5784,5784,"Sangay Aung-Thein, a private security tech installing on a residential block",nb:Forest Hills,inferred,security tech installing on a residential block
5785,5785,"Efua Balogun, a bodega owner with sixteen cameras and one blind corner",nb:Bushwick,inferred,bodega owner with sixteen cameras and one blind corner
5786,5786,"Junior Whyte, a delivery worker tracked to the second",nb:Midtown,stated,the painting is set in a control room under Midtown
5787,5787,"Xiomara Betancourt, a teenager who knows every lens on the walk to school",nb:Canarsie,inferred,teenager who knows every lens on the walk to school
5788,5788,"Lakshmi Ramaswamy, a woman who dresses specifically to defeat detection",nb:Crown Heights,inferred,dressing to defeat detection on her own block
5789,5789,"Wei-Lin Kobayashi, a licence plate reader technician on a bridge approach",nb:Midtown,stated,the painting is set in a control room under Midtown
5790,5790,"Wanda Ilic, a school safety agent watching children she has known for years",nb:Corona,inferred,school safety agent in a crowded Queens school
5791,5791,The Man Who Fixes What Was Built to Die,key:roosevelt_ave,stated,"the house repair stall on Roosevelt Avenue, Jackson Heights"
5792,5792,The Woman Who Resurrects Dead Phones,nb:Jackson Heights,stated,"Medellin by way of Jackson Heights, board under the scope"
5793,5793,The Cobbler With a Laser,nb:Sunnyside,stated,"Osaka by way of Sunnyside, cobbler with a laser"
5794,5794,The Boy Who Wants to Learn It,nb:Concourse,stated,"Kumasi by way of Concourse, learning on a Bronx bench"
5795,5795,The Woman Who Keeps the Elevators Alive,nb:Sheepshead Bay,stated,"Kharkiv by way of Sheepshead Bay, keeping the elevators alive"
5796,5796,"Leyla Ansari, a phone repair specialist under a microscope",nb:Mott Haven,inferred,"a Bronx boiler room, kept inside the borough the painting names"
5797,5797,"Mario Pettigrew, a boiler mechanic who knows a building by sound",key:roosevelt_ave,stated,the painting is set in a Roosevelt Avenue repair stall
5798,5798,"Darnell Danridge, a cobbler on his second generation of the same shop",nb:Astoria,inferred,cobbler on his second generation of the same shop
5799,5799,"Moshe Landau, a sewing machine repairman with forty machines waiting",nb:Tremont,inferred,"a Bronx boiler room, kept inside the borough the painting names"
5800,5800,"Editha Delos-Reyes, a bicycle wheel builder truing by ear",key:roosevelt_ave,stated,the painting is set in a Roosevelt Avenue repair stall
5801,5801,"Obinna Owusu, a watchmaker with a loupe and a drawer of springs",key:diamond,inferred,watchmaker with a loupe and a drawer of springs
5802,5802,"Icilda Saint-Fleur, a piano tuner who works by memory in four boroughs",nb:Fordham,inferred,"a Bronx boiler room, kept inside the borough the painting names"
5803,5803,"Reynaldo Rivas, an appliance repair woman fighting a sealed unit",key:roosevelt_ave,stated,the painting is set in a Roosevelt Avenue repair stall
5804,5804,"Nusrat Raghunathan, a locksmith who can open anything and refuses most of it",nb:East Village,inferred,locksmith who can open anything and refuses most of it
5805,5805,"Shinji Matsuda, an electronics recycler pulling the good parts out",nb:Morrisania,inferred,"a Bronx boiler room, kept inside the borough the painting names"
5806,5806,"Jadwiga Szabo, a woman who repairs beloved stuffed animals surgically",key:roosevelt_ave,stated,the painting is set in a Roosevelt Avenue repair stall
5807,5807,"Ayman Farhat, a car mechanic keeping a twenty six year old sedan alive",nb:East New York,inferred,mechanic keeping a twenty six year old sedan alive
5808,5808,"Maeve Buonocore, a furniture restorer matching a finish from 1954",nb:Concourse,inferred,"a Bronx boiler room, kept inside the borough the painting names"
5809,5809,"Kelvin Rucker, an HVAC tech on a roof in August",key:roosevelt_ave,stated,the painting is set in a Roosevelt Avenue repair stall
5810,5810,"Gedalia Rubinstein, a tailor rebuilding a suit for a man who has changed shape",nb:Borough Park,inferred,tailor rebuilding a suit for a changed body
5811,5811,"Jamyang Dorjee, a knife sharpener with a cart and a route",nb:Kingsbridge,inferred,"a Bronx boiler room, kept inside the borough the painting names"
5812,5812,"Tunde Sy, a man who fixes vending machines nobody else can open",key:roosevelt_ave,stated,the painting is set in a Roosevelt Avenue repair stall
5813,5813,"Verona Whyte, a woman who repairs the machines that repair other machines",nb:Maspeth,inferred,repairs the machines that repair other machines
5814,5814,"Yolanda Zambrano, a phone repair specialist under a microscope",nb:Soundview,inferred,"a Bronx boiler room, kept inside the borough the painting names"
5815,5815,"Naveen Qureshi, a boiler mechanic who knows a building by sound",key:roosevelt_ave,stated,the painting is set in a Roosevelt Avenue repair stall
5816,5816,"Zhen Hwang, a cobbler on his second generation of the same shop",nb:Bay Ridge,inferred,cobbler on his second generation of the same shop
5817,5817,"Emil Szabo, a sewing machine repairman with forty machines waiting",nb:Melrose,inferred,"a Bronx boiler room, kept inside the borough the painting names"
5818,5818,"Nadia Chalabi, a bicycle wheel builder truing by ear",key:roosevelt_ave,stated,the painting is set in a Roosevelt Avenue repair stall
5819,5819,"Franco Nightingale, a watchmaker with a loupe and a drawer of springs",nb:Midwood,inferred,watchmaker with a loupe and a drawer of springs
5820,5820,"Shanice Pinkney, a piano tuner who works by memory in four boroughs",nb:Highbridge,inferred,"a Bronx boiler room, kept inside the borough the painting names"
5821,5821,"Yosef Halpern, an appliance repair woman fighting a sealed unit",key:roosevelt_ave,stated,the painting is set in a Roosevelt Avenue repair stall
5822,5822,"Cristeta Gyaltsen, a locksmith who can open anything and refuses most of it",nb:Kensington,inferred,locksmith who can open anything and refuses most
5823,5823,"Boubacar Balogun, an electronics recycler pulling the good parts out",nb:Hunts Point,inferred,electronics recycler pulling the good parts out
5824,5824,"Pearline Achille, a woman who repairs beloved stuffed animals surgically",key:roosevelt_ave,stated,the painting is set in a Roosevelt Avenue repair stall
5825,5825,"Bernardo Guzman, a car mechanic keeping a twenty six year old sedan alive",nb:Mariners Harbor,inferred,mechanic keeping an old sedan alive
5826,5826,"Ayesha Mahadevan, a furniture restorer matching a finish from 1954",nb:Pelham Bay,inferred,"a Bronx boiler room, kept inside the borough the painting names"
5827,5827,"Yosuke Yamashita, an HVAC tech on a roof in August",key:roosevelt_ave,stated,the painting is set in a Roosevelt Avenue repair stall
5828,5828,"Kazimierz Melnyk, a tailor rebuilding a suit for a man who has changed shape",nb:Elmhurst,inferred,tailor rebuilding a suit for a man who changed shape
5829,5829,"Osman Yildiz, a knife sharpener with a cart and a route",nb:University Heights,inferred,"a Bronx boiler room, kept inside the borough the painting names"
5830,5830,"Silvio Hollingsworth, a man who fixes vending machines nobody else can open",key:roosevelt_ave,stated,the painting is set in a Roosevelt Avenue repair stall
5831,5831,"Denise Coates, a woman who repairs the machines that repair other machines",nb:Brooklyn Navy Yard,inferred,repairs the machines that repair other machines
5832,5832,"Nechama Landau, a phone repair specialist under a microscope",nb:Fordham,inferred,phone repair under a microscope on a Bronx strip
5833,5833,"Zaw Sarmiento, a boiler mechanic who knows a building by sound",key:roosevelt_ave,stated,the painting is set in a Roosevelt Avenue repair stall
5834,5834,"Segun Cisse, a cobbler on his second generation of the same shop",nb:Washington Heights,inferred,cobbler on his second generation of the same shop
5835,5835,"Damion Achille, a sewing machine repairman with forty machines waiting",nb:Belmont,inferred,"a Bronx boiler room, kept inside the borough the painting names"
5836,5836,"Consuelo Escalante, a bicycle wheel builder truing by ear",key:roosevelt_ave,stated,the painting is set in a Roosevelt Avenue repair stall
5837,5837,"Gopal Krishnamurthy, a watchmaker with a loupe and a drawer of springs",nb:Forest Hills,inferred,watchmaker with a loupe and a drawer of springs
5838,5838,"Mei Ng, a piano tuner who works by memory in four boroughs",nb:Riverdale,inferred,piano tuner working by memory in four boroughs
5839,5839,"Tomasz Stanescu, an appliance repair woman fighting a sealed unit",key:roosevelt_ave,stated,the painting is set in a Roosevelt Avenue repair stall
5840,5840,"Yasmin Barakat, a locksmith who can open anything and refuses most of it",nb:Woodside,inferred,locksmith who can open anything and refuses most of it
5841,5841,The Boy Who Translates His Mother's Hearing,nb:Corona,stated,"Cochabamba by way of Corona, translating his mother's hearing"
5842,5842,The Most Trusted Woman on the Block,nb:Woodside,stated,"Cebu by way of Woodside, the block's most trusted notary"
5843,5843,The Man on Year Nine of a Three Year Process,nb:Hollis,stated,"Onitsha by way of Hollis, year nine of a three year process"
5844,5844,The Lawyer Who Was Once the Client,nb:Sheepshead Bay,stated,"Gaziantep by way of Sheepshead Bay, lawyer who was once the client"
5845,5845,The Man Who Waits Outside With Everyone's Coats,nb:Elmhurst,stated,"Lhasa by way of Elmhurst, waiting outside with everyone's coats"
5846,5846,"Aldo Achterman, a notary who is the block's most trusted person",nb:Corona,stated,"the house notary desk in Corona, line down the block"
5847,5847,"Adrienne Devereaux, an immigration paralegal at a church basement clinic",key:foley_sq,stated,the painting is set in a Federal Plaza waiting room
5848,5848,"Aaron Kravitz, a man on year nine of a three year process",nb:Corona,stated,the painting is set in a Corona notary desk
5849,5849,"Grace Thapa, a woman who cleans offices and has a masters from home",nb:Midtown,inferred,"cleans Midtown offices at night, masters degree from home"
5850,5850,"Chidi Danquah, a translator for a language with four speakers in the city",key:foley_sq,stated,the painting is set in a Federal Plaza waiting room
5851,5851,"Yvonne Jean-Baptiste, a child interpreting for a parent at an appointment",nb:Corona,stated,the painting is set in a Corona notary desk
5852,5852,"Gustavo Villalobos, an asylum seeker with a hearing date and a good coat",key:foley_sq,stated,asylum seeker with a hearing date at Federal Plaza
5853,5853,"Fariha Chowdhury, a woman whose entire life fits in one plastic sleeve",key:foley_sq,stated,the painting is set in a Federal Plaza waiting room
5854,5854,"Sung-min Cheung, a man who drives everyone to their appointments",nb:Corona,stated,the painting is set in a Corona notary desk
5855,5855,"Svetlana Melnyk, a community organizer who knows every deadline",nb:Melrose,inferred,community organizer who knows every filing deadline
5856,5856,"Dalia Kaya, a woman who lost her documents in a fire",key:foley_sq,stated,the painting is set in a Federal Plaza waiting room
5857,5857,"Bridget Feeney, a green card holder afraid to leave the country",nb:Corona,stated,the painting is set in a Corona notary desk
5858,5858,"Maurice Sealy, a man who has been here thirty one years and cannot vote",nb:Fordham,inferred,thirty one years here and still cannot vote
5859,5859,"Perel Rubinstein, a caseworker who tells the truth even when it is bad",key:foley_sq,stated,the painting is set in a Federal Plaza waiting room
5860,5860,"Norbu Bhutia, a student who found out at seventeen",nb:Corona,stated,the painting is set in a Corona notary desk
5861,5861,"Amara Cisse, a woman running a savings circle for legal fees",nb:Crown Heights,inferred,runs a savings circle for legal fees
5862,5862,"Desmond Jean-Baptiste, a man carrying a decision letter he has not opened",key:foley_sq,stated,carrying an unopened decision letter out of Federal Plaza
5863,5863,"Marisol Sandoval, a family in their best clothes for a photograph that is evidence",nb:Corona,stated,the painting is set in a Corona notary desk
5864,5864,"Kiran Bhandari, a notary who is the block's most trusted person",nb:Sunset Park,inferred,notary who is the block's most trusted person
5865,5865,"Soo-jin Jeong, an immigration paralegal at a church basement clinic",key:foley_sq,stated,the painting is set in a Federal Plaza waiting room
5866,5866,"Sergei Horvat, a man on year nine of a three year process",nb:Corona,stated,the painting is set in a Corona notary desk
5867,5867,"Rania Demir, a woman who cleans offices and has a masters from home",nb:Financial District,inferred,"cleans downtown offices, masters degree from home"
5868,5868,"Enzo Wren, a translator for a language with four speakers in the city",key:foley_sq,stated,the painting is set in a Federal Plaza waiting room
5869,5869,"Bernice Starks, a child interpreting for a parent at an appointment",nb:Corona,stated,the painting is set in a Corona notary desk
5870,5870,"Mendel Feldman, an asylum seeker with a hearing date and a good coat",nb:Parkchester,inferred,asylum seeker with a hearing date and a good coat
5871,5871,"Pema Macaraeg, a woman whose entire life fits in one plastic sleeve",key:foley_sq,stated,the painting is set in a Federal Plaza waiting room
5872,5872,"Emeka Keita, a man who drives everyone to their appointments",nb:Corona,stated,the painting is set in a Corona notary desk
5873,5873,"Marcia Springer, a community organizer who knows every deadline",nb:East Harlem,inferred,community organizer who knows every deadline
5874,5874,"Paloma Almonte, a woman who lost her documents in a fire",key:foley_sq,stated,the painting is set in a Federal Plaza waiting room
5875,5875,"Shabana Bhattacharya, a green card holder afraid to leave the country",nb:Corona,stated,the painting is set in a Corona notary desk
5876,5876,"Hyun-woo Kobayashi, a man who has been here thirty one years and cannot vote",nb:Bensonhurst,inferred,thirty one years here and cannot vote
5877,5877,"Iryna Stanescu, a caseworker who tells the truth even when it is bad",key:foley_sq,stated,the painting is set in a Federal Plaza waiting room
5878,5878,"Hakim Bakhtiari, a student who found out at seventeen",nb:Corona,stated,the painting is set in a Corona notary desk
5879,5879,"Nora Stavrakis, a woman running a savings circle for legal fees",nb:Morris Park,inferred,runs a savings circle for legal fees
5880,5880,"Lamont Foster-Ames, a man carrying a decision letter he has not opened",key:foley_sq,stated,the painting is set in a Federal Plaza waiting room
5881,5881,"Rivka Halpern, a family in their best clothes for a photograph that is evidence",nb:Corona,stated,the painting is set in a Corona notary desk
5882,5882,"Tenzin Rai, a notary who is the block's most trusted person",nb:Jackson Heights,inferred,notary who is the block's most trusted person
5883,5883,"Adaeze Danquah, an immigration paralegal at a church basement clinic",key:foley_sq,stated,the painting is set in a Federal Plaza waiting room
5884,5884,"Winston Springer, a man on year nine of a three year process",nb:Corona,stated,the painting is set in a Corona notary desk
5885,5885,"Rosalba Peralta, a woman who cleans offices and has a masters from home",nb:South Ozone Park,inferred,"cleans offices, masters degree from home"
5886,5886,"Imran Hossain, a translator for a language with four speakers in the city",key:foley_sq,stated,the painting is set in a Federal Plaza waiting room
5887,5887,"Xiaoling Xu, a child interpreting for a parent at an appointment",nb:Corona,stated,the painting is set in a Corona notary desk
5888,5888,"Miroslav Kovalenko, an asylum seeker with a hearing date and a good coat",nb:Concourse,inferred,asylum seeker with a hearing date and a good coat
5889,5889,"Zahra Kholghi, a woman whose entire life fits in one plastic sleeve",key:foley_sq,stated,the painting is set in a Federal Plaza waiting room
5890,5890,"Salvatore Buonocore, a man who drives everyone to their appointments",nb:Corona,stated,the painting is set in a Corona notary desk
5891,5891,The Woman Whose Block Floods Four Times a Year,key:cross_bay,stated,"Broad Channel born and staying, marking the new flood line"
5892,5892,The Captain Reading a River That Changed,key:si_ferry,stated,"from Staten Island, a captain reading a changed river"
5893,5893,The Woman Whose Sump Pump Is a Religion,nb:Canarsie,stated,"Ibadan by way of Canarsie, sitting up with the sump pump"
5894,5894,The Man Selling the House Before They Find Out,nb:Howard Beach,stated,"from Howard Beach, selling the house before they find out"
5895,5895,The Girl Who Has Only Known the Flooding,key:cross_bay,stated,"from Broad Channel, wading her own street at dusk"
5896,5896,"Yolanda Ellis, a ferry captain reading a changed river",key:cross_bay,stated,the painting is set in Broad Channel
5897,5897,"Ephraim Blum, a super whose sump pump runs eight months a year",key:gowanus_canal,stated,"super on the Gowanus edge, pump running eight months a year"
5898,5898,"Dolma Wangdu, a flood insurance adjuster with bad news",key:ny_harbor,stated,the painting is set in the harbour at slack tide
5899,5899,"Ngozi Keita, a woman whose ground floor is now storage only",key:red_hook_b,stated,Red Hook ground floor now storage only
5900,5900,"Camille Dorsainvil, a marine contractor raising a bulkhead by hand",key:cross_bay,stated,marine contractor raising a Broad Channel bulkhead by hand
5901,5901,"Hipolito Marchena, a rain garden crew lead planting for a hundred year storm",key:gowanus_canal,stated,the painting is set in a Gowanus edge
5902,5902,"Rukhsana Siddiqui, an oysterman restoring a reef in the harbour",key:ny_harbor,stated,oysterman restoring a reef in the harbour
5903,5903,"Kenji Ng, a boatyard mechanic with more work every year",key:red_hook_b,stated,the painting is set in Red Hook
5904,5904,"Katarzyna Horvat, a woman who runs the block's flood text chain",key:cross_bay,stated,runs the Broad Channel block's flood text chain
5905,5905,"Waleed Khalil, a basement apartment tenant who sleeps with the door unlocked",key:gowanus_canal,stated,the painting is set in a Gowanus edge
5906,5906,"Colleen Quilty, a sanitation worker clearing the same four drains",key:ny_harbor,stated,the painting is set in the harbour at slack tide
5907,5907,"Booker Pinkney, a bridge painter who watches the tide all day",key:red_hook_b,stated,the painting is set in Red Hook
5908,5908,"Zev Mandelbaum, a man who moved his whole life to the second floor",key:cross_bay,stated,the painting is set in Broad Channel
5909,5909,"Sonam Ilagan, a girl who has only ever known the flooding",key:gowanus_canal,stated,the painting is set in a Gowanus edge
5910,5910,"Folasade Eze, a hydrologist nobody in city government returns calls to",key:ny_harbor,stated,the painting is set in the harbour at slack tide
5911,5911,"Rupert Dorsainvil, a fisherman whose species have moved north",key:red_hook_b,stated,the painting is set in Red Hook
5912,5912,"Esperanza Villanueva, a woman running a pump loan library out of her garage",key:cross_bay,stated,the painting is set in Broad Channel
5913,5913,"Sohail Narayanan, a harbour pilot who knows the bottom by feel",key:gowanus_canal,stated,the painting is set in a Gowanus edge
5914,5914,"Lian Chow, a ferry captain reading a changed river",key:ny_harbor,stated,the painting is set in the harbour at slack tide
5915,5915,"Yaroslav Adamczyk, a super whose sump pump runs eight months a year",key:red_hook_b,stated,the painting is set in Red Hook
5916,5916,"Amira Osmani, a flood insurance adjuster with bad news",key:cross_bay,stated,the painting is set in Broad Channel
5917,5917,"Deirdre Donnelly, a woman whose ground floor is now storage only",key:gowanus_canal,stated,the painting is set in a Gowanus edge
5918,5918,"Aaliyah Pratt, a marine contractor raising a bulkhead by hand",key:ny_harbor,stated,the painting is set in the harbour at slack tide
5919,5919,"Shmuel Zilberman, a rain garden crew lead planting for a hundred year storm",key:red_hook_b,stated,the painting is set in Red Hook
5920,5920,"Rosario Sherpa, an oysterman restoring a reef in the harbour",key:cross_bay,stated,the painting is set in Broad Channel
5921,5921,"Kwabena Eze, a boatyard mechanic with more work every year",key:gowanus_canal,stated,the painting is set in a Gowanus edge
5922,5922,"Shantel Blackman, a woman who runs the block's flood text chain",key:ny_harbor,stated,the painting is set in the harbour at slack tide
5923,5923,"Ismael Nunez-Paz, a basement apartment tenant who sleeps with the door unlocked",key:red_hook_b,stated,the painting is set in Red Hook
5924,5924,"Parveen Venkatesan, a sanitation worker clearing the same four drains",key:cross_bay,stated,the painting is set in Broad Channel
5925,5925,"Bo Jeong, a bridge painter who watches the tide all day",key:gowanus_canal,stated,the painting is set in a Gowanus edge
5926,5926,"Bogdan Danylchenko, a man who moved his whole life to the second floor",key:ny_harbor,stated,the painting is set in the harbour at slack tide
5927,5927,"Hoda Haddad, a girl who has only ever known the flooding",key:red_hook_b,stated,Red Hook girl who has only ever known the flooding
5928,5928,"Fiona Ferrante, a hydrologist nobody in city government returns calls to",key:cross_bay,stated,the painting is set in Broad Channel
5929,5929,"Ossie Devereaux, a fisherman whose species have moved north",key:gowanus_canal,stated,the painting is set in a Gowanus edge
5930,5930,"Shoshana Kravitz, a woman running a pump loan library out of her garage",key:ny_harbor,stated,the painting is set in the harbour at slack tide
5931,5931,"Nurlan Delos-Reyes, a harbour pilot who knows the bottom by feel",key:red_hook_b,stated,the painting is set in Red Hook
5932,5932,"Aminata Sanogo, a ferry captain reading a changed river",key:cross_bay,stated,the painting is set in Broad Channel
5933,5933,"Delroy Blackman, a super whose sump pump runs eight months a year",key:gowanus_canal,stated,the painting is set in a Gowanus edge
5934,5934,"Yesenia Quispe, a flood insurance adjuster with bad news",key:ny_harbor,stated,the painting is set in the harbour at slack tide
5935,5935,"Zainab Rahman, a woman whose ground floor is now storage only",key:red_hook_b,stated,the painting is set in Red Hook
5936,5936,"Ming-hua Baek, a marine contractor raising a bulkhead by hand",key:cross_bay,stated,the painting is set in Broad Channel
5937,5937,"Piotr Wierzbicki, a rain garden crew lead planting for a hundred year storm",key:gowanus_canal,stated,the painting is set in a Gowanus edge
5938,5938,"Salma Zaman, an oysterman restoring a reef in the harbour",key:ny_harbor,stated,the painting is set in the harbour at slack tide
5939,5939,"Gus Feeney, a boatyard mechanic with more work every year",key:red_hook_b,stated,the painting is set in Red Hook
5940,5940,"Latasha Bridges, a woman who runs the block's flood text chain",key:cross_bay,stated,the painting is set in Broad Channel
5941,5941,The Woman With Forty Years in a Closet,nb:Crown Heights,stated,Crown Heights closet with forty years of block photographs
5942,5942,The Man Recording Every Storefront Before It Goes,nb:Bedford-Stuyvesant,stated,"Port Harcourt by way of Bed Stuy, recording storefronts"
5943,5943,The Woman Who Remembers the Old Name,key:alphabet_city,stated,"from Loisaida, remembering the old name of the street"
5944,5944,The Archivist Who Wants to Take It All,nb:Washington Heights,stated,"from Washington Heights, the archivist who wants it all"
5945,5945,The Girl Learning the Filing System,nb:Crown Heights,stated,Crown Heights girl learning the closet filing system
5946,5946,"Devorah Feldman, a woman with forty years of block photographs in a closet",nb:Crown Heights,stated,"the house closet archive in Crown Heights, forty years of boxes"
5947,5947,"Aung Gyaltsen, a man recording storefronts on their last day",nb:Crown Heights,stated,the painting is set in a Crown Heights closet archive
5948,5948,"Ousmane Sanogo, an oral historian with a bad recorder and perfect questions",nb:Morrisania,inferred,oral historian with a bad recorder and perfect questions
5949,5949,"Odessa Baptiste, a librarian who saved the local files from the dumpster",key:nypl,inferred,librarian who saved the local files from the dumpster
5950,5950,"Dulce Bustamante, a woman who keeps the funeral programs of a whole congregation",nb:Crown Heights,stated,the painting is set in a Crown Heights closet archive
5951,5951,"Farhan Mirza, a man who has photographed the same corner every year since 1981",key:st_marks,inferred,has photographed the same corner every year since 1981
5952,5952,"Haruki Xu, a record shop owner who is the neighbourhood's memory",nb:Greenwich Village,inferred,record shop owner who is the neighbourhood's memory
5953,5953,"Ludmila Kovalenko, a superintendent with fifty years of building logs",nb:Crown Heights,stated,the painting is set in a Crown Heights closet archive
5954,5954,"Lina Nasrallah, a woman digitizing a language nobody is teaching",nb:Sunset Park,inferred,digitizing a language nobody is teaching
5955,5955,"Eileen Halloran, a graffiti documentarian with thirty thousand slides",key:5pointz,inferred,graffiti documentarian with thirty thousand slides
5956,5956,"Curtis Starks, a church secretary with the only complete ledger",nb:Crown Heights,stated,the painting is set in a Crown Heights closet archive
5957,5957,"Eli Rosenblatt, a man who kept every menu from a street that is gone",nb:Chinatown,inferred,kept every menu from a street that is gone
5958,5958,"Thida Abdrakhmanov, a woman restoring a mural under three coats of paint",key:el_barrio,inferred,restoring a mural under three coats of paint
5959,5959,"Yaa Okonkwo, a teenager taught the filing system and taking it seriously",nb:Crown Heights,inferred,teenager taught the closet filing system
5960,5960,"Errol Baptiste, a bodega owner with a wall of photographs of customers",nb:Highbridge,inferred,bodega owner with a wall of customer photographs
5961,5961,"Ruben Cordero, a man who indexes obituaries by street",nb:Woodside,inferred,indexes obituaries by street
5962,5962,"Anjali Pillai, a woman who saved a demolished building's cornerstone",nb:Crown Heights,stated,the painting is set in a Crown Heights closet archive
5963,5963,"Sora Nakamura, a collector of the sound of vanished machines",nb:Brooklyn Navy Yard,inferred,collector of the sound of vanished machines
5964,5964,"Danuta Adamczyk, a woman with forty years of block photographs in a closet",nb:Harlem,inferred,forty years of block photographs in a closet
5965,5965,"Fadi Ozturk, a man recording storefronts on their last day",nb:Crown Heights,stated,the painting is set in a Crown Heights closet archive
5966,5966,"Vincent Stavrakis, an oral historian with a bad recorder and perfect questions",nb:Brownsville,inferred,oral historian with a bad recorder and perfect questions
5967,5967,"Cheryl Ballard, a librarian who saved the local files from the dumpster",nb:Flushing,inferred,librarian who saved the local files from the dumpster
5968,5968,"Chana Blum, a woman who keeps the funeral programs of a whole congregation",nb:Crown Heights,stated,the painting is set in a Crown Heights closet archive
5969,5969,"Karma Khaing, a man who has photographed the same corner every year since 1981",key:125th_st,inferred,has photographed the same corner every year since 1981
5970,5970,"Ibrahim Okonkwo, a record shop owner who is the neighbourhood's memory",nb:Ridgewood,inferred,record shop owner who is the neighbourhood's memory
5971,5971,"Lurline Toussaint, a superintendent with fifty years of building logs",nb:Crown Heights,stated,the painting is set in a Crown Heights closet archive
5972,5972,"Araceli Ocampo, a woman digitizing a language nobody is teaching",nb:Elmhurst,inferred,digitizing a language nobody is teaching
5973,5973,"Kavitha Qureshi, a graffiti documentarian with thirty thousand slides",nb:Williamsburg,inferred,graffiti documentarian with thirty thousand slides
5974,5974,"Jae-won Chow, a church secretary with the only complete ledger",nb:Crown Heights,stated,the painting is set in a Crown Heights closet archive
5975,5975,"Andrei Wozniak, a man who kept every menu from a street that is gone",key:little_italy,inferred,kept every menu from a street that is gone
5976,5976,"Maryam Karimi, a woman restoring a mural under three coats of paint",nb:Bushwick,inferred,restoring a mural under three coats of paint
5977,5977,"Aileen Vitale, a teenager taught the filing system and taking it seriously",nb:Crown Heights,stated,the painting is set in a Crown Heights closet archive
5978,5978,"Malachi Ellis, a bodega owner with a wall of photographs of customers",nb:Corona,inferred,bodega owner with a wall of photographs of customers
5979,5979,"Naftali Friedlander, a man who indexes obituaries by street",nb:Borough Park,inferred,indexes obituaries by street
5980,5980,"Analiza Gurung, a woman who saved a demolished building's cornerstone",nb:Crown Heights,stated,the painting is set in a Crown Heights closet archive
5981,5981,"Chinelo Mensah, a collector of the sound of vanished machines",nb:Maspeth,inferred,collector of the sound of vanished machines
5982,5982,"Petronella Fairweather, a woman with forty years of block photographs in a closet",nb:Bushwick,inferred,forty years of block photographs in a closet
5983,5983,"Rafael Arocho, a man recording storefronts on their last day",nb:Crown Heights,stated,the painting is set in a Crown Heights closet archive
5984,5984,"Asif Subramanian, an oral historian with a bad recorder and perfect questions",nb:Hunts Point,inferred,oral historian with a bad recorder and perfect questions
5985,5985,"Akiko Zhang, a librarian who saved the local files from the dumpster",nb:St. George,inferred,librarian who saved the local files from the dumpster
5986,5986,"Zofia Danylchenko, a woman who keeps the funeral programs of a whole congregation",nb:Crown Heights,stated,the painting is set in a Crown Heights closet archive
5987,5987,"Halim Ansari, a man who has photographed the same corner every year since 1981",key:roosevelt_ave,inferred,has photographed the same corner every year since 1981
5988,5988,"Rocco Quilty, a record shop owner who is the neighbourhood's memory",nb:Flatbush,inferred,record shop owner who is the neighbourhood's memory
5989,5989,"Nikki Whitlock, a superintendent with fifty years of building logs",nb:Crown Heights,stated,the painting is set in a Crown Heights closet archive
5990,5990,"Miriam Mandelbaum, a woman digitizing a language nobody is teaching",nb:Kensington,inferred,digitizing a language nobody is teaching
5991,5991,The Girl Who Has Never Been Alone in a Room,nb:Bedford-Stuyvesant,stated,"her origin is Bed Stuy, the bedroom floor of the house"
5992,5992,The Twelve Year Old Running a Real Business,nb:Jamaica,stated,"he is from Jamaica, Queens, schoolyard table out front"
5993,5993,The Girl Building the Analog World Back,nb:Greenpoint,stated,"she is from Greenpoint, winding a watch in the park"
5994,5994,The Boy Whose Whole Class Is In One Chat,nb:Highbridge,stated,"Bamako by way of Highbridge, a stoop full of friends"
5995,5995,The Teacher Who Can Hear the Language,nb:East Flatbush,stated,"Gonaives by way of East Flatbush, her classroom after the bell"
5996,5996,"Bayarmaa Villanueva-Cruz, a twelve year old running a real business out of a backpack",nb:Bedford-Stuyvesant,stated,the house keeps a Bed Stuy bedroom
5997,5997,"Fatoumata Diallo, a girl who has never been alone in a room",key:nypl,inferred,"an after school library, the big one on Fifth"
5998,5998,"Anselm Toussaint, a boy rebuilding the analog world on purpose",key:prospect_park,inferred,a park at the hour the light goes gold
5999,5999,"Aurelio Betancourt, a fifteen year old moderating a server of four thousand",nb:Jackson Heights,inferred,"a Queens schoolyard, placed in Jackson Heights"
6000,6000,"Meera Krishnamurthy, a kid who is the family's tech support and translator",nb:Bedford-Stuyvesant,stated,the painting is set in a Bed Stuy bedroom
6001,6001,"Min-seo Kwon, a girl whose entire friend group lives in one chat",nb:Fort Greene,inferred,an after school branch library in Fort Greene
6002,6002,"Lech Yakovlev, a boy who got famous at eleven and is now fourteen",key:tompkins,inferred,"a park at the exact hour, Tompkins Square"
6003,6003,"Karim Chalabi, a teenager who deleted everything and is finding out what is left",nb:Elmhurst,inferred,"a Queens schoolyard, placed in Elmhurst"
6004,6004,"Roisin Marchetti, a middle schooler with a burner phone for the real conversations",nb:Bedford-Stuyvesant,stated,the painting is set in a Bed Stuy bedroom
6005,6005,"Simone Odom, a girl who learned to read on a feed",nb:Washington Heights,inferred,an after school branch library in Washington Heights
6006,6006,"Boruch Weiss, a boy who plays chess in the park with men four times his age",key:mccarren,inferred,"a park at the exact hour, McCarren"
6007,6007,"Ngawang Thapa, a kid whose parents post everything about him",nb:Astoria,inferred,"a Queens schoolyard, placed in Astoria"
6008,6008,"Adjoa Adeyemi, a teenager running a mutual aid drive from her bedroom",nb:Bedford-Stuyvesant,stated,the painting is set in a Bed Stuy bedroom
6009,6009,"Maureen Bridgewater, a girl who has never seen her parents without a phone",nb:Kingsbridge,inferred,an after school branch library in Kingsbridge
6010,6010,"Cesar Zambrano, a boy who cannot sleep and knows exactly why",key:fort_greene_park,inferred,"a park at the exact hour, Fort Greene"
6011,6011,"Rajesh Chakraborty, a teenager who found a library and told nobody",nb:Corona,inferred,"a Queens schoolyard, placed in Corona"
6012,6012,"Noriko Ishikawa, a kid who makes music on a cracked device",nb:Bedford-Stuyvesant,stated,the painting is set in a Bed Stuy bedroom
6013,6013,"Nadia Wierzbicki, a girl who is the only one in her grade without one",nb:St. George,inferred,an after school branch library in St. George
6014,6014,"Rima Sabbagh, a twelve year old running a real business out of a backpack",key:astoria_park,inferred,"a park at the exact hour, Astoria"
6015,6015,"Bernadette Kilbride, a girl who has never been alone in a room",nb:Woodside,inferred,"a Queens schoolyard, placed in Woodside"
6016,6016,"Tre Pratt, a boy rebuilding the analog world on purpose",nb:Bedford-Stuyvesant,stated,the painting is set in a Bed Stuy bedroom
6017,6017,"Yitzchak Ackerman, a fifteen year old moderating a server of four thousand",nb:Midwood,inferred,an after school branch library in Midwood
6018,6018,"Yangzom Tsering, a kid who is the family's tech support and translator",key:marcus_garvey,inferred,"a park at the exact hour, Marcus Garvey"
6019,6019,"Nneka Camara, a girl whose entire friend group lives in one chat",nb:Flushing,inferred,"a Queens schoolyard, placed in Flushing"
6020,6020,"Clive Fairweather, a boy who got famous at eleven and is now fourteen",nb:Bedford-Stuyvesant,stated,the house keeps a Bed Stuy bedroom
6021,6021,"Nestor Escalante, a teenager who deleted everything and is finding out what is left",nb:Port Richmond,inferred,an after school branch library in Port Richmond
6022,6022,"Deepa Bhandari, a middle schooler with a burner phone for the real conversations",key:morningside_park,inferred,"a park at the exact hour, Morningside"
6023,6023,"Jing Lim, a girl who learned to read on a feed",nb:Richmond Hill,inferred,"a Queens schoolyard, placed in Richmond Hill"
6024,6024,"Dragan Vasilenko, a boy who plays chess in the park with men four times his age",nb:Bedford-Stuyvesant,stated,the painting is set in a Bed Stuy bedroom
6025,6025,"Reza Barakat, a kid whose parents post everything about him",nb:Melrose,inferred,an after school branch library in Melrose
6026,6026,"Siobhan Castellano, a teenager running a mutual aid drive from her bedroom",key:van_cortlandt_p,inferred,"a park at the exact hour, Van Cortlandt"
6027,6027,"Renita Pryor, a girl who has never seen her parents without a phone",nb:Sunnyside,inferred,"a Queens schoolyard, placed in Sunnyside"
6028,6028,"Dov Shulman, a boy who cannot sleep and knows exactly why",nb:Bedford-Stuyvesant,stated,the painting is set in a Bed Stuy bedroom
6029,6029,"Lhakpa Macaraeg, a teenager who found a library and told nobody",nb:Brownsville,inferred,an after school branch library in Brownsville
6030,6030,"Abena Boateng, a kid who makes music on a cracked device",key:flushing_meadows,inferred,"a park at the exact hour, Flushing Meadows"
6031,6031,"Cherry Ambroise, a girl who is the only one in her grade without one",nb:Ozone Park,inferred,"a Queens schoolyard, placed in Ozone Park"
6032,6032,"Maribel Trejo, a twelve year old running a real business out of a backpack",nb:Bedford-Stuyvesant,stated,the painting is set in a Bed Stuy bedroom
6033,6033,"Priya Narayanan, a girl who has never been alone in a room",nb:Bushwick,inferred,an after school branch library in Bushwick
6034,6034,"Takeshi Baek, a boy rebuilding the analog world on purpose",key:riverside,inferred,"a park at the exact hour, Riverside"
6035,6035,"Vladan Kowalczyk, a fifteen year old moderating a server of four thousand",nb:Far Rockaway,inferred,"a Queens schoolyard, placed in Far Rockaway"
6036,6036,"Nour Mansour, a kid who is the family's tech support and translator",nb:Bedford-Stuyvesant,stated,the painting is set in a Bed Stuy bedroom
6037,6037,"Kathleen Fenwick, a girl whose entire friend group lives in one chat",nb:Inwood,inferred,an after school branch library in Inwood
6038,6038,"Deshawn Bridges, a boy who got famous at eleven and is now fourteen",key:washington_sq,inferred,"a park at the exact hour, Washington Square"
6039,6039,"Shaya Berkowitz, a teenager who deleted everything and is finding out what is left",nb:South Jamaica,inferred,"a Queens schoolyard, placed in South Jamaica"
6040,6040,"Marilou Bautista, a middle schooler with a burner phone for the real conversations",nb:Bedford-Stuyvesant,stated,the painting is set in a Bed Stuy bedroom
6041,6041,The Clerk Who Found the Workaround,nb:Concourse,inferred,"third generation Bronx, a benefits office on the Concourse"
6042,6042,The Woman on Month Fourteen,nb:Ridgewood,stated,"she is from Ridgewood, on hold at her own kitchen"
6043,6043,The Caseworker With Four Hundred Files,nb:Wakefield,stated,"Kano by way of Wakefield, a desk buried in folders"
6044,6044,The Woman Who Reads the Letters for Everyone,nb:Elmhurst,stated,"Barranquilla by way of Elmhurst, reading letters at a kitchen table"
6045,6045,The Man Who Guards the Records Basement,nb:Astoria,stated,"he is from Astoria, deep in a records basement"
6046,6046,"Kofi Mensah, a benefits clerk who found a workaround",key:foley_sq,inferred,a hearing room with bad chairs off Foley Square
6047,6047,"Sybil Pierre-Louis, a woman on month fourteen of an appeal",nb:Melrose,inferred,a benefits office counter in Melrose
6048,6048,"Efrain Sandoval, a caseworker with four hundred open files",key:chambers_st,inferred,a records basement in the Municipal Building on Chambers
6049,6049,"Sunita Mirza, a records room custodian who is the only index",nb:Downtown Brooklyn,inferred,a hearing room with bad chairs in Downtown Brooklyn
6050,6050,"Yun Nakamura, a man whose case number is wrong in one system only",nb:East New York,inferred,a benefits office counter in East New York
6051,6051,"Vesna Wozniak, a woman who reads official letters aloud for her neighbours",key:city_hall,inferred,a records basement under the City Hall offices
6052,6052,"Farid Kaya, a hearing officer who has stopped sleeping",nb:Kew Gardens,inferred,a hearing room with bad chairs in Kew Gardens
6053,6053,"Angelo Donnelly, a man denied for a reason nobody can explain",nb:Jamaica,inferred,a benefits office counter in Jamaica
6054,6054,"Rashad Ballard, a translator for a hearing that is going badly",nb:Downtown Brooklyn,inferred,a records basement under Downtown Brooklyn
6055,6055,"Bracha Zilberman, a woman who has memorized nine phone trees",nb:Concourse,inferred,a hearing room with bad chairs on the Grand Concourse
6056,6056,"Dorje Wangdu, a legal aid attorney with eleven minutes per client",nb:St. George,inferred,a benefits office counter in St. George
6057,6057,"Halima Nwachukwu, a security guard at a benefits office who is the kindest person in it",key:foley_sq,inferred,a records basement off Foley Square
6058,6058,"Neville Bridgewater, a man reapplying for the third time with the same documents",nb:St. George,inferred,a hearing room with bad chairs in St. George
6059,6059,"Soledad Castellanos, a data entry clerk who knows the error is upstream",nb:Bushwick,inferred,a benefits office counter in Bushwick
6060,6060,"Mehreen Subramanian, a woman helping strangers in a waiting room out of sheer rage",nb:Financial District,inferred,a records basement in a downtown agency building
6061,6061,"Ah-lam Ueda, an ombudsman with no power and a good heart",nb:Midtown,inferred,a state hearing room with bad chairs in Midtown
6062,6062,"Marek Moroianu, a man whose file was closed in error two years ago",nb:Sunset Park,inferred,a benefits office counter in Sunset Park
6063,6063,"Souad Aziz, a woman who brings snacks to a waiting room every week",nb:Kew Gardens,inferred,a records basement at the Queens borough offices
6064,6064,"Dominic Ferrante, a benefits clerk who found a workaround",nb:Jamaica,inferred,a hearing room with bad chairs in Jamaica
6065,6065,"Toya Hollins, a woman on month fourteen of an appeal",nb:Fordham,inferred,a benefits office counter in Fordham
6066,6066,"Avi Teitelbaum, a caseworker with four hundred open files",nb:Concourse,inferred,a records basement in the Bronx county building
6067,6067,"Khin Lama, a records room custodian who is the only index",nb:Fordham,inferred,a hearing room with bad chairs near Fordham Road
6068,6068,"Babatunde Diallo, a man whose case number is wrong in one system only",nb:Coney Island,inferred,a benefits office counter in Coney Island
6069,6069,"Andrene Grandison, a woman who reads official letters aloud for her neighbours",nb:St. George,inferred,a records basement at Staten Island borough hall
6070,6070,"Ignacio Almonte, a hearing officer who has stopped sleeping",nb:Tribeca,inferred,a hearing room with bad chairs in a Tribeca agency floor
6071,6071,"Anand Sengupta, a man denied for a reason nobody can explain",nb:Far Rockaway,inferred,a benefits office counter in Far Rockaway
6072,6072,"Chen Zhang, a translator for a hearing that is going badly",nb:Long Island City,inferred,a records basement in a Long Island City annex
6073,6073,"Halyna Yakovlev, a woman who has memorized nine phone trees",nb:Financial District,inferred,a hearing room with bad chairs downtown
6074,6074,"Sami Demir, a legal aid attorney with eleven minutes per client",nb:Mott Haven,inferred,a benefits office counter in Mott Haven
6075,6075,"Peg Moran, a security guard at a benefits office who is the kindest person in it",key:chambers_st,inferred,a records basement in the Municipal Building on Chambers
6076,6076,"Terrence Whitlock, a man reapplying for the third time with the same documents",key:foley_sq,inferred,a hearing room with bad chairs off Foley Square
6077,6077,"Tova Rosenblatt, a data entry clerk who knows the error is upstream",nb:Brownsville,inferred,a benefits office counter in Brownsville
6078,6078,"Choden Aung-Thein, a woman helping strangers in a waiting room out of sheer rage",key:city_hall,inferred,a records basement under the City Hall offices
6079,6079,"Zainab Toure, an ombudsman with no power and a good heart",nb:Downtown Brooklyn,inferred,a hearing room with bad chairs in Downtown Brooklyn
6080,6080,"Lloyd Ambroise, a man whose file was closed in error two years ago",nb:Corona,inferred,a benefits office counter in Corona
6081,6081,"Damaris Rivas, a woman who brings snacks to a waiting room every week",nb:Downtown Brooklyn,inferred,a records basement under Downtown Brooklyn
6082,6082,"Vikram Bajwa, a benefits clerk who found a workaround",nb:Kew Gardens,inferred,a hearing room with bad chairs in Kew Gardens
6083,6083,"Xiuying Seo, a woman on month fourteen of an appeal",nb:Stapleton,inferred,a benefits office counter in Stapleton
6084,6084,"Grigore Petrovic, a caseworker with four hundred open files",key:foley_sq,inferred,a records basement off Foley Square
6085,6085,"Layal Farhat, a records room custodian who is the only index",nb:Concourse,inferred,a hearing room with bad chairs on the Grand Concourse
6086,6086,"Nunzio Halloran, a man whose case number is wrong in one system only",nb:Flatbush,inferred,a benefits office counter in Flatbush
6087,6087,"Ebony Greer, a woman who reads official letters aloud for her neighbours",nb:Financial District,inferred,a records basement in a downtown agency building
6088,6088,"Moshe Lieberman, a hearing officer who has stopped sleeping",nb:St. George,inferred,a hearing room with bad chairs in St. George
6089,6089,"Rinchen Ilagan, a man denied for a reason nobody can explain",nb:Long Island City,inferred,a benefits office counter in Long Island City
6090,6090,"Sekou Adeyemi, a translator for a hearing that is going badly",nb:Kew Gardens,inferred,a records basement at the Queens borough offices
6091,6091,The Man Who Was Right Once,nb:Sheepshead Bay,stated,"he is from Sheepshead Bay, at the kitchen table at dawn"
6092,6092,The Kid Trading at Lunch,nb:Eastchester,inferred,"the Bronx side of the Mount Vernon line, trading at lunch"
6093,6093,The Woman Who Got Out Quietly,nb:Riverdale,stated,"Owerri by way of Riverdale, on the platform not looking down"
6094,6094,The Man Who Sells the Faith,nb:Borough Park,stated,"he is from Borough Park, selling the faith in a rented room"
6095,6095,The Woman Who Lost the House,nb:Bay Ridge,stated,"she is from Bay Ridge, one good sofa from a bigger life"
6096,6096,"Merle Beaubrun, a seventeen year old trading under a lunch table",nb:Midtown,stated,a Midtown steakhouse table nobody else can afford
6097,6097,"Wilfredo Peralta, a man who was right once in 2020",nb:Financial District,stated,a Financial District lobby of marble
6098,6098,"Lakshmi Iqbal, a woman who quietly sold everything and tells nobody",nb:Sheepshead Bay,stated,the house keeps a Sheepshead Bay kitchen table
6099,6099,"Guo-Rong Kwon, a seminar host with a rented room and a hundred chairs",key:park_ave,stated,a Midtown steakhouse off Park Avenue
6100,6100,"Milena Vasilenko, a car service driver watching charts between fares",key:wall_street,stated,a Financial District lobby on Wall Street
6101,6101,"Leyla Bakhtiari, a woman who mortgaged the house on a certainty",nb:Sheepshead Bay,stated,the painting is set in a Sheepshead Bay kitchen table
6102,6102,"Nuala Belsky, a barber who takes tips in three currencies",key:lex_ave,stated,a Midtown steakhouse on Lexington
6103,6103,"Marvin Odom, a man running a group chat of four thousand believers",key:broad_st,stated,a Financial District lobby on Broad Street
6104,6104,"Esti Friedlander, a retiree who lost it and goes back every morning",nb:Sheepshead Bay,stated,a Sheepshead Bay kitchen table at three in the morning
6105,6105,"Tashi Sherpa, a young analyst who understands it and is horrified",key:third_ave,stated,a Midtown steakhouse on Third Avenue
6106,6106,"Aissatou Asante, a woman selling a course about a method that stopped working",key:maiden_lane,stated,a Financial District lobby on Maiden Lane
6107,6107,"Everton Pierre-Louis, a man who tattooed a chart on his forearm",nb:Sheepshead Bay,stated,the painting is set in a Sheepshead Bay kitchen table
6108,6108,"Milagros Marchena, a bodega owner who accepts it and hedges instantly",key:57th_st,stated,a Midtown steakhouse on 57th Street
6109,6109,"Nusrat Chakraborty, a woman whose whole family is invested because she said so",key:water_st,stated,a Financial District lobby on Water Street
6110,6110,"Feng Ishikawa, a man who calls it a community and means it",nb:Sheepshead Bay,stated,a Sheepshead Bay kitchen table with both phones down
6111,6111,"Nikolai Zielinski, a father explaining a liquidation to his kids",key:sixth_ave,stated,a Midtown steakhouse off Sixth Avenue
6112,6112,"Nadia Khalil, a woman who made it and cannot enjoy it",key:pearl_st,stated,a Financial District lobby on Pearl Street
6113,6113,"Carmine Vitale, a man who does not understand it and is all in",nb:Sheepshead Bay,stated,the painting is set in a Sheepshead Bay kitchen table
6114,6114,"Trina Mabry, a seventeen year old trading under a lunch table",key:herald_sq2,stated,a Midtown steakhouse by Herald Square
6115,6115,"Gedalia Katzenberg, a man who was right once in 2020",nb:Financial District,stated,a Financial District lobby of marble
6116,6116,"Ilagan Dorjee, a woman who quietly sold everything and tells nobody",nb:Sheepshead Bay,stated,a Sheepshead Bay kitchen table and a chart on the wall
6117,6117,"Mamadou Camara, a seminar host with a rented room and a hundred chairs",nb:Turtle Bay,stated,a Midtown steakhouse over in Turtle Bay
6118,6118,"Icilda Hyacinth, a car service driver watching charts between fares",key:wall_street,stated,a Financial District lobby on Wall Street
6119,6119,"Xiomara Nunez-Paz, a woman who mortgaged the house on a certainty",nb:Sheepshead Bay,stated,the painting is set in a Sheepshead Bay kitchen table
6120,6120,"Ayesha Sengupta, a barber who takes tips in three currencies",nb:Murray Hill,stated,a Midtown steakhouse down in Murray Hill
6121,6121,"Dae-ho Lim, a man running a group chat of four thousand believers",key:broad_st,stated,a Financial District lobby on Broad Street
6122,6122,"Agnieszka Kowalczyk, a retiree who lost it and goes back every morning",nb:Sheepshead Bay,stated,a Sheepshead Bay kitchen table before the checking
6123,6123,"Bassam Kholghi, a young analyst who understands it and is horrified",nb:Midtown,stated,a Midtown steakhouse table nobody else can afford
6124,6124,"Marguerite Pettigrew, a woman selling a course about a method that stopped working",key:maiden_lane,stated,a Financial District lobby on Maiden Lane
6125,6125,"Jermaine Pryor, a man who tattooed a chart on his forearm",nb:Sheepshead Bay,stated,the painting is set in a Sheepshead Bay kitchen table
6126,6126,"Leah Weiss, a bodega owner who accepts it and hedges instantly",key:park_ave,stated,a Midtown steakhouse off Park Avenue
6127,6127,"Aliyah Sarmiento, a woman whose whole family is invested because she said so",key:water_st,stated,a Financial District lobby on Water Street
6128,6128,"Uche Boateng, a man who calls it a community and means it",nb:Sheepshead Bay,stated,the house keeps a Sheepshead Bay kitchen table
6129,6129,"Fitzroy Grandison, a father explaining a liquidation to his kids",key:lex_ave,stated,a Midtown steakhouse on Lexington
6130,6130,"Yolanda Cordero, a woman who made it and cannot enjoy it",key:pearl_st,stated,a Financial District lobby on Pearl Street
6131,6131,"Tanveer Ramaswamy, a man who does not understand it and is all in",nb:Sheepshead Bay,stated,the painting is set in a Sheepshead Bay kitchen table
6132,6132,"Eun-ji Tran-Wu, a seventeen year old trading under a lunch table",key:third_ave,stated,a Midtown steakhouse on Third Avenue
6133,6133,"Emil Novotny, a man who was right once in 2020",nb:Financial District,stated,a Financial District lobby of marble
6134,6134,"Yasmin Ozturk, a woman who quietly sold everything and tells nobody",nb:Sheepshead Bay,stated,a Sheepshead Bay kitchen table at three in the morning
6135,6135,"Gennaro Kilbride, a seminar host with a rented room and a hundred chairs",key:57th_st,stated,a Midtown steakhouse on 57th Street
6136,6136,"Shanice Cheatham, a car service driver watching charts between fares",key:wall_street,stated,a Financial District lobby on Wall Street
6137,6137,"Faige Ackerman, a woman who mortgaged the house on a certainty",nb:Sheepshead Bay,stated,the painting is set in a Sheepshead Bay kitchen table
6138,6138,"Nilar Bhutia, a barber who takes tips in three currencies",key:sixth_ave,stated,a Midtown steakhouse off Sixth Avenue
6139,6139,"Kwesi Nwachukwu, a man running a group chat of four thousand believers",key:broad_st,stated,a Financial District lobby on Broad Street
6140,6140,"Verona Charlemagne, a retiree who lost it and goes back every morning",nb:Sheepshead Bay,stated,a Sheepshead Bay kitchen table with both phones down
6141,6141,The Barber Who Is the Block's Only Therapist,nb:Morrisania,stated,"he is from Morrisania, the shop full and the lease letter folded"
6142,6142,The Man Who Runs the Domino Table,nb:Mott Haven,inferred,"San Juan by way of the Bronx, the domino table set at seven"
6143,6143,The Bartender Who Knows Four Hundred Drinks,nb:Woodlawn Cemetery,stated,"he is from Woodlawn, last call with one coaster set out"
6144,6144,The Man Who Owns the Laundromat,nb:Sunset Park,stated,"Busan by way of Sunset Park, his chair at closing time"
6145,6145,The Woman Who Notices Who Did Not Come In,nb:Morrisania,stated,"she is from Morrisania, in the barbershop doorway"
6146,6146,"Octavio Villanueva, a barber who is the block's only therapist",nb:Ridgewood,stated,the house keeps a Ridgewood bar
6147,6147,"Fariha Bajwa, a bartender with a ledger of who has not come in",nb:Sunset Park,stated,the house keeps a Sunset Park laundromat
6148,6148,"Shinji Ueda, a laundromat owner in his plastic chair by the window",key:washington_sq,inferred,"a park chess table, Washington Square"
6149,6149,"Kazimierz Bogdanov, a man who runs the domino table and its unwritten rules",nb:Morrisania,inferred,a Bronx barbershop in Morrisania
6150,6150,"Nizar Osmani, a bodega cat's owner who is also everybody's uncle",nb:Ridgewood,stated,the painting is set in a Ridgewood bar
6151,6151,"Maeve Hollingsworth, a woman who runs a knitting circle in a community room",nb:Sunset Park,stated,the painting is set in a Sunset Park laundromat
6152,6152,"Andre Hollins, a pool hall owner with a room of green felt",key:tompkins,inferred,"a park chess table, Tompkins Square"
6153,6153,"Malka Shulman, a diner waitress on her twenty second year of the same counter",nb:Tremont,inferred,a Bronx barbershop in Tremont
6154,6154,"Sangay Abdrakhmanov, a church basement coffee hour volunteer",nb:Ridgewood,stated,a Ridgewood bar open at seven in the morning
6155,6155,"Efua Bah, a rec centre director who knows every kid's real situation",nb:Sunset Park,stated,"a Sunset Park laundromat, machines all stopped"
6156,6156,"Dwayne Beaubrun, a bocce court regular who has not missed a Sunday since 1994",key:prospect_park,inferred,"a park chess table, Prospect Park"
6157,6157,"Consuelo Salgado, a woman who runs a Saturday hair salon in her own kitchen",nb:Fordham,inferred,a Bronx barbershop near Fordham Road
6158,6158,"Devendra Raghunathan, a newsstand operator who is a switchboard for a whole corner",nb:Ridgewood,stated,the painting is set in a Ridgewood bar
6159,6159,"Lifen Fung, a chess hustler who is also the park's social worker",nb:Sunset Park,stated,the painting is set in a Sunset Park laundromat
6160,6160,"Tomasz Ilic, a man who opens the bar at seven for the night shift coming off",key:columbus_park,inferred,"a park chess table, Columbus Park"
6161,6161,"Dalia Jarrah, a woman who runs a mutual aid fridge and knows every regular",nb:Mott Haven,inferred,a Bronx barbershop in Mott Haven
6162,6162,"Mario Castellano, a bowling league captain holding a team together",nb:Ridgewood,stated,a Ridgewood bar on the last night of the lease
6163,6163,"Denise Danridge, a bathhouse attendant who has heard everything",nb:Sunset Park,stated,a Sunset Park laundromat and its plastic chair
6164,6164,"Yosef Silverstein, a barber who is the block's only therapist",key:union_sq,inferred,"a park chess table, Union Square"
6165,6165,"Editha Nyein, a bartender with a ledger of who has not come in",nb:Soundview,inferred,a Bronx barbershop in Soundview
6166,6166,"Obinna Toure, a laundromat owner in his plastic chair by the window",nb:Ridgewood,stated,the painting is set in a Ridgewood bar
6167,6167,"Rohan Hyacinth, a man who runs the domino table and its unwritten rules",nb:Sunset Park,stated,the painting is set in a Sunset Park laundromat
6168,6168,"Reynaldo Bustamante, a bodega cat's owner who is also everybody's uncle",key:marcus_garvey,inferred,"a park chess table, Marcus Garvey Park"
6169,6169,"Shabana Ramaswamy, a woman who runs a knitting circle in a community room",nb:Belmont,inferred,a Bronx barbershop in Belmont
6170,6170,"Zhen Seo, a pool hall owner with a room of green felt",nb:Ridgewood,stated,a Ridgewood bar with one seat kept empty
6171,6171,"Oksana Moroianu, a diner waitress on her twenty second year of the same counter",nb:Sunset Park,stated,a Sunset Park laundromat at closing
6172,6172,"Tarek Haddad, a church basement coffee hour volunteer",key:mccarren,inferred,"a park chess table, McCarren Park"
6173,6173,"Bridget Achterman, a rec centre director who knows every kid's real situation",nb:University Heights,inferred,a Bronx barbershop in University Heights
6174,6174,"Otis Greer, a bocce court regular who has not missed a Sunday since 1994",nb:Ridgewood,stated,the painting is set in a Ridgewood bar
6175,6175,"Rochel Berkowitz, a woman who runs a Saturday hair salon in her own kitchen",nb:Sunset Park,stated,the painting is set in a Sunset Park laundromat
6176,6176,"Jamyang Gurung, a newsstand operator who is a switchboard for a whole corner",key:fort_greene_park,inferred,"a park chess table, Fort Greene Park"
6177,6177,"Amara Achebe, a chess hustler who is also the park's social worker",nb:Highbridge,inferred,a Bronx barbershop in Highbridge
6178,6178,"Junior Charlemagne, a man who opens the bar at seven for the night shift coming off",nb:Ridgewood,stated,a Ridgewood bar at last call
6179,6179,"Marisol Arocho, a woman who runs a mutual aid fridge and knows every regular",nb:Sunset Park,stated,a Sunset Park laundromat with the folding tables empty
6180,6180,"Suresh Mahadevan, a bowling league captain holding a team together",key:flushing_meadows,inferred,"a park chess table, Flushing Meadows"
6181,6181,"Wei-Lin Hwang, a bathhouse attendant who has heard everything",nb:Parkchester,inferred,a Bronx barbershop in Parkchester
6182,6182,"Sergei Szabo, a barber who is the block's only therapist",nb:Ridgewood,stated,the painting is set in a Ridgewood bar
6183,6183,"Rania Ansari, a bartender with a ledger of who has not come in",nb:Sunset Park,stated,the painting is set in a Sunset Park laundromat
6184,6184,"Franco Fenwick, a laundromat owner in his plastic chair by the window",key:astoria_park,inferred,"a park chess table, Astoria Park"
6185,6185,"Darnell Mabry, a man who runs the domino table and its unwritten rules",nb:Melrose,inferred,a Bronx barbershop in Melrose
6186,6186,"Aaron Landau, a bodega cat's owner who is also everybody's uncle",nb:Ridgewood,stated,the house keeps a Ridgewood bar
6187,6187,"Cristeta Rai, a woman who runs a knitting circle in a community room",nb:Sunset Park,stated,the house keeps a Sunset Park laundromat
6188,6188,"Tunde Asante, a pool hall owner with a room of green felt",key:van_cortlandt_p,inferred,"a park chess table, Van Cortlandt Park"
6189,6189,"Pearline Bonaparte, a diner waitress on her twenty second year of the same counter",nb:Longwood,inferred,a Bronx barbershop in Longwood
6190,6190,"Bernardo Ocampo, a church basement coffee hour volunteer",nb:Ridgewood,stated,the painting is set in a Ridgewood bar
6191,6191,The Welder Forty Floors Up,nb:Greenpoint,stated,"second generation Greenpoint, welding forty floors up at dawn"
6192,6192,The Scaffolder Whose Work Is Never Seen,nb:Highbridge,stated,"Bamako by way of Highbridge, a half built scaffold at dawn"
6193,6193,The Electrician Who Reads a Building's History,nb:Ozone Park,stated,"Enugu by way of Ozone Park, an open panel layered like sediment"
6194,6194,The Man Whose Father Fell,nb:Maspeth,stated,"he is from Maspeth, tying off and checking the clip twice"
6195,6195,The Man Working the Same Height Without a Union,nb:Sunset Park,stated,"Puebla by way of Sunset Park, on a plank beside a union crew"
6196,6196,"Rukhsana Raghunathan, a welder forty floors up at dawn",nb:Upper West Side,inferred,a scaffold at dawn on the Upper West Side
6197,6197,"Yosuke Tran-Wu, an electrician reading a panel like a diary",key:hudson_yards,inferred,a supertall top floor over Hudson Yards
6198,6198,"Radmila Petrovic, a scaffolder building the most invisible object in New York",key:second_ave,inferred,a street cut open on Second Avenue
6199,6199,"Jamil Zaman, a crane operator alone in a cab above everything",nb:Harlem,inferred,a scaffold at dawn in Harlem
6200,6200,"Nora Wren, a rebar tier working in a rhythm that looks like dancing",key:57th_st,inferred,a supertall top floor on 57th Street
6201,6201,"Kelvin Wilkes, a glazier setting a pane the size of a room",key:canal_st,inferred,a street cut open on Canal Street
6202,6202,"Sarala Teitelbaum, a plumber under a street with a hundred year old main",nb:Chelsea,inferred,a scaffold at dawn in Chelsea
6203,6203,"Zaw Villanueva-Cruz, a mason cutting stone to match 1911",key:nypl,inferred,cutting stone to match a block laid in 1911
6204,6204,"Adaeze Sy, a sandhog three hundred feet under the city",key:van_cortlandt_p,inferred,a sandhog at the deep water tunnel shaft
6205,6205,"Damion Bonaparte, an elevator mechanic on top of a car in a shaft",key:empire_state,inferred,an elevator mechanic on top of a car in an old shaft
6206,6206,"Paloma Betancourt, a roofer in August with tar and no shade",nb:Midtown,inferred,a supertall top floor above Midtown
6207,6207,"Arjun Chowdhury, a demolition worker taking apart what his father built",key:queens_blvd,inferred,a street cut open on Queens Boulevard
6208,6208,"Mei Yamashita, a surveyor holding the line in traffic",nb:Tribeca,inferred,a scaffold at dawn in Tribeca
6209,6209,"Miroslav Melnyk, a locksmith for the whole subway system",key:subway_system,stated,a locksmith for the whole subway system
6210,6210,"Zahra Chalabi, a bridge painter who never finishes because it starts again",key:verrazzano,inferred,a bridge painter who starts again the day he finishes
6211,6211,"Silvio Moran, an ironworker whose grandmother did the same trade",nb:Astoria,inferred,a scaffold at dawn in Astoria
6212,6212,"Adrienne Rucker, a woman running a crew of eleven men",key:wtc,inferred,a supertall top floor downtown
6213,6213,"Mendel Rubinstein, a carpenter framing a room he will never see finished",key:flatbush_ave,inferred,a street cut open on Flatbush Avenue
6214,6214,"Grace Gyaltsen, a welder forty floors up at dawn",nb:Bushwick,inferred,a scaffold at dawn in Bushwick
6215,6215,"Boubacar Bah, an electrician reading a panel like a diary",nb:Long Island City,inferred,a supertall top floor over Long Island City
6216,6216,"Yvonne Saint-Fleur, a scaffolder building the most invisible object in New York",key:grand_concourse,inferred,a street cut open on the Grand Concourse
6217,6217,"Gustavo Trejo, a crane operator alone in a cab above everything",nb:Crown Heights,inferred,a scaffold at dawn in Crown Heights
6218,6218,"Parveen Mahadevan, a rebar tier working in a rhythm that looks like dancing",nb:Downtown Brooklyn,inferred,a supertall top floor over Downtown Brooklyn
6219,6219,"Sung-min Fung, a glazier setting a pane the size of a room",key:atlantic_ave,inferred,a street cut open on Atlantic Avenue
6220,6220,"Wanda Zielinski, a plumber under a street with a hundred year old main",nb:Flushing,inferred,a scaffold at dawn in Flushing
6221,6221,"Ghassan Nasrallah, a mason cutting stone to match 1911",key:st_john_divine,inferred,cutting stone to match a block laid in 1911
6222,6222,"Colleen Prendergast, a sandhog three hundred feet under the city",key:central_park,inferred,a sandhog at the water tunnel shaft under the park
6223,6223,"Maurice Cheatham, an elevator mechanic on top of a car in a shaft",key:chrysler,inferred,an elevator mechanic on top of a car in an old shaft
6224,6224,"Nechama Lieberman, a roofer in August with tar and no shade",key:park_ave,inferred,a supertall top floor on Park Avenue
6225,6225,"Norbu Tsering, a demolition worker taking apart what his father built",key:roosevelt_ave,inferred,a street cut open under the Roosevelt Avenue el
6226,6226,"Ngozi Balogun, a surveyor holding the line in traffic",nb:St. George,inferred,a scaffold at dawn in St. George
6227,6227,"Desmond Saint-Fleur, a locksmith for the whole subway system",key:subway_system,stated,a locksmith for the whole subway system
6228,6228,"Rosalba Zambrano, a bridge painter who never finishes because it starts again",key:whitestone_bridge,inferred,a bridge painter who never gets to the end
6229,6229,"Mahesh Bhattacharya, an ironworker whose grandmother did the same trade",nb:Riverdale,inferred,a scaffold at dawn in Riverdale
6230,6230,"Soo-jin Cheung, a woman running a crew of eleven men",nb:Financial District,inferred,a supertall top floor in the Financial District
6231,6231,"Yaroslav Dabrowski, a carpenter framing a room he will never see finished",key:hylan,inferred,a street cut open on Hylan Boulevard
6232,6232,"Amira Barakat, a welder forty floors up at dawn",nb:Jackson Heights,inferred,a scaffold at dawn in Jackson Heights
6233,6233,"Aldo Belsky, an electrician reading a panel like a diary",key:hudson_yards,inferred,a supertall top floor over Hudson Yards
6234,6234,"Bernice Sealy, a scaffolder building the most invisible object in New York",key:jerome_ave,inferred,a street cut open on Jerome Avenue
6235,6235,"Ephraim Schneerson, a crane operator alone in a cab above everything",nb:Park Slope,inferred,a scaffold at dawn in Park Slope
6236,6236,"Pema Khaing, a rebar tier working in a rhythm that looks like dancing",key:57th_st,inferred,a supertall top floor on 57th Street
6237,6237,"Segun Achebe, a glazier setting a pane the size of a room",key:nostrand,inferred,a street cut open on Nostrand Avenue
6238,6238,"Marcia Whyte, a plumber under a street with a hundred year old main",nb:East Harlem,inferred,a scaffold at dawn in East Harlem
6239,6239,"Hipolito Castellanos, a mason cutting stone to match 1911",key:grand_central,inferred,cutting stone to match a block laid in 1911
6240,6240,"Zainab Chowdhury, a sandhog three hundred feet under the city",nb:Kingsbridge,inferred,a sandhog three hundred feet under Kingsbridge
6241,6241,The Nurse Who Sees Both in the Same Hour,nb:Sunset Park,stated,nurse from Sunset Park working the clinic and the ER
6242,6242,The Woman Buying More Years,nb:Tribeca,stated,she is from Tribeca and buying more years
6243,6243,The Man Who Has Not Seen a Dentist in Eleven Years,nb:East New York,stated,"from East New York, eleven years without a dentist"
6244,6244,The Woman Translating Her Own Diagnosis,nb:Richmond Hill,stated,"Kochi by way of Richmond Hill, translating her diagnosis"
6245,6245,The Paramedic Who Knows Both Addresses,nb:Bushwick,stated,Bushwick paramedic who knows the addresses
6246,6246,"Hyun-woo Hwang, a longevity clinic patient with a full protocol and no friends",nb:Washington Heights,inferred,a Washington Heights pharmacy line
6247,6247,"Bogdan Stanescu, a man who has not seen a dentist in eleven years",nb:Midtown,stated,a Midtown longevity clinic
6248,6248,"Ayman Karimi, an emergency room nurse who sees both in one hour",key:bellevue,inferred,the emergency room at Bellevue
6249,6249,"Deirdre Buonocore, a woman translating her own diagnosis in a notebook",nb:Bay Ridge,inferred,a Bay Ridge pharmacy line
6250,6250,"Lamont Danridge, a paramedic who can predict the outcome from the address",key:park_ave,inferred,a Park Avenue longevity clinic
6251,6251,"Perel Katzenberg, a diabetic rationing supplies on the fifteenth of the month",nb:Mott Haven,inferred,a South Bronx emergency room
6252,6252,"Tenzin Lama, a personal trainer to people who will live to a hundred",nb:Jackson Heights,inferred,a Jackson Heights pharmacy counter
6253,6253,"Folasade Cisse, a woman who runs a free clinic on Saturdays",nb:Murray Hill,inferred,a Murray Hill longevity clinic
6254,6254,"Winston Whyte, a man in a wheelchair navigating a station with no elevator",nb:Elmhurst,inferred,the Elmhurst hospital emergency room
6255,6255,"Esperanza Escalante, a pharmacist who quietly covers a copay",nb:Brownsville,inferred,a Brownsville pharmacy line
6256,6256,"Anjali Bhattacharya, a woman on a transplant list with a phone that must stay charged",key:57th_st,inferred,a 57th Street longevity clinic
6257,6257,"Xiaoling Oh, a deaf patient waiting for an interpreter who will not come",nb:Flatbush,inferred,a Flatbush emergency room waiting area
6258,6258,"Piotr Horvat, a man who found out at a free screening in a church basement",nb:Ridgewood,inferred,a Ridgewood pharmacy line
6259,6259,"Hoda Kaya, a woman who has become an expert in her own rare condition",nb:Turtle Bay,inferred,a Turtle Bay longevity clinic
6260,6260,"Enzo Pettigrew, a physical therapist working with someone who will not walk again",nb:Jamaica,inferred,a Jamaica hospital emergency room
6261,6261,"Yolanda Foster-Ames, a hospital chaplain who is the last person in a lot of rooms",nb:Canarsie,inferred,a Canarsie pharmacy line
6262,6262,"Rivka Silverstein, a woman doing dialysis three times a week before work",nb:Midtown,stated,a Midtown longevity clinic
6263,6263,"Nurlan Aung-Thein, a man who bikes everywhere because it is the only care he can afford",nb:Harlem,inferred,a Harlem emergency room at hour four
6264,6264,"Chidi Sy, a longevity clinic patient with a full protocol and no friends",nb:Tremont,inferred,a Tremont pharmacy line
6265,6265,"Rupert Achille, a man who has not seen a dentist in eleven years",key:park_ave,inferred,a Park Avenue longevity clinic
6266,6266,"Ismael Rivas, an emergency room nurse who sees both in one hour",nb:Fordham,inferred,a Fordham emergency room
6267,6267,"Kavitha Siddiqui, a woman translating her own diagnosis in a notebook",nb:St. George,inferred,a St. George pharmacy line
6268,6268,"Kenji Yamashita, a paramedic who can predict the outcome from the address",nb:Murray Hill,inferred,a Murray Hill longevity clinic
6269,6269,"Jadwiga Novotny, a diabetic rationing supplies on the fifteenth of the month",nb:Borough Park,inferred,a Borough Park hospital emergency room
6270,6270,"Osman Sabbagh, a personal trainer to people who will live to a hundred",nb:Midwood,inferred,a Midwood pharmacy line
6271,6271,"Fiona Feeney, a woman who runs a free clinic on Saturdays",key:57th_st,inferred,a 57th Street longevity clinic
6272,6272,"Booker Rucker, a man in a wheelchair navigating a station with no elevator",nb:Astoria,inferred,an Astoria emergency room
6273,6273,"Shoshana Landau, a pharmacist who quietly covers a copay",nb:Corona,inferred,a Corona pharmacy line
6274,6274,"Dolma Thapa, a woman on a transplant list with a phone that must stay charged",nb:Turtle Bay,inferred,a Turtle Bay longevity clinic
6275,6275,"Aminata Adeleke, a deaf patient waiting for an interpreter who will not come",nb:Stapleton,inferred,the Staten Island emergency room
6276,6276,"Delroy Bascombe, a man who found out at a free screening in a church basement",nb:Inwood,inferred,an Inwood pharmacy line
6277,6277,"Yesenia Sandoval, a woman who has become an expert in her own rare condition",nb:Midtown,stated,a Midtown longevity clinic
6278,6278,"Naveen Siddiqui, a physical therapist working with someone who will not walk again",nb:East Harlem,inferred,an East Harlem emergency room
6279,6279,"Lian Kobayashi, a hospital chaplain who is the last person in a lot of rooms",nb:East Flatbush,inferred,an East Flatbush pharmacy line
6280,6280,"Svetlana Bogdanov, a woman doing dialysis three times a week before work",key:park_ave,inferred,a Park Avenue longevity clinic
6281,6281,"Hakim Mansour, a man who bikes everywhere because it is the only care he can afford",nb:Morningside Heights,inferred,a Morningside Heights emergency room
6282,6282,"Salvatore Hollingsworth, a longevity clinic patient with a full protocol and no friends",nb:Soundview,inferred,a Soundview pharmacy line
6283,6283,"Ossie Foster-Ames, a man who has not seen a dentist in eleven years",nb:Murray Hill,inferred,a Murray Hill longevity clinic
6284,6284,"Zev Halpern, an emergency room nurse who sees both in one hour",nb:Sunset Park,inferred,a Sunset Park emergency room
6285,6285,"Sonam Macaraeg, a woman translating her own diagnosis in a notebook",nb:Woodhaven,inferred,a Woodhaven pharmacy line
6286,6286,"Emeka Balogun, a paramedic who can predict the outcome from the address",key:57th_st,inferred,a 57th Street longevity clinic
6287,6287,"Camille Achille, a diabetic rationing supplies on the fifteenth of the month",nb:Morris Park,inferred,a Morris Park emergency room
6288,6288,"Ruben Guzman, a personal trainer to people who will live to a hundred",nb:Bushwick,inferred,a Bushwick pharmacy line
6289,6289,"Meera Venkatesan, a woman who runs a free clinic on Saturdays",nb:Turtle Bay,inferred,a Turtle Bay longevity clinic
6290,6290,"Bo Cheung, a man in a wheelchair navigating a station with no elevator",nb:Coney Island,inferred,the Coney Island hospital emergency room
6291,6291,The Man Who Was in a Video He Was Never In,nb:Laurelton,stated,"he is from Laurelton, Queens"
6292,6292,The Woman Who Authenticates by Smell,nb:Flatbush,stated,"Lagos by way of Flatbush, she authenticates by smell"
6293,6293,The Notary Whose Stamp Still Means Something,nb:Sunnyside,stated,"Bucharest by way of Sunnyside, the notary with the seal"
6294,6294,The Woman Who Verifies for a Living,nb:Astoria,stated,Astoria verification analyst at a desk of panels
6295,6295,The Priest Who Is Asked to Witness,nb:Melrose,stated,"Ibadan by way of the Bronx, a church hall in Melrose"
6296,6296,"Iryna Ilic, a sneaker authenticator who works by smell",key:foley_sq,inferred,the courts and precinct benches at Foley Square
6297,6297,"Waleed Aziz, a notary whose brass seal still means something",nb:Jackson Heights,inferred,a Jackson Heights storefront notary desk
6298,6298,"Gus Achterman, a man who appeared in a video he was never in",nb:SoHo,inferred,a SoHo authentication room
6299,6299,"Curtis Pinkney, a verification analyst who no longer believes any source",nb:Midtown,inferred,a Midtown precinct waiting bench
6300,6300,"Devorah Rubinstein, an art authenticator with a loupe and a reputation",nb:Sunset Park,inferred,a Sunset Park notary desk
6301,6301,"Rosario Wangdu, a woman whose voice was cloned for a scam call to her mother",key:canal_st,inferred,authentication work off Canal Street
6302,6302,"Yaa Danquah, a forensic video examiner who works for both sides",nb:Harlem,inferred,a Harlem precinct waiting bench
6303,6303,"Errol Jean-Baptiste, a document examiner who can date paper by touch",nb:Flushing,inferred,a Flushing notary desk
6304,6304,"Rafael Marchena, a priest asked to witness signatures all day",nb:Chelsea,inferred,a Chelsea gallery authentication room
6305,6305,"Deepa Rahman, a woman who keeps timestamped records of her own life",nb:Bedford-Stuyvesant,inferred,a Bedford-Stuyvesant precinct waiting bench
6306,6306,"Ming-hua Ng, a locksmith asked to prove somebody lives somewhere",nb:Washington Heights,inferred,a Washington Heights notary desk
6307,6307,"Andrei Kovalenko, a man who lost a job over something that never happened",nb:Long Island City,inferred,a Long Island City authentication room
6308,6308,"Salma Demir, a fact checker at a publication with two of them left",nb:Brownsville,inferred,a Brownsville precinct waiting bench
6309,6309,"Eileen Stavrakis, a woman who authenticates handbags for a living and hates it",nb:Jamaica,inferred,a Jamaica Avenue notary desk
6310,6310,"Malachi Coates, a man who runs a service proving people are alive",key:diamond,inferred,the Diamond District loupe and verdict
6311,6311,"Shmuel Kravitz, a court reporter who is the only literal record",nb:Astoria,inferred,an Astoria precinct waiting bench
6312,6312,"Thida Ilagan, a woman who photographs everything before signing anything",key:canal_st,inferred,a Canal Street notary and stamp shop
6313,6313,"Kwabena Cisse, a man whose alibi is a receipt he almost threw away",nb:Tribeca,inferred,a Tribeca authentication room
6314,6314,"Shantel Bascombe, a sneaker authenticator who works by smell",nb:Canarsie,inferred,a Canarsie precinct waiting bench
6315,6315,"Aurelio Nunez-Paz, a notary whose brass seal still means something",nb:Bushwick,inferred,a Bushwick notary desk
6316,6316,"Gopal Venkatesan, a man who appeared in a video he was never in",nb:Greenpoint,inferred,a Greenpoint authentication room
6317,6317,"Haruki Oh, a verification analyst who no longer believes any source",nb:Tremont,inferred,a Tremont precinct waiting bench
6318,6318,"Katarzyna Szabo, an art authenticator with a loupe and a reputation",nb:Corona,inferred,a Corona notary desk
6319,6319,"Lina Kholghi, a woman whose voice was cloned for a scam call to her mother",nb:Sunset Park,inferred,a Sunset Park warehouse authentication room
6320,6320,"Aileen Quilty, a forensic video examiner who works for both sides",nb:Coney Island,inferred,a Coney Island precinct waiting bench
6321,6321,"Tre Devereaux, a document examiner who can date paper by touch",nb:Richmond Hill,inferred,a Richmond Hill notary desk
6322,6322,"Eli Feldman, a priest asked to witness signatures all day",nb:Maspeth,inferred,a Maspeth authentication room
6323,6323,"Analiza Sherpa, a woman who keeps timestamped records of her own life",nb:East New York,inferred,an East New York precinct waiting bench
6324,6324,"Chinelo Keita, a locksmith asked to prove somebody lives somewhere",nb:Bensonhurst,inferred,a Bensonhurst notary desk
6325,6325,"Anselm Springer, a man who lost a job over something that never happened",key:garment,inferred,a Garment District authentication room
6326,6326,"Dulce Almonte, a fact checker at a publication with two of them left",nb:Inwood,inferred,an Inwood precinct waiting bench
6327,6327,"Priya Qureshi, a woman who authenticates handbags for a living and hates it",nb:Brighton Beach,inferred,a Brighton Beach notary desk
6328,6328,"Jae-won Kobayashi, a man who runs a service proving people are alive",key:madison_ave,inferred,a Madison Avenue authentication room
6329,6329,"Lech Adamczyk, a court reporter who is the only literal record",nb:Ridgewood,inferred,a Ridgewood precinct waiting bench
6330,6330,"Maryam Osmani, a woman who photographs everything before signing anything",nb:Mott Haven,inferred,a Mott Haven notary desk
6331,6331,"Vincent Wren, a man whose alibi is a receipt he almost threw away",nb:Williamsburg,inferred,a Williamsburg authentication room
6332,6332,"Aaliyah Pinkney, a sneaker authenticator who works by smell",nb:Stapleton,inferred,a Stapleton precinct waiting bench
6333,6333,"Naftali Blum, a notary whose brass seal still means something",nb:St. George,inferred,a St. George notary desk
6334,6334,"Aung Dorjee, a man who appeared in a video he was never in",key:crosby,inferred,a Crosby Street authentication room
6335,6335,"Ousmane Adeleke, a verification analyst who no longer believes any source",nb:Soundview,inferred,a Soundview precinct waiting bench
6336,6336,"Odessa Jean-Baptiste, an art authenticator with a loupe and a reputation",nb:Elmhurst,inferred,an Elmhurst notary desk
6337,6337,"Araceli Peralta, a woman whose voice was cloned for a scam call to her mother",nb:Downtown Brooklyn,inferred,a Downtown Brooklyn authentication room
6338,6338,"Sunita Krishnamurthy, a forensic video examiner who works for both sides",nb:Kingsbridge,inferred,a Kingsbridge precinct waiting bench
6339,6339,"Takeshi Ng, a document examiner who can date paper by touch",nb:East Elmhurst,inferred,an East Elmhurst notary desk
6340,6340,"Dragan Danylchenko, a priest asked to witness signatures all day",nb:Financial District,inferred,a Financial District authentication room
6341,6341,The Nurse on Her Third Day,key:jfk,stated,"nurse on her third day, arrivals hall at JFK"
6342,6342,The Boy From Ohio Who Has Not Told Anyone,nb:Ridgewood,stated,Ohio boy on a mattress in a first Queens apartment
6343,6343,The Woman Whose Family Is in Four Bags,nb:Elmhurst,stated,"Oran by way of a Queens hallway, four bags in Elmhurst"
6344,6344,The Man Who Was Somebody Where He Came From,nb:Brighton Beach,stated,Odesa by way of Brighton Beach
6345,6345,The Woman on Her Second Week and Already Helping,nb:Far Rockaway,stated,"Abuja by way of Far Rockaway, twelve days in"
6346,6346,"Rima Haddad, a nurse on her third day in the country",nb:Sunset Park,inferred,a first empty apartment in Sunset Park
6347,6347,"Rocco Prendergast, a boy from Ohio who has told nobody he is terrified",key:jfk,stated,the arrivals hall at JFK
6348,6348,"Deshawn Starks, a family whose life is in four bags in a hallway",nb:Elmhurst,inferred,an Elmhurst hallway with four bags
6349,6349,"Boruch Mandelbaum, a man who was a professor and is now on a shift",nb:Bushwick,inferred,a first empty apartment in Bushwick
6350,6350,"Karma Sarmiento, a student who arrived for a program that fell through",key:lga,inferred,the arrivals hall at LaGuardia
6351,6351,"Fatoumata Eze, a woman who has been here eleven days and has nine friends",nb:Corona,inferred,a Corona hallway and a key that will not turn
6352,6352,"Clive Dorsainvil, a man meeting a cousin he has never seen at an arrivals gate",nb:Washington Heights,inferred,a first empty apartment in Washington Heights
6353,6353,"Maribel Villanueva, a woman whose first job is the one she took at the airport",key:jfk,stated,an arrivals gate at JFK
6354,6354,"Kiran Rahman, a teenager who did not choose to come",nb:Jackson Heights,inferred,a Jackson Heights hallway
6355,6355,"Yun Jeong, a man sleeping on a floor until the first paycheck",nb:Mott Haven,inferred,a first empty apartment in Mott Haven
6356,6356,"Ludmila Melnyk, a woman who cried on the train and is fine now",key:twa,inferred,the old TWA arrivals side at JFK
6357,6357,"Nour Zaman, a chef whose cuisine has no restaurant here yet",nb:Woodside,inferred,a Woodside hallway
6358,6358,"Angelo Buonocore, a man who sends ninety percent home",nb:Flatbush,inferred,a first empty apartment in Flatbush
6359,6359,"Latasha Coates, a woman learning the transfer at a station map",key:jfk,stated,a first job taken inside JFK
6360,6360,"Yitzchak Zilberman, a couple who arrived together and are not doing equally well",nb:Sunnyside,inferred,a Sunnyside hallway
6361,6361,"Ngawang Bhutia, a man who has been here a month and already gives directions",nb:Kensington,inferred,a first empty apartment in Kensington
6362,6362,"Adjoa Sanogo, a woman whose profession does not transfer",key:lga,inferred,an arrivals hall at LaGuardia
6363,6363,"Neville Blackman, a boy on his first day at a school where nobody speaks his language",nb:Flushing,inferred,a Flushing hallway
6364,6364,"Soledad Quispe, a nurse on her third day in the country",nb:Bensonhurst,inferred,a first empty apartment in Bensonhurst
6365,6365,"Imran Pillai, a boy from Ohio who has told nobody he is terrified",key:jfk,stated,the arrivals hall at JFK
6366,6366,"Chen Xu, a family whose life is in four bags in a hallway",nb:Richmond Hill,inferred,a Richmond Hill hallway
6367,6367,"Vladan Wierzbicki, a man who was a professor and is now on a shift",nb:East Flatbush,inferred,a first empty apartment in East Flatbush
6368,6368,"Fadi Farhat, a student who arrived for a program that fell through",key:lga,inferred,the arrivals hall at LaGuardia
6369,6369,"Roisin Donnelly, a woman who has been here eleven days and has nine friends",nb:Jamaica,inferred,a Jamaica hallway
6370,6370,"Rashad Ellis, a man meeting a cousin he has never seen at an arrivals gate",nb:Crown Heights,inferred,a first empty apartment in Crown Heights
6371,6371,"Chana Schneerson, a woman whose first job is the one she took at the airport",key:jfk,stated,an arrivals gate at JFK
6372,6372,"Lhakpa Nyein, a teenager who did not choose to come",nb:East Elmhurst,inferred,an East Elmhurst hallway
6373,6373,"Ibrahim Danquah, a man sleeping on a floor until the first paycheck",nb:Inwood,inferred,a first empty apartment in Inwood
6374,6374,"Lurline Springer, a woman who cried on the train and is fine now",key:twa,inferred,the old TWA arrivals side at JFK
6375,6375,"Damaris Bustamante, a chef whose cuisine has no restaurant here yet",nb:Rego Park,inferred,a Rego Park hallway
6376,6376,"Sohail Qureshi, a man who sends ninety percent home",nb:Norwood,inferred,a first empty apartment in Norwood
6377,6377,"Sora Jeong, a woman learning the transfer at a station map",key:jfk,stated,a first job taken inside JFK
6378,6378,"Marek Wozniak, a couple who arrived together and are not doing equally well",nb:Ozone Park,inferred,an Ozone Park hallway
6379,6379,"Halim Bakhtiari, a man who has been here a month and already gives directions",nb:Cypress Hills,inferred,a first empty apartment in Cypress Hills
6380,6380,"Bernadette Ferrante, a woman whose profession does not transfer",key:lga,inferred,an arrivals hall at LaGuardia
6381,6381,"Terrence Pratt, a boy on his first day at a school where nobody speaks his language",nb:South Ozone Park,inferred,a South Ozone Park hallway
6382,6382,"Miriam Halpern, a nurse on her third day in the country",nb:Stapleton,inferred,a first empty apartment in Stapleton
6383,6383,"Dorje Rai, a boy from Ohio who has told nobody he is terrified",key:jfk,stated,the arrivals hall at JFK
6384,6384,"Kofi Keita, a family whose life is in four bags in a hallway",nb:Ridgewood,inferred,a Ridgewood hallway
6385,6385,"Lloyd Baptiste, a man who was a professor and is now on a shift",nb:Tremont,inferred,a first empty apartment in Tremont
6386,6386,"Cesar Cordero, a student who arrived for a program that fell through",key:lga,inferred,the arrivals hall at LaGuardia
6387,6387,"Mehreen Bhandari, a woman who has been here eleven days and has nine friends",nb:Astoria,inferred,an Astoria hallway
6388,6388,"Guo-Rong Chow, a man meeting a cousin he has never seen at an arrivals gate",nb:Highbridge,inferred,a first empty apartment in Highbridge
6389,6389,"Danuta Dabrowski, a woman whose first job is the one she took at the airport",key:jfk,stated,an arrivals gate at JFK
6390,6390,"Karim Khalil, a teenager who did not choose to come",nb:Far Rockaway,inferred,a Far Rockaway hallway
6391,6391,The Dispatcher Who Has Not Seen Him Awake Since 2019,nb:Woodside,stated,Woodside dispatcher coming off the overnight
6392,6392,The Man in the Bridge Booth,nb:Inwood,stated,"from Inwood, the man in the lit bridge booth"
6393,6393,The Woman Stocking the Aisles at Three,nb:Jamaica,stated,"Aba by way of Jamaica, stocking aisles at three"
6394,6394,The Driver Who Owns the Depot's Silence,nb:Rosedale,stated,"Jacmel by way of Rosedale, depot before dawn"
6395,6395,The Woman Who Cleans the Offices,nb:Greenpoint,stated,"Lodz by way of Greenpoint, cleaning offices at midnight"
6396,6396,"Siobhan Halloran, a dispatcher who runs a whole borough by radio",key:verrazzano,inferred,a toll booth on the Verrazzano at three
6397,6397,"Marvin Bridges, a bridge toll operator in a booth the size of a phone box",nb:Kensington,inferred,a Kensington supermarket aisle at three
6398,6398,"Bracha Kravitz, an overnight stocker in an aisle of blank white packages",nb:East New York,inferred,the East New York bus depot before dawn
6399,6399,"Rinchen Delos-Reyes, a bus depot driver at four thirty in the morning",nb:Long Island City,inferred,a Long Island City dispatch room
6400,6400,"Nneka Okonkwo, an office cleaner alone on a lit floor at midnight",key:throgs_bridge,inferred,a toll booth on the Throgs Neck Bridge
6401,6401,"Everton Toussaint, a night security guard doing a route he could walk asleep",nb:Bay Ridge,inferred,a Bay Ridge supermarket aisle at three
6402,6402,"Perla Ocampo, a bakery night shift starting at one",nb:Gravesend,inferred,the Ulmer Park bus depot in Gravesend
6403,6403,"Farhan Krishnamurthy, a hotel night auditor who sees the city's whole personality",nb:Maspeth,inferred,a Maspeth dispatch room
6404,6404,"Akiko Xu, a subway track worker in a tunnel with a lantern",key:whitestone_bridge,inferred,a toll booth on the Whitestone Bridge
6405,6405,"Zofia Stanescu, a woman who works two overnights and one day job",nb:Middle Village,inferred,a Middle Village warehouse aisle at three
6406,6406,"Souad Nasrallah, a morgue attendant who is unfailingly gentle",nb:Sunset Park,inferred,the Sunset Park bus depot
6407,6407,"Dominic Feeney, a radio host broadcasting to insomniacs",nb:Downtown Brooklyn,inferred,a Downtown Brooklyn dispatch room
6408,6408,"Cheryl Devereaux, a fuel truck driver refuelling a sleeping city",key:triboro,inferred,a toll booth on the RFK Bridge
6409,6409,"Tova Feldman, a woman who cleans a school after everybody has gone",nb:Throgs Neck,inferred,a Throgs Neck supermarket aisle at three
6410,6410,"Bayarmaa Abdrakhmanov, a night court clerk",nb:Maspeth,inferred,the Grand Avenue bus depot in Maspeth
6411,6411,"Babatunde Eze, a street sweeper operator with the whole avenue to himself",nb:Fort Greene,inferred,a Fort Greene dispatch room
6412,6412,"Petronella Dorsainvil, a woman who answers a crisis line from two to eight",key:marine_pkwy,inferred,a toll booth on the Marine Parkway Bridge
6413,6413,"Nestor Salgado, a man who turns the lights on for the whole building",nb:New Springville,inferred,a New Springville warehouse aisle at three
6414,6414,"Lakshmi Hossain, a dispatcher who runs a whole borough by radio",nb:Corona,inferred,the Casey Stengel bus depot by Corona
6415,6415,"Feng Baek, a bridge toll operator in a booth the size of a phone box",nb:Midtown,inferred,a Midtown radio desk through the night
6416,6416,"Nadia Horvat, an overnight stocker in an aisle of blank white packages",key:goethals,inferred,a toll booth on the Goethals Bridge
6417,6417,"Reza Ozturk, a bus depot driver at four thirty in the morning",nb:Marine Park,inferred,a Marine Park supermarket aisle at three
6418,6418,"Kathleen Vitale, an office cleaner alone on a lit floor at midnight",nb:Queens Village,inferred,the Queens Village bus depot
6419,6419,"Jermaine Ballard, a night security guard doing a route he could walk asleep",nb:Sunnyside,inferred,a Sunnyside dispatch room
6420,6420,"Esti Blum, a bakery night shift starting at one",key:outerbridge,inferred,a toll booth at the Outerbridge Crossing
6421,6421,"Tashi Gyaltsen, a hotel night auditor who sees the city's whole personality",nb:Whitestone,inferred,a Whitestone supermarket aisle at three
6422,6422,"Abena Mensah, a subway track worker in a tunnel with a lantern",nb:Far Rockaway,inferred,the Far Rockaway bus depot
6423,6423,"Maureen Blackman, a woman who works two overnights and one day job",nb:Mott Haven,inferred,a Mott Haven dispatch room
6424,6424,"Milagros Castellanos, a morgue attendant who is unfailingly gentle",key:bayonne_bridge,inferred,a toll booth on the Bayonne Bridge
6425,6425,"Asif Bhandari, a radio host broadcasting to insomniacs",nb:Bayside,inferred,a Bayside supermarket aisle at three
6426,6426,"Min-seo Chow, a fuel truck driver refuelling a sleeping city",nb:Kingsbridge,inferred,the Kingsbridge bus depot
6427,6427,"Vesna Kovalenko, a woman who cleans a school after everybody has gone",nb:Jamaica,inferred,a Jamaica dispatch room
6428,6428,"Layal Karimi, a night court clerk",key:cross_bay,inferred,a toll booth on the Cross Bay Bridge road
6429,6429,"Nunzio Stavrakis, a street sweeper operator with the whole avenue to himself",nb:Glendale,inferred,a Glendale warehouse aisle at three
6430,6430,"Nikki Starks, a woman who answers a crisis line from two to eight",nb:West Farms,inferred,the West Farms bus depot
6431,6431,"Dov Rosenblatt, a man who turns the lights on for the whole building",key:red_hook_b,inferred,a Red Hook dispatch room
6432,6432,"Yangzom Gurung, a dispatcher who runs a whole borough by radio",key:midtown_tunnel,inferred,a lit booth at the Queens Midtown Tunnel
6433,6433,"Sekou Sanogo, a bridge toll operator in a booth the size of a phone box",nb:Howard Beach,inferred,a Howard Beach supermarket aisle at three
6434,6434,"Cherry Baptiste, an overnight stocker in an aisle of blank white packages",nb:Williamsbridge,inferred,the Gun Hill bus depot in Williamsbridge
6435,6435,"Efrain Arocho, a bus depot driver at four thirty in the morning",nb:Hell's Kitchen,inferred,a Hell's Kitchen dispatch room
6436,6436,"Nusrat Narayanan, an office cleaner alone on a lit floor at midnight",key:brooklyn_battery,inferred,a lit booth at the Hugh Carey Tunnel
6437,6437,"Dae-ho Nakamura, a night security guard doing a route he could walk asleep",nb:Pelham Bay,inferred,a Pelham Bay supermarket aisle at three
6438,6438,"Halyna Adamczyk, a bakery night shift starting at one",nb:Hell's Kitchen,inferred,the Quill bus depot in Hell's Kitchen
6439,6439,"Farid Jarrah, a hotel night auditor who sees the city's whole personality",nb:Bushwick,inferred,a Bushwick dispatch room
6440,6440,"Peg Marchetti, a subway track worker in a tunnel with a lantern",key:gwb,inferred,a booth on the George Washington Bridge
6441,6441,The Last Man Who Speaks It On This Side,nb:Bensonhurst,stated,"Bensonhurst by way of Sicily, last speaker of the dialect"
6442,6442,The Woman Sixty One Years on One Block,nb:Harlem,stated,sixty one years on one Harlem block
6443,6443,The Man Teaching a Trade to Somebody Else's Kid,nb:Bushwick,stated,"Ponce by way of Bushwick, teaching the trade"
6444,6444,The Woman Who Runs the Social Club,nb:Flatbush,stated,"Bridgetown by way of Flatbush, she runs the social club"
6445,6445,The Man Closing the Shop After Fifty Years,nb:Astoria,stated,"Kalymnos by way of Astoria, closing the shop"
6446,6446,"Simone Ellis, a woman sixty one years on the same block",key:arthur_ave,inferred,an Arthur Avenue social club
6447,6447,"Shaya Friedlander, a man teaching a trade to somebody else's kid",nb:Calvary & Mount Zion Cemeteries,stated,a Sunday at a cemetery in Queens
6448,6448,"Sangay Khaing, a social club president with too many empty chairs",nb:Bedford-Stuyvesant,inferred,a Bedford-Stuyvesant stoop
6449,6449,"Halima Diallo, a shopkeeper closing after fifty years",nb:Upper West Side,inferred,a rent controlled apartment on the Upper West Side
6450,6450,"Fitzroy Fairweather, the last fluent speaker of a dialect on this side of the ocean",nb:Bensonhurst,inferred,a Bensonhurst social club
6451,6451,"Xiomara Rivas, a woman who cooks a dish nobody else knows how to make",nb:St. John Cemetery,stated,a Sunday at a cemetery in Queens
6452,6452,"Rajesh Narayanan, a man who has run the same route since 1979",nb:Park Slope,inferred,a Park Slope stoop
6453,6453,"Noriko Baek, a grandmother raising a second generation of grandchildren",nb:Inwood,inferred,a rent controlled apartment in Inwood
6454,6454,"Milena Danylchenko, a woman who keeps the recipes written on index cards",nb:Astoria,inferred,an Astoria social club
6455,6455,"Sami Ansari, a man whose union card is framed",nb:Mount Olivet & All Faiths Cemeteries,stated,a Sunday at a cemetery in Queens
6456,6456,"Nuala Kilbride, a widow who still sets two places",nb:Harlem,inferred,a Harlem stoop
6457,6457,"Andre Whitlock, a barber whose chair his father stood behind",nb:Bensonhurst,inferred,a rent controlled apartment in Bensonhurst
6458,6458,"Leah Mandelbaum, a woman who has voted in every election since 1962",nb:Greenpoint,inferred,a Greenpoint social club
6459,6459,"Jamyang Thapa, a man who tells the same three stories and they are all good",nb:Mount Hebron & Cedar Grove Cemeteries,stated,a Sunday at a cemetery in Queens
6460,6460,"Zainab Adeyemi, a woman handing over a building she has run for thirty years",nb:Fort Greene,inferred,a Fort Greene stoop
6461,6461,"Dwayne Bridgewater, a man who taught nine hundred kids to swim",nb:Astoria,inferred,a rent controlled apartment in Astoria
6462,6462,"Yolanda Guzman, a woman who was the first in her family born here",nb:Ridgewood,inferred,a Ridgewood social club
6463,6463,"Anand Mirza, a man giving away his tools one at a time to the right people",nb:Middle Village Cemetery,stated,a Sunday at a cemetery in Queens
6464,6464,"Jing Nakamura, a woman sixty one years on the same block",nb:Crown Heights,inferred,a Crown Heights stoop
6465,6465,"Grigore Yakovlev, a man teaching a trade to somebody else's kid",nb:Kingsbridge,inferred,a rent controlled apartment in Kingsbridge
6466,6466,"Bassam Chalabi, a social club president with too many empty chairs",nb:Bay Ridge,inferred,a Bay Ridge social club
6467,6467,"Marguerite Castellano, a shopkeeper closing after fifty years",nb:Montefiore Cemetery,stated,a Sunday at a cemetery in Queens
6468,6468,"Otis Odom, the last fluent speaker of a dialect on this side of the ocean",nb:Clinton Hill,inferred,a Clinton Hill stoop
6469,6469,"Faige Zilberman, a woman who cooks a dish nobody else knows how to make",nb:Washington Heights,inferred,a rent controlled apartment in Washington Heights
6470,6470,"Zaw Macaraeg, a man who has run the same route since 1979",nb:Belmont,inferred,a Belmont social club
6471,6471,"Aissatou Camara, a grandmother raising a second generation of grandchildren",nb:St. Michael's Cemetery,stated,a Sunday at a cemetery in Queens
6472,6472,"Sybil Toussaint, a woman who keeps the recipes written on index cards",nb:Prospect Heights,inferred,a Prospect Heights stoop
6473,6473,"Ignacio Betancourt, a man whose union card is framed",nb:Ridgewood,inferred,a rent controlled apartment in Ridgewood
6474,6474,"Ayesha Mirza, a widow who still sets two places",nb:Ozone Park,inferred,an Ozone Park social club
6475,6475,"Shinji Zhang, a barber whose chair his father stood behind",nb:Calvary & Mount Zion Cemeteries,stated,a Sunday at a cemetery in Queens
6476,6476,"Agnieszka Wierzbicki, a woman who has voted in every election since 1962",nb:Sunset Park,inferred,a Sunset Park stoop
6477,6477,"Nizar Barakat, a man who tells the same three stories and they are all good",nb:Bay Ridge,inferred,a rent controlled apartment in Bay Ridge
6478,6478,"Maeve Moran, a woman handing over a building she has run for thirty years",nb:Howard Beach,inferred,a Howard Beach social club
6479,6479,"Darnell Pryor, a man who taught nine hundred kids to swim",nb:St. John Cemetery,stated,a Sunday at a cemetery in Queens
6480,6480,"Malka Rosenblatt, a woman who was the first in her family born here",nb:Prospect Lefferts Gardens,inferred,a Prospect Lefferts Gardens stoop
6481,6481,"Norbu Wangdu, a man giving away his tools one at a time to the right people",nb:Upper East Side,inferred,a rent controlled apartment on the Upper East Side
6482,6482,"Efua Boateng, a woman sixty one years on the same block",nb:Carroll Gardens,inferred,a Carroll Gardens social club
6483,6483,"Rohan Ambroise, a man teaching a trade to somebody else's kid",nb:Mount Olivet & All Faiths Cemeteries,stated,a Sunday at a cemetery in Queens
6484,6484,"Wilfredo Zambrano, a social club president with too many empty chairs",nb:Windsor Terrace,inferred,a Windsor Terrace stoop
6485,6485,"Fariha Subramanian, a shopkeeper closing after fifty years",nb:Borough Park,inferred,a rent controlled apartment in Borough Park
6486,6486,"Zhen Kwon, the last fluent speaker of a dialect on this side of the ocean",key:little_italy,inferred,a Little Italy social club
6487,6487,"Oksana Wozniak, a woman who cooks a dish nobody else knows how to make",nb:Mount Hebron & Cedar Grove Cemeteries,stated,a Sunday at a cemetery in Queens
6488,6488,"Tarek Kaya, a man who has run the same route since 1979",nb:East Flatbush,inferred,an East Flatbush stoop
6489,6489,"Bridget Belsky, a grandmother raising a second generation of grandchildren",nb:Sunnyside,inferred,a rent controlled apartment in Sunnyside
6490,6490,"Renita Pratt, a woman who keeps the recipes written on index cards",nb:East Harlem,inferred,an East Harlem social club
6491,6491,The Man Who Has Cut Pastrami By Hand at Katz's Since 1979,key:katzs,stated,the title names Katz's on Houston Street
6492,6492,The Man Who Slices Lox at Russ and Daughters,key:russ,stated,the title names Russ and Daughters
6493,6493,The Woman Who Runs the Ticket Dispenser,key:katzs,stated,the ticket dispenser at the door belongs to Katz's
6494,6494,The Woman Who Bakes the Bialys on Grand Street,key:grand_st,stated,she bakes bialys on Grand Street at Kossar's
6495,6495,The Man Who Fixes the Slicers,key:russ,stated,the appetizing shop with hand sliced lox is Russ and Daughters
6496,6496,"Sekou Okonkwo, a counterman at the Houston Street pastrami hall who works the free taste",key:grand_st,stated,the painting is set in a Grand Street bakery with a coal blackened oven
6497,6497,"Yvonne Baptiste, a woman who hand slices smoked salmon in a narrow white tiled shop",key:katzs,stated,the painting is set in a Houston Street pastrami hall with a ticket dispenser
6498,6498,"Milagros Sandoval, a carver who has worked the same block since the seventies",key:russ,stated,the appetizing shop with hand sliced lox is Russ and Daughters
6499,6499,"Rajesh Raghunathan, a man who runs the steam table of brisket and tongue",key:grand_st,stated,the painting is set in a Grand Street bakery with a coal blackened oven
6500,6500,"Wei-Lin Chow, a woman who wraps everything in white paper and folds it the same way every time",key:katzs,stated,the Houston Street pastrami hall with the ticket dispenser is Katz's
6501,6501,"Tomasz Danylchenko, a bialy baker who starts at three in the morning",key:russ,stated,the painting is set in a Lower East Side appetizing shop with hand sliced lox
6502,6502,"Halim Demir, a man who fillets sturgeon behind a curved glass case",key:grand_st,stated,the painting is set in a Grand Street bakery with a coal blackened oven
6503,6503,"Salvatore Donnelly, a cashier who has taken cash only for forty years",key:katzs,stated,the Houston Street pastrami hall with the ticket dispenser is Katz's
6504,6504,"Shanice Pratt, a woman who makes the whitefish salad by feel and never measures",key:russ,stated,whitefish salad belongs to the Russ and Daughters counter
6505,6505,"Yosef Mandelbaum, a busboy who has been called the new kid for eleven years",key:grand_st,stated,the Grand Street bakery with the coal blackened oven is Kossar's
6506,6506,"Tenzin Wangdu, a man who hangs the salamis and knows which are ready",key:katzs,stated,the hanging salamis are Katz's
6507,6507,"Ngozi Mensah, a woman who sells herring in cream to a shrinking congregation",key:russ,stated,herring in cream is the Russ and Daughters counter
6508,6508,"Marcia Toussaint, a slicer mechanic who keeps the hundred year old machines running",key:grand_st,stated,the Grand Street bakery with the coal blackened oven is Kossar's
6509,6509,"Rafael Sandoval, a delivery man who has walked the same eight blocks since 1988",key:katzs,stated,the Houston Street pastrami hall with the ticket dispenser is Katz's
6510,6510,"Priya Raghunathan, a woman who reads the ticket numbers out over the noise",key:russ,stated,the painting is set in a Lower East Side appetizing shop with hand sliced lox
6511,6511,"Hyun-woo Chow, a man who has eaten the same lunch at this counter since 1974",key:grand_st,stated,the Grand Street bakery with the coal blackened oven is Kossar's
6512,6512,"Iryna Danylchenko, a granddaughter learning the counter over a summer",key:katzs,stated,the Houston Street pastrami hall with the ticket dispenser is Katz's
6513,6513,"Karim Kholghi, a pickle man with barrels and wet hands",key:russ,stated,the appetizing shop with hand sliced lox is Russ and Daughters
6514,6514,"Mario Donnelly, a counterman at the Houston Street pastrami hall who works the free taste",key:grand_st,stated,the painting is set in a Grand Street bakery with a coal blackened oven
6515,6515,"Denise Bridges, a woman who hand slices smoked salmon in a narrow white tiled shop",key:katzs,stated,the painting is set in a Houston Street pastrami hall with a ticket dispenser
6516,6516,"Rivka Mandelbaum, a carver who has worked the same block since the seventies",key:russ,stated,the appetizing shop with hand sliced lox is Russ and Daughters
6517,6517,"Nurlan Ilagan, a man who runs the steam table of brisket and tongue",key:grand_st,stated,the painting is set in a Grand Street bakery with a coal blackened oven
6518,6518,"Folasade Diallo, a woman who wraps everything in white paper and folds it the same way every time",key:katzs,stated,the Houston Street pastrami hall with the ticket dispenser is Katz's
6519,6519,"Desmond Baptiste, a bialy baker who starts at three in the morning",key:russ,stated,the painting is set in a Lower East Side appetizing shop with hand sliced lox
6520,6520,"Aurelio Almonte, a man who fillets sturgeon behind a curved glass case",key:grand_st,stated,the painting is set in a Grand Street bakery with a coal blackened oven
6521,6521,"Anand Mahadevan, a cashier who has taken cash only for forty years",key:katzs,stated,the Houston Street pastrami hall with the ticket dispenser is Katz's
6522,6522,"Mei Baek, a woman who makes the whitefish salad by feel and never measures",key:russ,stated,whitefish salad belongs to the Russ and Daughters counter
6523,6523,"Sergei Wierzbicki, a busboy who has been called the new kid for eleven years",key:grand_st,stated,the Grand Street bakery with the coal blackened oven is Kossar's
6524,6524,"Reza Osmani, a man who hangs the salamis and knows which are ready",key:katzs,stated,the hanging salamis are Katz's
6525,6525,"Bridget Ferrante, a woman who sells herring in cream to a shrinking congregation",key:russ,stated,herring in cream is the Russ and Daughters counter
6526,6526,"Adrienne Ballard, a slicer mechanic who keeps the hundred year old machines running",key:grand_st,stated,the Grand Street bakery with the coal blackened oven is Kossar's
6527,6527,"Aaron Zilberman, a delivery man who has walked the same eight blocks since 1988",key:katzs,stated,the Houston Street pastrami hall with the ticket dispenser is Katz's
6528,6528,"Grace Wangdu, a woman who reads the ticket numbers out over the noise",key:russ,stated,the painting is set in a Lower East Side appetizing shop with hand sliced lox
6529,6529,"Chidi Okonkwo, a man who has eaten the same lunch at this counter since 1974",key:grand_st,stated,the Grand Street bakery with the coal blackened oven is Kossar's
6530,6530,"Camille Fairweather, a granddaughter learning the counter over a summer",key:katzs,stated,the Houston Street pastrami hall with the ticket dispenser is Katz's
6531,6531,"Cesar Peralta, a pickle man with barrels and wet hands",key:russ,stated,the appetizing shop with hand sliced lox is Russ and Daughters
6532,6532,"Farhan Mahadevan, a counterman at the Houston Street pastrami hall who works the free taste",key:grand_st,stated,the painting is set in a Grand Street bakery with a coal blackened oven
6533,6533,"Soo-jin Nakamura, a woman who hand slices smoked salmon in a narrow white tiled shop",key:katzs,stated,the painting is set in a Houston Street pastrami hall with a ticket dispenser
6534,6534,"Katarzyna Wierzbicki, a carver who has worked the same block since the seventies",key:russ,stated,the appetizing shop with hand sliced lox is Russ and Daughters
6535,6535,"Farid Haddad, a man who runs the steam table of brisket and tongue",key:grand_st,stated,the painting is set in a Grand Street bakery with a coal blackened oven
6536,6536,"Nora Halloran, a woman who wraps everything in white paper and folds it the same way every time",key:katzs,stated,the Houston Street pastrami hall with the ticket dispenser is Katz's
6537,6537,"Ossie Pratt, a bialy baker who starts at three in the morning",key:russ,stated,the painting is set in a Lower East Side appetizing shop with hand sliced lox
6538,6538,"Mendel Rosenblatt, a man who fillets sturgeon behind a curved glass case",key:grand_st,stated,the painting is set in a Grand Street bakery with a coal blackened oven
6539,6539,"Aung Sherpa, a cashier who has taken cash only for forty years",key:katzs,stated,the Houston Street pastrami hall with the ticket dispenser is Katz's
6540,6540,"Aminata Adeyemi, a woman who makes the whitefish salad by feel and never measures",key:russ,stated,whitefish salad belongs to the Russ and Daughters counter
6541,6541,The Woman Whose Table at Rao's Is Hers on Tuesdays,nb:East Harlem,stated,the title names Rao's in East Harlem
6542,6542,The Man Who Kept the Coal Oven on Bleecker,key:bleecker,stated,the title names the Bleecker Street coal oven
6543,6543,The Woman Who Answers the Phone Nobody Gets Through On,nb:Williamsburg,stated,the pressed tin red sauce room is Bamonte's in Williamsburg
6544,6544,The Man Who Stretches the Dough in Carroll Gardens,nb:Carroll Gardens,stated,the title names Carroll Gardens
6545,6545,The Woman Who Has Waited Nine Years for a Table,nb:East Harlem,stated,the ten table back room with the jukebox is Rao's in East Harlem
6546,6546,"Winston Toussaint, a waiter in a ten table East Harlem room where nobody new gets in",key:bleecker,stated,the painting is set in a Bleecker Street coal oven
6547,6547,"Nestor Villanueva, a man who feeds the coal oven on a Bleecker Street corner",nb:Williamsburg,stated,the painting is set in a Williamsburg red sauce room with pressed tin
6548,6548,"Mehreen Chowdhury, a woman who answers the phone that never lets anybody through",nb:Carroll Gardens,stated,the Carroll Gardens kitchen where the owner stretches dough is Lucali
6549,6549,"Xiaoling Zhang, a chef who stretches every round by hand in a candlelit Carroll Gardens room",nb:East Harlem,stated,the painting is set in an East Harlem back room with ten tables and a jukebox
6550,6550,"Miroslav Wozniak, a waiter in a pressed tin Williamsburg room that has not changed since 1900",key:bleecker,stated,the painting is set in a Bleecker Street coal oven
6551,6551,"Leyla Demir, a woman who makes the Sunday gravy for a room of eighty",nb:Williamsburg,stated,the pressed tin red sauce room is Bamonte's in Williamsburg
6552,6552,"Gus Ferrante, a busboy who knows which table belongs to which family",nb:Carroll Gardens,stated,the Carroll Gardens kitchen where the owner stretches dough is Lucali
6553,6553,"Bernice Whitlock, a bartender in a back room with Christmas lights up all year",nb:East Harlem,stated,the back room with year round Christmas lights is Rao's
6554,6554,"Shoshana Zilberman, a woman who has held the same reservation for nine years",key:bleecker,stated,the Bleecker Street coal oven is John's
6555,6555,"Karma Abdrakhmanov, a man who plays the jukebox that only regulars may touch",nb:Williamsburg,stated,the painting is set in a Williamsburg red sauce room with pressed tin
6556,6556,"Emeka Mensah, a pastry man at a Little Italy counter open since 1892",nb:Carroll Gardens,stated,the painting is set in a Carroll Gardens kitchen where the owner still stretches the dough
6557,6557,"Shantel Bridgewater, a woman rolling out sfogliatelle before the shop opens",nb:East Harlem,stated,the painting is set in an East Harlem back room with ten tables and a jukebox
6558,6558,"Efrain Quispe, a chef who closes early rather than serve something he does not like",key:bleecker,stated,the Bleecker Street coal oven is John's
6559,6559,"Vikram Chowdhury, a man who has eaten here every Friday for thirty one years",nb:Williamsburg,stated,the pressed tin red sauce room is Bamonte's in Williamsburg
6560,6560,"Lian Kwon, a woman who inherited her mother's table and her mother's Tuesday",nb:Carroll Gardens,stated,the painting is set in a Carroll Gardens kitchen where the owner still stretches the dough
6561,6561,"Ludmila Wozniak, a dishwasher who has seen every famous person in the city eat here",nb:East Harlem,stated,the ten table back room with the jukebox is Rao's in East Harlem
6562,6562,"Sami Zaman, a maitre d' who says no with real affection",key:bleecker,stated,the Bleecker Street coal oven is John's
6563,6563,"Colleen Vitale, a nonna who still comes in to check the sauce",nb:Williamsburg,stated,the pressed tin red sauce room is Bamonte's in Williamsburg
6564,6564,"Curtis Bridges, a waiter in a ten table East Harlem room where nobody new gets in",nb:Carroll Gardens,stated,the painting is set in a Carroll Gardens kitchen where the owner still stretches the dough
6565,6565,"Ephraim Friedlander, a man who feeds the coal oven on a Bleecker Street corner",nb:East Harlem,stated,the painting is set in an East Harlem back room with ten tables and a jukebox
6566,6566,"Pema Ilagan, a woman who answers the phone that never lets anybody through",key:bleecker,stated,the Bleecker Street coal oven is John's
6567,6567,"Yaa Camara, a chef who stretches every round by hand in a candlelit Carroll Gardens room",nb:Williamsburg,stated,the painting is set in a Williamsburg red sauce room with pressed tin
6568,6568,"Rupert Fairweather, a waiter in a pressed tin Williamsburg room that has not changed since 1900",nb:Carroll Gardens,stated,the painting is set in a Carroll Gardens kitchen where the owner still stretches the dough
6569,6569,"Xiomara Almonte, a woman who makes the Sunday gravy for a room of eighty",nb:East Harlem,stated,the ten table back room with the jukebox is Rao's in East Harlem
6570,6570,"Tanveer Bhattacharya, a busboy who knows which table belongs to which family",key:bleecker,stated,the Bleecker Street coal oven is John's
6571,6571,"Ming-hua Ishikawa, a bartender in a back room with Christmas lights up all year",nb:Williamsburg,stated,the painting is set in a Williamsburg red sauce room with pressed tin
6572,6572,"Danuta Yakovlev, a woman who has held the same reservation for nine years",nb:Carroll Gardens,stated,the Carroll Gardens kitchen where the owner stretches dough is Lucali
6573,6573,"Bassam Nasrallah, a man who plays the jukebox that only regulars may touch",nb:East Harlem,stated,the regulars only jukebox is Rao's in East Harlem
6574,6574,"Vincent Halloran, a pastry man at a Little Italy counter open since 1892",key:bleecker,stated,the painting is set in a Bleecker Street coal oven
6575,6575,"Yolanda Odom, a woman rolling out sfogliatelle before the shop opens",nb:Williamsburg,stated,the painting is set in a Williamsburg red sauce room with pressed tin
6576,6576,"Zev Weiss, a chef who closes early rather than serve something he does not like",nb:Carroll Gardens,stated,the Carroll Gardens kitchen where the owner stretches dough is Lucali
6577,6577,"Ngawang Gurung, a man who has eaten here every Friday for thirty one years",nb:East Harlem,stated,the ten table back room with the jukebox is Rao's in East Harlem
6578,6578,"Chinelo Boateng, a woman who inherited her mother's table and her mother's Tuesday",key:bleecker,stated,the painting is set in a Bleecker Street coal oven
6579,6579,"Odessa Ambroise, a dishwasher who has seen every famous person in the city eat here",nb:Williamsburg,stated,the pressed tin red sauce room is Bamonte's in Williamsburg
6580,6580,"Ignacio Bustamante, a maitre d' who says no with real affection",nb:Carroll Gardens,stated,the Carroll Gardens kitchen where the owner stretches dough is Lucali
6581,6581,"Lakshmi Bhattacharya, a nonna who still comes in to check the sauce",nb:East Harlem,stated,the ten table back room with the jukebox is Rao's in East Harlem
6582,6582,"Kenji Baek, a waiter in a ten table East Harlem room where nobody new gets in",key:bleecker,stated,the painting is set in a Bleecker Street coal oven
6583,6583,"Yaroslav Yakovlev, a man who feeds the coal oven on a Bleecker Street corner",nb:Williamsburg,stated,the painting is set in a Williamsburg red sauce room with pressed tin
6584,6584,"Nadia Kholghi, a woman who answers the phone that never lets anybody through",nb:Carroll Gardens,stated,the Carroll Gardens kitchen where the owner stretches dough is Lucali
6585,6585,"Deirdre Marchetti, a chef who stretches every round by hand in a candlelit Carroll Gardens room",nb:East Harlem,stated,the painting is set in an East Harlem back room with ten tables and a jukebox
6586,6586,"Malachi Ballard, a waiter in a pressed tin Williamsburg room that has not changed since 1900",key:bleecker,stated,the painting is set in a Bleecker Street coal oven
6587,6587,"Devorah Rosenblatt, a woman who makes the Sunday gravy for a room of eighty",nb:Williamsburg,stated,the pressed tin red sauce room is Bamonte's in Williamsburg
6588,6588,"Lhakpa Villanueva-Cruz, a busboy who knows which table belongs to which family",nb:Carroll Gardens,stated,the Carroll Gardens kitchen where the owner stretches dough is Lucali
6589,6589,"Fatoumata Nwachukwu, a bartender in a back room with Christmas lights up all year",nb:East Harlem,stated,the back room with year round Christmas lights is Rao's
6590,6590,"Lurline Pierre-Louis, a woman who has held the same reservation for nine years",key:bleecker,stated,the Bleecker Street coal oven is John's
6591,6591,The Son Who Took Over the Scissors at Di Fara,key:di_fara,stated,the title names Di Fara in Midwood
6592,6592,The Man Who Opened at Eleven and Sold Out by Two,nb:Williamsburg,stated,a Williamsburg pizza counter with a line down the block
6593,6593,The Woman Who Runs the Coal Oven on the Boardwalk,key:totonno,stated,the Coney Island boardwalk coal oven is Totonno's
6594,6594,The Man at the Dollar Window at Four,key:st_marks,inferred,a dollar window at four in the morning reads as St. Marks Place
6595,6595,The Woman Who Reviews Every Slice in the City,key:di_fara,stated,the Midwood window with the old man and scissors is Di Fara
6596,6596,"Nestor Peralta, an old man who snips basil with scissors over every finished pie",nb:Williamsburg,stated,the painting is set in a Williamsburg counter with a line down the block
6597,6597,"Devendra Siddiqui, a counter man at a Williamsburg window that sells out by two",key:totonno,stated,the painting is set in a Coney Island coal oven from 1924
6598,6598,"Sora Lim, a woman who runs a coal oven two blocks from the ocean",nb:Carroll Gardens,stated,the painting is set in a Carroll Gardens room with no slices and no reservations
6599,6599,"Bogdan Vasilenko, a dollar slice man at four in the morning",key:di_fara,stated,the painting is set in a Midwood window with an old man and scissors
6600,6600,"Yasmin Osmani, a woman who reviews every slice in the city and means it",nb:Williamsburg,stated,a Williamsburg pizza counter with a line down the block
6601,6601,"Rocco Vitale, a man at a Bleecker Street coal oven who will not sell you a single slice",key:totonno,stated,the painting is set in a Coney Island coal oven from 1924
6602,6602,"Aaliyah Pryor, a chef in a candlelit room who makes eighty pies a night and no more",nb:Carroll Gardens,stated,eighty pies a night in a candlelit room is Lucali
6603,6603,"Shmuel Ackerman, a delivery rider who has memorized every walkup in the neighbourhood",key:di_fara,stated,the Midwood window with the old man and scissors is Di Fara
6604,6604,"Dorje Tsering, a boy who folds his first slice correctly and is proud of it",nb:Williamsburg,stated,a Williamsburg pizza counter with a line down the block
6605,6605,"Adjoa Toure, a woman at a Little Italy window with a line of tourists and locals",key:totonno,stated,the painting is set in a Coney Island coal oven from 1924
6606,6606,"Delroy Bridgewater, a man who has run the same corner slice shop since 1971",nb:Carroll Gardens,stated,the Carroll Gardens room with no slices is Lucali
6607,6607,"Wilfredo Ocampo, a dough mixer who starts at five in the morning",key:di_fara,stated,the Midwood window with the old man and scissors is Di Fara
6608,6608,"Nusrat Siddiqui, a woman who tends the wood fire in a Bushwick room",nb:Williamsburg,stated,the painting is set in a Williamsburg counter with a line down the block
6609,6609,"Bo Nakamura, a man who cuts with scissors instead of a wheel",key:totonno,stated,the painting is set in a Coney Island coal oven from 1924
6610,6610,"Zofia Vasilenko, a cheese supplier who drives the same route every dawn",nb:Carroll Gardens,stated,the Carroll Gardens room with no slices is Lucali
6611,6611,"Dalia Haddad, a woman who has eaten a slice from this window every Friday since school",key:di_fara,stated,the Midwood window with the old man and scissors is Di Fara
6612,6612,"Fiona Kilbride, a teenager working the counter after class",nb:Williamsburg,stated,a Williamsburg pizza counter with a line down the block
6613,6613,"Tre Whitlock, an oven mechanic who relines coal ovens across four boroughs",key:totonno,stated,the Coney Island coal oven from 1924 is Totonno's
6614,6614,"Shmuel Friedlander, an old man who snips basil with scissors over every finished pie",nb:Carroll Gardens,stated,the painting is set in a Carroll Gardens room with no slices and no reservations
6615,6615,"Rinchen Bautista, a counter man at a Williamsburg window that sells out by two",key:di_fara,stated,the painting is set in a Midwood window with an old man and scissors
6616,6616,"Nneka Asante, a woman who runs a coal oven two blocks from the ocean",nb:Williamsburg,stated,the painting is set in a Williamsburg counter with a line down the block
6617,6617,"Errol Ambroise, a dollar slice man at four in the morning",key:totonno,stated,the painting is set in a Coney Island coal oven from 1924
6618,6618,"Consuelo Villanueva, a woman who reviews every slice in the city and means it",nb:Carroll Gardens,stated,the Carroll Gardens room with no slices is Lucali
6619,6619,"Suresh Venkatesan, a man at a Bleecker Street coal oven who will not sell you a single slice",key:di_fara,stated,the painting is set in a Midwood window with an old man and scissors
6620,6620,"Akiko Ueda, a chef in a candlelit room who makes eighty pies a night and no more",nb:Williamsburg,stated,the painting is set in a Williamsburg counter with a line down the block
6621,6621,"Piotr Kowalczyk, a delivery rider who has memorized every walkup in the neighbourhood",key:totonno,stated,the Coney Island coal oven from 1924 is Totonno's
6622,6622,"Nizar Karimi, a boy who folds his first slice correctly and is proud of it",nb:Carroll Gardens,stated,the Carroll Gardens room with no slices is Lucali
6623,6623,"Eileen Castellano, a woman at a Little Italy window with a line of tourists and locals",key:di_fara,stated,the painting is set in a Midwood window with an old man and scissors
6624,6624,"Deshawn Odom, a man who has run the same corner slice shop since 1971",nb:Williamsburg,stated,a Williamsburg pizza counter with a line down the block
6625,6625,"Eli Shulman, a dough mixer who starts at five in the morning",key:totonno,stated,the Coney Island coal oven from 1924 is Totonno's
6626,6626,"Dolma Sherpa, a woman who tends the wood fire in a Bushwick room",nb:Carroll Gardens,stated,the painting is set in a Carroll Gardens room with no slices and no reservations
6627,6627,"Kwabena Diallo, a man who cuts with scissors instead of a wheel",key:di_fara,stated,cutting with scissors is Di Fara's window in Midwood
6628,6628,"Petronella Grandison, a cheese supplier who drives the same route every dawn",nb:Williamsburg,stated,a Williamsburg pizza counter with a line down the block
6629,6629,"Marisol Quispe, a woman who has eaten a slice from this window every Friday since school",key:totonno,stated,the Coney Island coal oven from 1924 is Totonno's
6630,6630,"Ayesha Venkatesan, a teenager working the counter after class",nb:Carroll Gardens,stated,the Carroll Gardens room with no slices is Lucali
6631,6631,"Haruki Zhang, an oven mechanic who relines coal ovens across four boroughs",key:di_fara,stated,the Midwood window with the old man and scissors is Di Fara
6632,6632,"Dragan Kowalczyk, an old man who snips basil with scissors over every finished pie",nb:Williamsburg,stated,the painting is set in a Williamsburg counter with a line down the block
6633,6633,"Tarek Sabbagh, a counter man at a Williamsburg window that sells out by two",key:totonno,stated,the painting is set in a Coney Island coal oven from 1924
6634,6634,"Aileen Fenwick, a woman who runs a coal oven two blocks from the ocean",nb:Carroll Gardens,stated,the painting is set in a Carroll Gardens room with no slices and no reservations
6635,6635,"Rashad Pryor, a dollar slice man at four in the morning",key:di_fara,stated,the painting is set in a Midwood window with an old man and scissors
6636,6636,"Miriam Weiss, a woman who reviews every slice in the city and means it",nb:Williamsburg,stated,a Williamsburg pizza counter with a line down the block
6637,6637,"Tashi Lama, a man at a Bleecker Street coal oven who will not sell you a single slice",key:totonno,stated,the painting is set in a Coney Island coal oven from 1924
6638,6638,"Abena Bah, a chef in a candlelit room who makes eighty pies a night and no more",nb:Carroll Gardens,stated,eighty pies a night in a candlelit room is Lucali
6639,6639,"Anselm Pierre-Louis, a delivery rider who has memorized every walkup in the neighbourhood",key:di_fara,stated,the Midwood window with the old man and scissors is Di Fara
6640,6640,"Octavio Trejo, a boy who folds his first slice correctly and is proud of it",nb:Williamsburg,stated,a Williamsburg pizza counter with a line down the block
6641,6641,The Woman Who Has Never Seen Veselka Close,key:veselka,stated,the title names Veselka
6642,6642,The Woman Behind the Soda Fountain Since 1978,nb:Upper East Side,stated,the 1925 soda fountain on Lexington is the Lexington Candy Shop
6643,6643,The Man Who Has Sat on the Same Stool Since 1991,key:second_ave,stated,the Second Avenue dairy counter is B and H Dairy
6644,6644,The Woman at the Dairy Counter With No Meat,key:second_ave,stated,the dairy counter with no meat is B and H on Second Avenue
6645,6645,The Man Who Cooks the Whole Griddle Alone,key:veselka,stated,the all night East Village Ukrainian room is Veselka
6646,6646,"Shabana Rahman, a waitress at an East Village Ukrainian counter that never closes",nb:Upper East Side,stated,the painting is set in an Upper East Side soda fountain from 1925
6647,6647,"Min-seo Seo, a woman behind a 1925 soda fountain on Lexington",key:second_ave,stated,the painting is set in a Second Avenue dairy counter
6648,6648,"Andrei Moroianu, a man who has sat on the same diner stool since 1991",nb:Long Island City,stated,the diner under the elevated is the Court Square Diner
6649,6649,"Rania Zaman, a server at a Second Avenue dairy counter with no meat since 1919",key:veselka,stated,the painting is set in an East Village Ukrainian room open all night
6650,6650,"Angelo Marchetti, a short order cook working the whole griddle alone",nb:Upper East Side,stated,the 1925 soda fountain on Lexington is the Lexington Candy Shop
6651,6651,"Latasha Hollins, a woman who makes the egg creams and lets nobody else try",key:second_ave,stated,the Second Avenue dairy counter is B and H Dairy
6652,6652,"Naftali Berkowitz, a dishwasher in a diner under the elevated",nb:Long Island City,stated,the diner under the elevated is Court Square in Long Island City
6653,6653,"Sangay Aung-Thein, a man who has made the same soup for eighty years of customers",key:veselka,stated,the all night East Village Ukrainian room is Veselka
6654,6654,"Halima Achebe, a waitress who starts your order when she sees you through the glass",nb:Upper East Side,stated,the 1925 soda fountain on Lexington is the Lexington Candy Shop
6655,6655,"Winston Beaubrun, a busboy on the overnight who reads between tables",key:second_ave,stated,the Second Avenue dairy counter is B and H Dairy
6656,6656,"Paloma Bustamante, a woman who runs the register and knows everybody's business",nb:Long Island City,stated,the diner under the elevated is the Court Square Diner
6657,6657,"Tanveer Rahman, a counterman who can carry six plates and a coffee pot",key:veselka,stated,the all night East Village Ukrainian room is Veselka
6658,6658,"Jae-won Kwon, a baker who fills the pie case before the room opens",nb:Upper East Side,stated,the 1925 soda fountain on Lexington is the Lexington Candy Shop
6659,6659,"Vesna Moroianu, a night manager at a diner that has never once locked its door",key:second_ave,stated,the Second Avenue dairy counter is B and H Dairy
6660,6660,"Zahra Nasrallah, a woman who has worked doubles here through three landlords",nb:Long Island City,stated,the diner under the elevated is the Court Square Diner
6661,6661,"Roisin Moran, a regular who reads the whole paper over one coffee",key:veselka,stated,the all night East Village Ukrainian room is Veselka
6662,6662,"Cheryl Greer, a teenager on her first shift learning the ticket pad",nb:Upper East Side,stated,the 1925 soda fountain on Lexington is the Lexington Candy Shop
6663,6663,"Boruch Teitelbaum, a man who fixes the coffee urn that is older than he is",key:second_ave,stated,the Second Avenue dairy counter is B and H Dairy
6664,6664,"Choden Dorjee, a waitress at an East Village Ukrainian counter that never closes",nb:Long Island City,stated,the painting is set in a Long Island City diner under the elevated
6665,6665,"Zainab Owusu, a woman behind a 1925 soda fountain on Lexington",key:veselka,stated,the painting is set in an East Village Ukrainian room open all night
6666,6666,"Clive Grandison, a man who has sat on the same diner stool since 1991",nb:Upper East Side,stated,the 1925 soda fountain on Lexington is the Lexington Candy Shop
6667,6667,"Rosalba Ocampo, a server at a Second Avenue dairy counter with no meat since 1919",key:second_ave,stated,the meatless Second Avenue dairy counter is B and H
6668,6668,"Mahesh Pillai, a short order cook working the whole griddle alone",nb:Long Island City,stated,the diner under the elevated is the Court Square Diner
6669,6669,"Noriko Tran-Wu, a woman who makes the egg creams and lets nobody else try",key:veselka,stated,the all night East Village Ukrainian room is Veselka
6670,6670,"Lech Petrovic, a dishwasher in a diner under the elevated",nb:Upper East Side,stated,the painting is set in an Upper East Side soda fountain from 1925
6671,6671,"Jamil Mansour, a man who has made the same soup for eighty years of customers",key:second_ave,stated,the Second Avenue dairy counter is B and H Dairy
6672,6672,"Bernadette Belsky, a waitress who starts your order when she sees you through the glass",nb:Long Island City,stated,the diner under the elevated is the Court Square Diner
6673,6673,"Andre Mabry, a busboy on the overnight who reads between tables",key:veselka,stated,the all night East Village Ukrainian room is Veselka
6674,6674,"Bracha Ackerman, a woman who runs the register and knows everybody's business",nb:Upper East Side,stated,the 1925 soda fountain on Lexington is the Lexington Candy Shop
6675,6675,"Tashi Abdrakhmanov, a counterman who can carry six plates and a coffee pot",key:second_ave,stated,the Second Avenue dairy counter is B and H Dairy
6676,6676,"Ousmane Adeyemi, a baker who fills the pie case before the room opens",nb:Long Island City,stated,the diner under the elevated is the Court Square Diner
6677,6677,"Cherry Hyacinth, a night manager at a diner that has never once locked its door",key:veselka,stated,the all night East Village Ukrainian room is Veselka
6678,6678,"Esperanza Trejo, a woman who has worked doubles here through three landlords",nb:Upper East Side,stated,the 1925 soda fountain on Lexington is the Lexington Candy Shop
6679,6679,"Shabana Pillai, a regular who reads the whole paper over one coffee",key:second_ave,stated,the Second Avenue dairy counter is B and H Dairy
6680,6680,"Jing Fung, a teenager on her first shift learning the ticket pad",nb:Long Island City,stated,the diner under the elevated is the Court Square Diner
6681,6681,"Dragan Zielinski, a man who fixes the coffee urn that is older than he is",key:veselka,stated,the all night East Village Ukrainian room is Veselka
6682,6682,"Souad Aziz, a waitress at an East Village Ukrainian counter that never closes",nb:Upper East Side,stated,the painting is set in an Upper East Side soda fountain from 1925
6683,6683,"Siobhan Pettigrew, a woman behind a 1925 soda fountain on Lexington",key:second_ave,stated,the painting is set in a Second Avenue dairy counter
6684,6684,"Terrence Hollins, a man who has sat on the same diner stool since 1991",nb:Long Island City,stated,the diner under the elevated is the Court Square Diner
6685,6685,"Tova Shulman, a server at a Second Avenue dairy counter with no meat since 1919",key:veselka,stated,the painting is set in an East Village Ukrainian room open all night
6686,6686,"Zaw Sarmiento, a short order cook working the whole griddle alone",nb:Upper East Side,stated,the 1925 soda fountain on Lexington is the Lexington Candy Shop
6687,6687,"Aissatou Sy, a woman who makes the egg creams and lets nobody else try",key:second_ave,stated,the Second Avenue dairy counter is B and H Dairy
6688,6688,"Neville Beaubrun, a dishwasher in a diner under the elevated",nb:Long Island City,stated,the diner under the elevated is Court Square in Long Island City
6689,6689,"Amaru Castellanos, a man who has made the same soup for eighty years of customers",key:veselka,stated,the all night East Village Ukrainian room is Veselka
6690,6690,"Rukhsana Qureshi, a waitress who starts your order when she sees you through the glass",nb:Upper East Side,stated,the 1925 soda fountain on Lexington is the Lexington Candy Shop
6691,6691,The Chef Who Made Them Come to Her,nb:Lower East Side,stated,the award winning dining room sits on the Lower East Side
6692,6692,The Woman Who Holds the Door at the Room of the Year,nb:West Village,stated,the chophouse with almost no seats is in the West Village
6693,6693,The Man at the Four Seat Chophouse,nb:West Village,stated,the four seat chophouse is the West Village room
6694,6694,The Woman Who Cooks Over Wood in the Village,nb:Greenwich Village,stated,the Village wood fire room is the Greenwich Village South Indian kitchen
6695,6695,The Man at the Two Star Counter in Brooklyn,nb:Williamsburg,inferred,a two star Brooklyn tasting counter reads as Williamsburg
6696,6696,"Ah-lam Matsuda, a chef in the dining room that won everything last year",nb:West Village,stated,the painting is set in a West Village chophouse with almost no seats
6697,6697,"Halyna Petrovic, a woman who holds the door and the reservation book",nb:Williamsburg,inferred,a two star Brooklyn tasting counter reads as Williamsburg
6698,6698,"Ayman Farhat, a man who runs a chophouse with almost no seats",nb:Greenwich Village,stated,the painting is set in a Greenwich Village South Indian room with a wood fire
6699,6699,"Dominic Kilbride, a chef who cooks over a wood fire in an open Village kitchen",nb:Lower East Side,stated,the painting is set in a Lower East Side dining room that won every award last year
6700,6700,"Marvin Greer, a man at a pale wood tasting counter with two stars",nb:West Village,stated,the painting is set in a West Village chophouse with almost no seats
6701,6701,"Esti Berkowitz, a woman who has refused a bribe every night for three years",nb:Williamsburg,inferred,a two star Brooklyn tasting counter reads as Williamsburg
6702,6702,"Rosario Gurung, a sommelier who has stopped explaining and just pours",nb:Greenwich Village,stated,the Greenwich Village South Indian wood fire room is Semma
6703,6703,"Ibrahim Camara, a man who books the impossible table for other people for a fee",nb:Lower East Side,stated,the award winning dining room sits on the Lower East Side
6704,6704,"Sybil Charlemagne, a woman who waited four months and is finally sitting down",nb:West Village,stated,the chophouse with almost no seats is in the West Village
6705,6705,"Reynaldo Rivas, a line cook in a kitchen that is written about constantly",nb:Williamsburg,inferred,a two star Brooklyn tasting counter reads as Williamsburg
6706,6706,"Parveen Krishnamurthy, a dishwasher in the most photographed room in the city",nb:Greenwich Village,stated,the Greenwich Village South Indian wood fire room is Semma
6707,6707,"Takeshi Ishikawa, a host who remembers every name that ever tried to skip",nb:Lower East Side,stated,the award winning dining room sits on the Lower East Side
6708,6708,"Milena Zielinski, a chef who left a famous room to open eight seats of her own",nb:West Village,stated,the chophouse with almost no seats is in the West Village
6709,6709,"Osman Yildiz, a critic eating alone and taking no notes at all",nb:Williamsburg,inferred,a two star Brooklyn tasting counter reads as Williamsburg
6710,6710,"Kathleen Nightingale, a woman who runs the pass and says nothing above a murmur",nb:Greenwich Village,stated,the Greenwich Village South Indian wood fire room is Semma
6711,6711,"Jermaine Mabry, a bartender making the same drink four hundred times a night",nb:Lower East Side,stated,the award winning dining room sits on the Lower East Side
6712,6712,"Yitzchak Lieberman, a man photographing every plate before anybody may eat",nb:West Village,stated,the chophouse with almost no seats is in the West Village
6713,6713,"Norbu Bhutia, a chef being asked about the narrative instead of the food",nb:Williamsburg,inferred,a two star Brooklyn tasting counter reads as Williamsburg
6714,6714,"Efua Balogun, a chef in the dining room that won everything last year",nb:Greenwich Village,stated,the painting is set in a Greenwich Village South Indian room with a wood fire
6715,6715,"Andrene Bonaparte, a woman who holds the door and the reservation book",nb:Lower East Side,stated,the award winning dining room sits on the Lower East Side
6716,6716,"Bernardo Guzman, a man who runs a chophouse with almost no seats",nb:West Village,stated,the chophouse with almost no seats is in the West Village
6717,6717,"Naveen Qureshi, a chef who cooks over a wood fire in an open Village kitchen",nb:Williamsburg,stated,the painting is set in a Brooklyn tasting counter
6718,6718,"Yun Lim, a man at a pale wood tasting counter with two stars",nb:Greenwich Village,stated,the painting is set in a Greenwich Village South Indian room with a wood fire
6719,6719,"Agnieszka Novotny, a woman who has refused a bribe every night for three years",nb:Lower East Side,stated,the award winning dining room sits on the Lower East Side
6720,6720,"Amira Karimi, a sommelier who has stopped explaining and just pours",nb:West Village,stated,the chophouse with almost no seats is in the West Village
6721,6721,"Nunzio Castellano, a man who books the impossible table for other people for a fee",nb:Williamsburg,inferred,a two star Brooklyn tasting counter reads as Williamsburg
6722,6722,"Simone Wilkes, a woman who waited four months and is finally sitting down",nb:Greenwich Village,stated,the Greenwich Village South Indian wood fire room is Semma
6723,6723,"Dov Katzenberg, a line cook in a kitchen that is written about constantly",nb:Lower East Side,stated,the award winning dining room sits on the Lower East Side
6724,6724,"Thida Villanueva-Cruz, a dishwasher in the most photographed room in the city",nb:West Village,stated,the chophouse with almost no seats is in the West Village
6725,6725,"Kofi Boateng, a host who remembers every name that ever tried to skip",nb:Williamsburg,inferred,a two star Brooklyn tasting counter reads as Williamsburg
6726,6726,"Merle Cadogan, a chef who left a famous room to open eight seats of her own",nb:Greenwich Village,stated,the Greenwich Village South Indian wood fire room is Semma
6727,6727,"Gustavo Villalobos, a critic eating alone and taking no notes at all",nb:Lower East Side,stated,the award winning dining room sits on the Lower East Side
6728,6728,"Zainab Bhandari, a woman who runs the pass and says nothing above a murmur",nb:West Village,stated,the chophouse with almost no seats is in the West Village
6729,6729,"Chen Ueda, a bartender making the same drink four hundred times a night",nb:Williamsburg,inferred,a two star Brooklyn tasting counter reads as Williamsburg
6730,6730,"Vladan Novotny, a man photographing every plate before anybody may eat",nb:Greenwich Village,stated,the Greenwich Village South Indian wood fire room is Semma
6731,6731,"Hakim Bakhtiari, a chef being asked about the narrative instead of the food",nb:Lower East Side,stated,the award winning dining room sits on the Lower East Side
6732,6732,"Peg Hollingsworth, a chef in the dining room that won everything last year",nb:West Village,stated,the painting is set in a West Village chophouse with almost no seats
6733,6733,"Renita Cheatham, a woman who holds the door and the reservation book",nb:Williamsburg,inferred,a two star Brooklyn tasting counter reads as Williamsburg
6734,6734,"Shaya Gottlieb, a man who runs a chophouse with almost no seats",nb:Greenwich Village,stated,the painting is set in a Greenwich Village South Indian room with a wood fire
6735,6735,"Tenzin Rai, a chef who cooks over a wood fire in an open Village kitchen",nb:Lower East Side,stated,the painting is set in a Lower East Side dining room that won every award last year
6736,6736,"Babatunde Nwachukwu, a man at a pale wood tasting counter with two stars",nb:West Village,stated,the painting is set in a West Village chophouse with almost no seats
6737,6737,"Icilda Saint-Fleur, a woman who has refused a bribe every night for three years",nb:Williamsburg,inferred,a two star Brooklyn tasting counter reads as Williamsburg
6738,6738,"Yesenia Castellanos, a sommelier who has stopped explaining and just pours",nb:Greenwich Village,stated,the Greenwich Village South Indian wood fire room is Semma
6739,6739,"Gopal Krishnamurthy, a man who books the impossible table for other people for a fee",nb:Lower East Side,stated,the award winning dining room sits on the Lower East Side
6740,6740,"Xiuying Hwang, a woman who waited four months and is finally sitting down",nb:West Village,stated,the chophouse with almost no seats is in the West Village
6741,6741,The Man at the Pan Roast Stove Under Grand Central,key:grand_central,stated,the tile vaults under the terminal are the Oyster Bar
6742,6742,The Waiter Who Takes No Cards in Williamsburg,key:peter_luger,stated,a cash only Williamsburg steakhouse with German waiters is Peter Luger
6743,6743,The Woman Who Numbers the Clay Pipes,key:herald_sq2,stated,the Herald Square chophouse hung with clay pipes is Keens
6744,6744,The Man Who Reopened the Room After the Fire,nb:Financial District,stated,the Fulton Street room with gaslight is Delmonico's downtown
6745,6745,The Man Who Shucks Under the Terminal,key:grand_central,stated,the tile vaults under the terminal are the Oyster Bar
6746,6746,"Marek Bogdanov, a shucker behind a curved counter under vaulted herringbone tile",key:peter_luger,stated,a cash only Williamsburg steakhouse with German waiters is Peter Luger
6747,6747,"Waleed Khalil, a man at a bank of small steam kettles making pan roasts",key:herald_sq2,stated,the Herald Square chophouse hung with clay pipes is Keens
6748,6748,"Carmine Fenwick, a waiter in a Williamsburg steakhouse that takes no cards",nb:Financial District,stated,the Fulton Street room with gaslight is Delmonico's downtown
6749,6749,"Toya Danridge, a woman who numbers the clay pipes on a smoke darkened ceiling",key:grand_central,stated,the tile vaults under the terminal are the Oyster Bar
6750,6750,"Avi Silverstein, a man who reopened a Fulton Street dining room after the fire",key:peter_luger,stated,a cash only Williamsburg steakhouse with German waiters is Peter Luger
6751,6751,"Analiza Tsering, a carver at a chophouse where the mutton chop has not changed since 1885",key:herald_sq2,stated,the Herald Square chophouse hung with clay pipes is Keens
6752,6752,"Amara Cisse, a woman who polishes a mosaic floor before the room opens",nb:Financial District,stated,the Fulton Street room with gaslight is Delmonico's downtown
6753,6753,"Verona Whyte, a captain who has run the same station for thirty years",key:grand_central,stated,the tile vaults under the terminal are the Oyster Bar
6754,6754,"Hipolito Marchena, a man who ages the beef in a locker below the dining room",key:peter_luger,stated,a cash only Williamsburg steakhouse with German waiters is Peter Luger
6755,6755,"Anjali Hossain, a woman who keeps the cellar book of a hundred year old room",key:herald_sq2,stated,the Herald Square chophouse hung with clay pipes is Keens
6756,6756,"Guo-Rong Seo, a bartender under a vaulted tile ceiling at rush hour",nb:Financial District,stated,the Fulton Street room with gaslight is Delmonico's downtown
6757,6757,"Grigore Kaczmarek, a man who has commuted through this terminal and eaten here since 1979",key:grand_central,stated,the tile vaults under the terminal are the Oyster Bar
6758,6758,"Hoda Sabbagh, a woman who lays every table with the same measured spacing",key:peter_luger,stated,a cash only Williamsburg steakhouse with German waiters is Peter Luger
6759,6759,"Sal Moran, a chef who cooks the same eleven dishes his predecessor cooked",key:herald_sq2,stated,the Herald Square chophouse hung with clay pipes is Keens
6760,6760,"Andre Wilkes, a man who cleans the gaslight fixtures by hand",nb:Financial District,stated,the Fulton Street room with gaslight is Delmonico's downtown
6761,6761,"Moshe Landau, a young waiter learning a room older than his grandparents",key:grand_central,stated,the tile vaults under the terminal are the Oyster Bar
6762,6762,"Bayarmaa Bautista, a woman who runs the oyster delivery from the harbour at dawn",key:peter_luger,stated,a cash only Williamsburg steakhouse with German waiters is Peter Luger
6763,6763,"Adaeze Danquah, a maitre d' who knows which regulars want to be seen",key:herald_sq2,stated,the Herald Square chophouse hung with clay pipes is Keens
6764,6764,"Lloyd Hyacinth, a shucker behind a curved counter under vaulted herringbone tile",nb:Financial District,stated,the Fulton Street room with gaslight is Delmonico's downtown
6765,6765,"Ismael Nunez-Paz, a man at a bank of small steam kettles making pan roasts",key:grand_central,stated,the tile vaults under the terminal are the Oyster Bar
6766,6766,"Kiran Bhandari, a waiter in a Williamsburg steakhouse that takes no cards",key:peter_luger,stated,a cash only Williamsburg steakhouse with German waiters is Peter Luger
6767,6767,"Eun-ji Yamashita, a woman who numbers the clay pipes on a smoke darkened ceiling",key:herald_sq2,stated,the Herald Square chophouse hung with clay pipes is Keens
6768,6768,"Nikolai Ilic, a man who reopened a Fulton Street dining room after the fire",nb:Financial District,stated,the Fulton Street room with gaslight is Delmonico's downtown
6769,6769,"Salma Mansour, a carver at a chophouse where the mutton chop has not changed since 1885",key:grand_central,stated,the tile vaults under the terminal are the Oyster Bar
6770,6770,"Nuala Achterman, a woman who polishes a mosaic floor before the room opens",key:peter_luger,stated,a cash only Williamsburg steakhouse with German waiters is Peter Luger
6771,6771,"Ebony Rucker, a captain who has run the same station for thirty years",key:herald_sq2,stated,the Herald Square chophouse hung with clay pipes is Keens
6772,6772,"Gedalia Rubinstein, a man who ages the beef in a locker below the dining room",nb:Financial District,stated,the Fulton Street room with gaslight is Delmonico's downtown
6773,6773,"Yangzom Lama, a woman who keeps the cellar book of a hundred year old room",key:grand_central,stated,the tile vaults under the terminal are the Oyster Bar
6774,6774,"Sekou Toure, a bartender under a vaulted tile ceiling at rush hour",key:peter_luger,stated,a cash only Williamsburg steakhouse with German waiters is Peter Luger
6775,6775,"Everton Charlemagne, a man who has commuted through this terminal and eaten here since 1979",key:herald_sq2,stated,the Herald Square chophouse hung with clay pipes is Keens
6776,6776,"Dulce Rivas, a woman who lays every table with the same measured spacing",nb:Financial District,stated,the Fulton Street room with gaslight is Delmonico's downtown
6777,6777,"Imran Hossain, a chef who cooks the same eleven dishes his predecessor cooked",key:grand_central,stated,the tile vaults under the terminal are the Oyster Bar
6778,6778,"Feng Tran-Wu, a man who cleans the gaslight fixtures by hand",key:peter_luger,stated,a cash only Williamsburg steakhouse with German waiters is Peter Luger
6779,6779,"Emil Szabo, a young waiter learning a room older than his grandparents",key:herald_sq2,stated,the Herald Square chophouse hung with clay pipes is Keens
6780,6780,"Lina Aziz, a woman who runs the oyster delivery from the harbour at dawn",nb:Financial District,stated,the Fulton Street room with gaslight is Delmonico's downtown
6781,6781,"Marguerite Wren, a maitre d' who knows which regulars want to be seen",key:grand_central,stated,the tile vaults under the terminal are the Oyster Bar
6782,6782,"Otis Cheatham, a shucker behind a curved counter under vaulted herringbone tile",key:peter_luger,stated,a cash only Williamsburg steakhouse with German waiters is Peter Luger
6783,6783,"Yosef Halpern, a man at a bank of small steam kettles making pan roasts",key:herald_sq2,stated,the Herald Square chophouse hung with clay pipes is Keens
6784,6784,"Nurlan Delos-Reyes, a waiter in a Williamsburg steakhouse that takes no cards",nb:Financial District,stated,the Fulton Street room with gaslight is Delmonico's downtown
6785,6785,"Ngozi Keita, a woman who numbers the clay pipes on a smoke darkened ceiling",key:grand_central,stated,the tile vaults under the terminal are the Oyster Bar
6786,6786,"Fitzroy Bonaparte, a man who reopened a Fulton Street dining room after the fire",key:peter_luger,stated,a cash only Williamsburg steakhouse with German waiters is Peter Luger
6787,6787,"Araceli Guzman, a carver at a chophouse where the mutton chop has not changed since 1885",key:herald_sq2,stated,the Herald Square chophouse hung with clay pipes is Keens
6788,6788,"Kavitha Narayanan, a woman who polishes a mosaic floor before the room opens",nb:Financial District,stated,the Fulton Street room with gaslight is Delmonico's downtown
6789,6789,"Lifen Cheung, a captain who has run the same station for thirty years",key:grand_central,stated,the tile vaults under the terminal are the Oyster Bar
6790,6790,"Kazimierz Melnyk, a man who ages the beef in a locker below the dining room",key:peter_luger,stated,a cash only Williamsburg steakhouse with German waiters is Peter Luger
6791,6791,The Cook Who Eats at Wo Hop After Her Own Shift,key:mott_st,stated,the Chinatown room at three is Wo Hop on Mott Street
6792,6792,The Man Who Has Sold Knishes Since 1910's Recipe,key:houston_st,stated,the 1910 knish bakery on Houston Street is Yonah Schimmel
6793,6793,The Woman at the Cuban Window That Never Shuts,key:veselka,stated,the all night Ukrainian counter is Veselka
6794,6794,The Man Who Has Worked the Wok Since Before the Bridge Closed,nb:Upper West Side,inferred,the round the clock Cuban window belongs on the Upper West Side
6795,6795,The Woman Who Serves the Night Shift Their Breakfast,key:mott_st,stated,the Chinatown room at three is Wo Hop on Mott Street
6796,6796,"Maryam Farhat, a cook eating in a low ceilinged Chinatown room at three",key:houston_st,stated,the 1910 knish bakery on Houston Street is Yonah Schimmel
6797,6797,"Gennaro Belsky, a man at a Houston Street knish counter with a wooden dumbwaiter",key:veselka,stated,the all night Ukrainian counter is Veselka
6798,6798,"Trina Sealy, a woman leaning through an all night Cuban takeaway window",nb:Upper West Side,inferred,the round the clock Cuban window belongs on the Upper West Side
6799,6799,"Aaron Kravitz, a wok cook with the flame climbing the wall",key:mott_st,stated,the Chinatown room at three is Wo Hop on Mott Street
6800,6800,"Marilou Aung-Thein, a waitress serving the night shift their breakfast",key:houston_st,stated,the 1910 knish bakery on Houston Street is Yonah Schimmel
6801,6801,"Mamadou Asante, a man who sweeps a Chinatown dining room at four in the morning",key:veselka,stated,the all night Ukrainian counter is Veselka
6802,6802,"Pearline Achille, a woman who bakes through the night for the morning trade",nb:Upper West Side,inferred,the round the clock Cuban window belongs on the Upper West Side
6803,6803,"Ruben Cordero, a cab driver eating alone at a counter at two",key:mott_st,stated,the Chinatown room at three is Wo Hop on Mott Street
6804,6804,"Sohail Narayanan, a man who runs a twenty four hour counter alone on a Tuesday",key:houston_st,stated,the 1910 knish bakery on Houston Street is Yonah Schimmel
6805,6805,"Dae-ho Fung, a nurse coming off a shift and eating standing up",key:veselka,stated,the all night Ukrainian counter is Veselka
6806,6806,"Oksana Bogdanov, a woman who has kept the same all night griddle for nineteen years",nb:Upper West Side,inferred,the round the clock Cuban window belongs on the Upper West Side
6807,6807,"Fadi Ozturk, a delivery rider warming his hands at a lit window",key:mott_st,stated,the Chinatown room at three is Wo Hop on Mott Street
6808,6808,"Mario Pettigrew, a man who unlocks the shutter at five for the bakers",key:houston_st,stated,the 1910 knish bakery on Houston Street is Yonah Schimmel
6809,6809,"Shanice Pinkney, a woman who has never worked a daylight shift in her life",key:veselka,stated,the all night Ukrainian counter is Veselka
6810,6810,"Mendel Feldman, a busboy who does his homework between tables at three",nb:Upper West Side,inferred,the round the clock Cuban window belongs on the Upper West Side
6811,6811,"Aung Gyaltsen, a cook who came here after his own kitchen closed",key:mott_st,stated,the Chinatown room at three is Wo Hop on Mott Street
6812,6812,"Folasade Eze, a woman who counts the register at dawn",key:houston_st,stated,the 1910 knish bakery on Houston Street is Yonah Schimmel
6813,6813,"Dwayne Cadogan, a regular who only exists between two and five",key:veselka,stated,the all night Ukrainian counter is Veselka
6814,6814,"Maribel Villalobos, a cook eating in a low ceilinged Chinatown room at three",nb:Upper West Side,inferred,the round the clock Cuban window belongs on the Upper West Side
6815,6815,"Farhan Mirza, a man at a Houston Street knish counter with a wooden dumbwaiter",key:mott_st,stated,the Chinatown room at three is Wo Hop on Mott Street
6816,6816,"Wei-Lin Kobayashi, a woman leaning through an all night Cuban takeaway window",key:houston_st,stated,the 1910 knish bakery on Houston Street is Yonah Schimmel
6817,6817,"Tomasz Stanescu, a wok cook with the flame climbing the wall",key:veselka,stated,the all night Ukrainian counter is Veselka
6818,6818,"Rima Yildiz, a waitress serving the night shift their breakfast",nb:Upper West Side,inferred,the round the clock Cuban window belongs on the Upper West Side
6819,6819,"Franco Nightingale, a man who sweeps a Chinatown dining room at four in the morning",key:mott_st,stated,the Chinatown room at three is Wo Hop on Mott Street
6820,6820,"Denise Coates, a woman who bakes through the night for the morning trade",key:houston_st,stated,the 1910 knish bakery on Houston Street is Yonah Schimmel
6821,6821,"Ephraim Blum, a cab driver eating alone at a counter at two",key:veselka,stated,the all night Ukrainian counter is Veselka
6822,6822,"Karma Khaing, a man who runs a twenty four hour counter alone on a Tuesday",nb:Upper West Side,inferred,the round the clock Cuban window belongs on the Upper West Side
6823,6823,"Uche Bah, a nurse coming off a shift and eating standing up",key:mott_st,stated,the Chinatown room at three is Wo Hop on Mott Street
6824,6824,"Yvonne Jean-Baptiste, a woman who has kept the same all night griddle for nineteen years",key:houston_st,stated,the 1910 knish bakery on Houston Street is Yonah Schimmel
6825,6825,"Rafael Arocho, a delivery rider warming his hands at a lit window",key:veselka,stated,the all night Ukrainian counter is Veselka
6826,6826,"Asif Subramanian, a man who unlocks the shutter at five for the bakers",nb:Upper West Side,inferred,the round the clock Cuban window belongs on the Upper West Side
6827,6827,"Mei Ng, a woman who has never worked a daylight shift in her life",key:mott_st,stated,the Chinatown room at three is Wo Hop on Mott Street
6828,6828,"Sergei Horvat, a busboy who does his homework between tables at three",key:houston_st,stated,the 1910 knish bakery on Houston Street is Yonah Schimmel
6829,6829,"Halim Ansari, a cook who came here after his own kitchen closed",key:veselka,stated,the all night Ukrainian counter is Veselka
6830,6830,"Maeve Buonocore, a woman who counts the register at dawn",nb:Upper West Side,inferred,the round the clock Cuban window belongs on the Upper West Side
6831,6831,"Darnell Danridge, a regular who only exists between two and five",key:mott_st,stated,the Chinatown room at three is Wo Hop on Mott Street
6832,6832,"Leah Teitelbaum, a cook eating in a low ceilinged Chinatown room at three",key:houston_st,stated,the 1910 knish bakery on Houston Street is Yonah Schimmel
6833,6833,"Ngawang Thapa, a man at a Houston Street knish counter with a wooden dumbwaiter",key:veselka,stated,the all night Ukrainian counter is Veselka
6834,6834,"Aminata Sanogo, a woman leaning through an all night Cuban takeaway window",nb:Upper West Side,inferred,the round the clock Cuban window belongs on the Upper West Side
6835,6835,"Rohan Saint-Fleur, a wok cook with the flame climbing the wall",key:mott_st,stated,the Chinatown room at three is Wo Hop on Mott Street
6836,6836,"Soledad Marchena, a waitress serving the night shift their breakfast",key:houston_st,stated,the 1910 knish bakery on Houston Street is Yonah Schimmel
6837,6837,"Rajesh Chakraborty, a man who sweeps a Chinatown dining room at four in the morning",key:veselka,stated,the all night Ukrainian counter is Veselka
6838,6838,"Soo-jin Jeong, a woman who bakes through the night for the morning trade",nb:Upper West Side,inferred,the round the clock Cuban window belongs on the Upper West Side
6839,6839,"Miroslav Kovalenko, a cab driver eating alone at a counter at two",key:mott_st,stated,the Chinatown room at three is Wo Hop on Mott Street
6840,6840,"Karim Chalabi, a man who runs a twenty four hour counter alone on a Tuesday",key:houston_st,stated,the 1910 knish bakery on Houston Street is Yonah Schimmel
6841,6841,The Woman Who Has Worked the Coney Island Stand Since the Boardwalk Burned,key:coney,stated,the 1916 boardwalk stand is Nathan's on Coney Island
6842,6842,The Man Whose Midtown Cart Has the Line at One,key:53rd_6th,stated,the Midtown halal cart at one is the corner of 53rd and 6th
6843,6843,The Man at the Papaya Window,key:72nd_st,stated,the Upper West Side papaya window is Gray's at 72nd and Broadway
6844,6844,The Woman Who Drives the Truck That Plays Eight Bars,nb:Canarsie,inferred,"the soft serve truck works any street, this run is Canarsie"
6845,6845,The Woman Who Has Run the Same Corner Since 1994,key:coney,stated,the 1916 boardwalk stand is Nathan's on Coney Island
6846,6846,"Bridget Feeney, a woman at a Coney Island boardwalk stand from 1916",key:53rd_6th,stated,the Midtown halal cart at one is the corner of 53rd and 6th
6847,6847,"Kelvin Rucker, a man whose Midtown halal cart has a line at one in the morning",key:72nd_st,stated,the Upper West Side papaya window is Gray's at 72nd and Broadway
6848,6848,"Zev Mandelbaum, a man at an Upper West Side papaya and hot dog window",nb:Ridgewood,inferred,"the soft serve truck works any street, this run is Ridgewood"
6849,6849,"Khin Dorjee, a woman driving a soft serve truck that plays eight bars forever",key:coney,stated,the 1916 boardwalk stand is Nathan's on Coney Island
6850,6850,"Kwesi Achebe, a cart operator who rents his permit from somebody he has never met",key:53rd_6th,stated,the Midtown halal cart at one is the corner of 53rd and 6th
6851,6851,"Marcia Springer, a woman who has held the same corner since 1994",key:72nd_st,stated,the Upper West Side papaya window is Gray's at 72nd and Broadway
6852,6852,"Aurelio Betancourt, a man who sells nuts from a cart with a smell you can follow two blocks",nb:Mott Haven,inferred,"the soft serve truck works any street, this run is Mott Haven"
6853,6853,"Meera Mirza, a woman with a churro cart on a subway platform watching for the badge",key:coney,stated,the 1916 boardwalk stand is Nathan's on Coney Island
6854,6854,"Shinji Matsuda, a man who sells fruit cups on a Bronx corner in August",key:53rd_6th,stated,the Midtown halal cart at one is the corner of 53rd and 6th
6855,6855,"Radmila Kaczmarek, a woman who runs a tamale operation from a shopping cart at dawn",key:72nd_st,stated,the Upper West Side papaya window is Gray's at 72nd and Broadway
6856,6856,"Reza Barakat, a man who sets up before sunrise and breaks down after midnight",nb:Bay Ridge,inferred,"the soft serve truck works any street, this run is Bay Ridge"
6857,6857,"Nora Stavrakis, a woman selling coco helado from a pushcart",key:coney,stated,the 1916 boardwalk stand is Nathan's on Coney Island
6858,6858,"Maurice Sealy, a man who fixes carts in a Queens lot for the whole trade",key:53rd_6th,stated,the Midtown halal cart at one is the corner of 53rd and 6th
6859,6859,"Faige Lieberman, a woman selling flowers outside a subway entrance",key:72nd_st,stated,the Upper West Side papaya window is Gray's at 72nd and Broadway
6860,6860,"Lhakpa Macaraeg, a hot dog vendor at the base of a landmark who charges what tourists will pay",nb:Jackson Heights,inferred,"the soft serve truck works any street, this run is Jackson Heights"
6861,6861,"Obinna Owusu, a man who sells sugarcane juice on a Jackson Heights corner",key:coney,stated,the 1916 boardwalk stand is Nathan's on Coney Island
6862,6862,"Camille Dorsainvil, a woman who has fed the same office block for eleven years",key:53rd_6th,stated,the Midtown halal cart at one is the corner of 53rd and 6th
6863,6863,"Cesar Zambrano, a boy helping his father on the cart before school",key:72nd_st,stated,the Upper West Side papaya window is Gray's at 72nd and Broadway
6864,6864,"Deepa Subramanian, a woman at a Coney Island boardwalk stand from 1916",nb:Sunset Park,inferred,"the soft serve truck works any street, this run is Sunset Park"
6865,6865,"Zhen Hwang, a man whose Midtown halal cart has a line at one in the morning",key:coney,stated,the 1916 boardwalk stand is Nathan's on Coney Island
6866,6866,"Yaroslav Adamczyk, a man at an Upper West Side papaya and hot dog window",key:53rd_6th,stated,the Midtown halal cart at one is the corner of 53rd and 6th
6867,6867,"Nour Bakhtiari, a woman driving a soft serve truck that plays eight bars forever",key:72nd_st,stated,the Upper West Side papaya window is Gray's at 72nd and Broadway
6868,6868,"Silvio Hollingsworth, a cart operator who rents his permit from somebody he has never met",nb:Inwood,inferred,"the soft serve truck works any street, this run is Inwood"
6869,6869,"Adrienne Devereaux, a woman who has held the same corner since 1994",key:coney,stated,the 1916 boardwalk stand is Nathan's on Coney Island
6870,6870,"Shmuel Zilberman, a man who sells nuts from a cart with a smell you can follow two blocks",key:53rd_6th,stated,the Midtown halal cart at one is the corner of 53rd and 6th
6871,6871,"Choden Sarmiento, a woman with a churro cart on a subway platform watching for the badge",key:72nd_st,stated,the Upper West Side papaya window is Gray's at 72nd and Broadway
6872,6872,"Tunde Sy, a man who sells fruit cups on a Bronx corner in August",nb:St. George,inferred,"the soft serve truck works any street, this run is St. George"
6873,6873,"Shantel Blackman, a woman who runs a tamale operation from a shopping cart at dawn",key:coney,stated,the 1916 boardwalk stand is Nathan's on Coney Island
6874,6874,"Nestor Escalante, a man who sets up before sunrise and breaks down after midnight",key:53rd_6th,stated,the Midtown halal cart at one is the corner of 53rd and 6th
6875,6875,"Priya Chakraborty, a woman selling coco helado from a pushcart",key:72nd_st,stated,the Upper West Side papaya window is Gray's at 72nd and Broadway
6876,6876,"Yosuke Yamashita, a man who fixes carts in a Queens lot for the whole trade",nb:Throgs Neck,inferred,"the soft serve truck works any street, this run is Throgs Neck"
6877,6877,"Wanda Ilic, a woman selling flowers outside a subway entrance",key:coney,stated,the 1916 boardwalk stand is Nathan's on Coney Island
6878,6878,"Farid Kaya, a hot dog vendor at the base of a landmark who charges what tourists will pay",key:53rd_6th,stated,the Midtown halal cart at one is the corner of 53rd and 6th
6879,6879,"Aldo Achterman, a man who sells sugarcane juice on a Jackson Heights corner",key:72nd_st,stated,the Upper West Side papaya window is Gray's at 72nd and Broadway
6880,6880,"Bernice Starks, a woman who has fed the same office block for eleven years",nb:Woodside,inferred,"the soft serve truck works any street, this run is Woodside"
6881,6881,"Eli Rosenblatt, a boy helping his father on the cart before school",key:coney,stated,the 1916 boardwalk stand is Nathan's on Coney Island
6882,6882,"Ilagan Bhutia, a woman at a Coney Island boardwalk stand from 1916",key:53rd_6th,stated,the Midtown halal cart at one is the corner of 53rd and 6th
6883,6883,"Boubacar Balogun, a man whose Midtown halal cart has a line at one in the morning",key:72nd_st,stated,the Upper West Side papaya window is Gray's at 72nd and Broadway
6884,6884,"Junior Whyte, a man at an Upper West Side papaya and hot dog window",nb:Midwood,inferred,"the soft serve truck works any street, this run is Midwood"
6885,6885,"Damaris Nunez-Paz, a woman driving a soft serve truck that plays eight bars forever",key:coney,stated,the 1916 boardwalk stand is Nathan's on Coney Island
6886,6886,"Anand Sengupta, a cart operator who rents his permit from somebody he has never met",key:53rd_6th,stated,the Midtown halal cart at one is the corner of 53rd and 6th
6887,6887,"Xiaoling Xu, a woman who has held the same corner since 1994",key:72nd_st,stated,the Upper West Side papaya window is Gray's at 72nd and Broadway
6888,6888,"Bogdan Danylchenko, a man who sells nuts from a cart with a smell you can follow two blocks",nb:Great Kills,inferred,"the soft serve truck works any street, this run is Great Kills"
6889,6889,"Souad Khalil, a woman with a churro cart on a subway platform watching for the badge",key:coney,stated,the 1916 boardwalk stand is Nathan's on Coney Island
6890,6890,"Enzo Wren, a man who sells fruit cups on a Bronx corner in August",key:53rd_6th,stated,the Midtown halal cart at one is the corner of 53rd and 6th
6891,6891,The Man Who Carries Ten Mugs at McSorley's,key:mcsorleys,stated,the East Village alehouse with sawdust and two ales is McSorley's
6892,6892,The Woman Who Poured at the White Horse,key:white_horse,stated,the Hudson Street tavern with a poet's corner is the White Horse
6893,6893,The Man Who Reopens the Bar After Every Flood,key:spring_st,stated,the federal house room on Spring Street by the river is the Ear Inn
6894,6894,The Man Who Keeps the Federal House on Spring Street,key:red_hook_pier,stated,the Red Hook waterfront bar that floods and reopens is Sunny's
6895,6895,The Man Who Serves Only Two Kinds of Ale,key:mcsorleys,stated,the East Village alehouse with sawdust and two ales is McSorley's
6896,6896,"Lamont Foster-Ames, a man carrying ten small mugs in two hands across a sawdust floor",key:white_horse,stated,the Hudson Street tavern with a poet's corner is the White Horse
6897,6897,"Malka Katzenberg, a woman pouring behind a dark bar in a low West Village room",key:spring_st,stated,the federal house room on Spring Street by the river is the Ear Inn
6898,6898,"Dorje Wangdu, a man who reopens a Red Hook bar after every flood",key:red_hook_pier,stated,the Red Hook waterfront bar that floods and reopens is Sunny's
6899,6899,"Segun Cisse, a keeper of a federal house bar near the river",key:mcsorleys,stated,the East Village alehouse with sawdust and two ales is McSorley's
6900,6900,"Odessa Baptiste, a bartender at an Union Square room with a hundred year old urinal",key:white_horse,stated,the Hudson Street tavern with a poet's corner is the White Horse
6901,6901,"Perla Cordero, a woman who keeps a corner table empty out of habit",key:spring_st,stated,the federal house room on Spring Street by the river is the Ear Inn
6902,6902,"Vikram Bajwa, a man who stokes the stove in the middle of the barroom floor",key:red_hook_pier,stated,the Red Hook waterfront bar that floods and reopens is Sunny's
6903,6903,"Sung-min Cheung, a bartender at a Village room that has been a refuge since 1864",key:mcsorleys,stated,the East Village alehouse with sawdust and two ales is McSorley's
6904,6904,"Jadwiga Szabo, a woman who runs a Times Square bar the size of a hallway",key:white_horse,stated,the Hudson Street tavern with a poet's corner is the White Horse
6905,6905,"Sami Demir, a man who has drunk in the same seat for forty years",key:spring_st,stated,the federal house room on Spring Street by the river is the Ear Inn
6906,6906,"Colleen Quilty, a woman who tends a Brooklyn waterfront bar with a piano nobody tunes",key:red_hook_pier,stated,the Red Hook waterfront bar that floods and reopens is Sunny's
6907,6907,"Booker Pinkney, a bartender who has never once made a cocktail with a name",key:mcsorleys,stated,the East Village alehouse with sawdust and two ales is McSorley's
6908,6908,"Naftali Friedlander, a man who dusts the wishbones over the bar once a year",key:white_horse,stated,the Hudson Street tavern with a poet's corner is the White Horse
6909,6909,"Aliyah Nyein, a woman who runs the back room where the songs happen",key:spring_st,stated,the federal house room on Spring Street by the river is the Ear Inn
6910,6910,"Emeka Okonkwo, a doorman who has thrown out three generations of the same family",key:red_hook_pier,stated,the Red Hook waterfront bar that floods and reopens is Sunny's
6911,6911,"Damion Achille, a bartender at a hotel bar with a mural everybody photographs",key:mcsorleys,stated,the East Village alehouse with sawdust and two ales is McSorley's
6912,6912,"Milagros Arocho, a woman who inherited the bar and the lawsuit with it",key:white_horse,stated,the Hudson Street tavern with a poet's corner is the White Horse
6913,6913,"Tanveer Ramaswamy, a man who has poured the same two ales since 1979",key:spring_st,stated,the federal house room on Spring Street by the river is the Ear Inn
6914,6914,"Hyun-woo Kobayashi, a man carrying ten small mugs in two hands across a sawdust floor",key:red_hook_pier,stated,the Red Hook waterfront bar that floods and reopens is Sunny's
6915,6915,"Svetlana Melnyk, a woman pouring behind a dark bar in a low West Village room",key:mcsorleys,stated,the East Village alehouse with sawdust and two ales is McSorley's
6916,6916,"Bassam Kholghi, a man who reopens a Red Hook bar after every flood",key:white_horse,stated,the Hudson Street tavern with a poet's corner is the White Horse
6917,6917,"Salvatore Buonocore, a keeper of a federal house bar near the river",key:spring_st,stated,the federal house room on Spring Street by the river is the Ear Inn
6918,6918,"Yolanda Ellis, a bartender at an Union Square room with a hundred year old urinal",key:red_hook_pier,stated,the Red Hook waterfront bar that floods and reopens is Sunny's
6919,6919,"Rochel Gottlieb, a woman who keeps a corner table empty out of habit",key:mcsorleys,stated,the East Village alehouse with sawdust and two ales is McSorley's
6920,6920,"Rinchen Ilagan, a man who stokes the stove in the middle of the barroom floor",key:white_horse,stated,the Hudson Street tavern with a poet's corner is the White Horse
6921,6921,"Chidi Danquah, a bartender at a Village room that has been a refuge since 1864",key:spring_st,stated,the federal house room on Spring Street by the river is the Ear Inn
6922,6922,"Lurline Toussaint, a woman who runs a Times Square bar the size of a hallway",key:red_hook_pier,stated,the Red Hook waterfront bar that floods and reopens is Sunny's
6923,6923,"Efrain Sandoval, a man who has drunk in the same seat for forty years",key:mcsorleys,stated,the East Village alehouse with sawdust and two ales is McSorley's
6924,6924,"Sunita Sengupta, a woman who tends a Brooklyn waterfront bar with a piano nobody tunes",key:white_horse,stated,the Hudson Street tavern with a poet's corner is the White Horse
6925,6925,"Kenji Ng, a bartender who has never once made a cocktail with a name",key:spring_st,stated,the federal house room on Spring Street by the river is the Ear Inn
6926,6926,"Piotr Wierzbicki, a man who dusts the wishbones over the bar once a year",key:red_hook_pier,stated,the Red Hook waterfront bar that floods and reopens is Sunny's
6927,6927,"Layal Ozturk, a woman who runs the back room where the songs happen",key:mcsorleys,stated,the East Village alehouse with sawdust and two ales is McSorley's
6928,6928,"Angelo Donnelly, a doorman who has thrown out three generations of the same family",key:white_horse,stated,the Hudson Street tavern with a poet's corner is the White Horse
6929,6929,"Ossie Devereaux, a bartender at a hotel bar with a mural everybody photographs",key:spring_st,stated,the federal house room on Spring Street by the river is the Ear Inn
6930,6930,"Sarala Silverstein, a woman who inherited the bar and the lawsuit with it",key:red_hook_pier,stated,the Red Hook waterfront bar that floods and reopens is Sunny's
6931,6931,"Tashi Sherpa, a man who has poured the same two ales since 1979",key:mcsorleys,stated,the East Village alehouse with sawdust and two ales is McSorley's
6932,6932,"Emeka Keita, a man carrying ten small mugs in two hands across a sawdust floor",key:white_horse,stated,the Hudson Street tavern with a poet's corner is the White Horse
6933,6933,"Petronella Fairweather, a woman pouring behind a dark bar in a low West Village room",key:spring_st,stated,the federal house room on Spring Street by the river is the Ear Inn
6934,6934,"Ignacio Almonte, a man who reopens a Red Hook bar after every flood",key:red_hook_pier,stated,the Red Hook waterfront bar that floods and reopens is Sunny's
6935,6935,"Devendra Raghunathan, a keeper of a federal house bar near the river",key:mcsorleys,stated,the East Village alehouse with sawdust and two ales is McSorley's
6936,6936,"Lian Chow, a bartender at an Union Square room with a hundred year old urinal",key:white_horse,stated,the Hudson Street tavern with a poet's corner is the White Horse
6937,6937,"Iryna Stanescu, a woman who keeps a corner table empty out of habit",key:spring_st,stated,the federal house room on Spring Street by the river is the Ear Inn
6938,6938,"Nizar Osmani, a man who stokes the stove in the middle of the barroom floor",key:red_hook_pier,stated,the Red Hook waterfront bar that floods and reopens is Sunny's
6939,6939,"Gus Feeney, a bartender at a Village room that has been a refuge since 1864",key:mcsorleys,stated,the East Village alehouse with sawdust and two ales is McSorley's
6940,6940,"Aaliyah Pratt, a woman who runs a Times Square bar the size of a hallway",key:white_horse,stated,the Hudson Street tavern with a poet's corner is the White Horse
6941,6941,The Woman Who Minds the Tree Stump at the Apollo,key:cbgb,stated,the Bowery club with a canopy and low stage is CBGB
6942,6942,The Man Who Worked the Door at the Bowery Club,key:55_bar,stated,the wedge shaped basement on Seventh Avenue South is the Village Vanguard
6943,6943,The Woman Who Runs the Wedge Shaped Basement,key:apollo,stated,the Harlem theatre with amateur night and a tree stump is the Apollo
6944,6944,The Man Who Loads In at the Harlem Theatre,key:hotel_new_yorker,stated,the Midtown hotel room where the old inventor fed pigeons is the Hotel New Yorker
6945,6945,The Man Who Kept the Room for the Old Inventor,key:cbgb,stated,the Bowery club with a canopy and low stage is CBGB
6946,6946,"Boruch Weiss, a doorman who stamped the hands of a generation on the Bowery",key:55_bar,stated,the wedge shaped basement on Seventh Avenue South is the Village Vanguard
6947,6947,"Nilar Rai, a woman who runs a wedge shaped basement jazz room",key:apollo,stated,the Harlem theatre with amateur night and a tree stump is the Apollo
6948,6948,"Kwabena Eze, a stagehand who loads in at a grand Harlem theatre",key:hotel_new_yorker,stated,the Midtown hotel room where the old inventor fed pigeons is the Hotel New Yorker
6949,6949,"Desmond Jean-Baptiste, a man who keeps a plain hotel room where an old inventor fed pigeons",key:cbgb,stated,the Bowery club with a canopy and low stage is CBGB
6950,6950,"Wilfredo Peralta, a sound engineer in a room with terrible sightlines and perfect sound",key:55_bar,stated,the wedge shaped basement on Seventh Avenue South is the Village Vanguard
6951,6951,"Mehreen Bajwa, a woman who has run the amateur night for thirty years",key:apollo,stated,the Harlem theatre with amateur night and a tree stump is the Apollo
6952,6952,"Bo Jeong, a bouncer at a basement club that ruined and made careers",key:hotel_new_yorker,stated,the Midtown hotel room where the old inventor fed pigeons is the Hotel New Yorker
6953,6953,"Andrei Wozniak, a man who books a hundred and fifty capacity room and loses money doing it",key:cbgb,stated,the Bowery club with a canopy and low stage is CBGB
6954,6954,"Leyla Ansari, a woman who sold merch from a card table for two decades",key:55_bar,stated,the wedge shaped basement on Seventh Avenue South is the Village Vanguard
6955,6955,"Fiona Ferrante, a lighting operator who has never once been thanked",key:apollo,stated,the Harlem theatre with amateur night and a tree stump is the Apollo
6956,6956,"Curtis Starks, a man who swept the stage of a club that no longer exists",key:hotel_new_yorker,stated,the Midtown hotel room where the old inventor fed pigeons is the Hotel New Yorker
6957,6957,"Nechama Landau, a woman who runs the box office of a theatre older than her family here",key:cbgb,stated,the Bowery club with a canopy and low stage is CBGB
6958,6958,"Sangay Abdrakhmanov, a photographer who shot every band that came through and sold none of it",key:55_bar,stated,the wedge shaped basement on Seventh Avenue South is the Village Vanguard
6959,6959,"Chinelo Mensah, a teenager at her first show at the front barrier",key:apollo,stated,the Harlem theatre with amateur night and a tree stump is the Apollo
6960,6960,"Winston Springer, a man who tunes the house piano nobody has replaced since 1957",key:hotel_new_yorker,stated,the Midtown hotel room where the old inventor fed pigeons is the Hotel New Yorker
6961,6961,"Xiomara Betancourt, a woman who worked the coat check and heard everything",key:cbgb,stated,the Bowery club with a canopy and low stage is CBGB
6962,6962,"Suresh Mahadevan, a promoter who has been wrong about the future many times",key:55_bar,stated,the wedge shaped basement on Seventh Avenue South is the Village Vanguard
6963,6963,"Ming-hua Baek, an usher who has watched the same theatre for forty years",key:apollo,stated,the Harlem theatre with amateur night and a tree stump is the Apollo
6964,6964,"Lech Yakovlev, a doorman who stamped the hands of a generation on the Bowery",key:hotel_new_yorker,stated,the Midtown hotel room where the old inventor fed pigeons is the Hotel New Yorker
6965,6965,"Nadia Chalabi, a woman who runs a wedge shaped basement jazz room",key:cbgb,stated,the Bowery club with a canopy and low stage is CBGB
6966,6966,"Vincent Stavrakis, a stagehand who loads in at a grand Harlem theatre",key:55_bar,stated,the wedge shaped basement on Seventh Avenue South is the Village Vanguard
6967,6967,"Malachi Ellis, a man who keeps a plain hotel room where an old inventor fed pigeons",key:apollo,stated,the Harlem theatre with amateur night and a tree stump is the Apollo
6968,6968,"Yitzchak Ackerman, a sound engineer in a room with terrible sightlines and perfect sound",key:hotel_new_yorker,stated,the Midtown hotel room where the old inventor fed pigeons is the Hotel New Yorker
6969,6969,"Editha Delos-Reyes, a woman who has run the amateur night for thirty years",key:cbgb,stated,the Bowery club with a canopy and low stage is CBGB
6970,6970,"Ibrahim Okonkwo, a bouncer at a basement club that ruined and made careers",key:55_bar,stated,the wedge shaped basement on Seventh Avenue South is the Village Vanguard
6971,6971,"Rupert Dorsainvil, a man who books a hundred and fifty capacity room and loses money doing it",key:apollo,stated,the Harlem theatre with amateur night and a tree stump is the Apollo
6972,6972,"Yolanda Zambrano, a woman who sold merch from a card table for two decades",key:hotel_new_yorker,stated,the Midtown hotel room where the old inventor fed pigeons is the Hotel New Yorker
6973,6973,"Lakshmi Ramaswamy, a lighting operator who has never once been thanked",key:cbgb,stated,the Bowery club with a canopy and low stage is CBGB
6974,6974,"Haruki Xu, a man who swept the stage of a club that no longer exists",key:55_bar,stated,the wedge shaped basement on Seventh Avenue South is the Village Vanguard
6975,6975,"Katarzyna Horvat, a woman who runs the box office of a theatre older than her family here",key:apollo,stated,the Harlem theatre with amateur night and a tree stump is the Apollo
6976,6976,"Tarek Haddad, a photographer who shot every band that came through and sold none of it",key:hotel_new_yorker,stated,the Midtown hotel room where the old inventor fed pigeons is the Hotel New Yorker
6977,6977,"Eileen Halloran, a teenager at her first show at the front barrier",key:cbgb,stated,the Bowery club with a canopy and low stage is CBGB
6978,6978,"Tre Pratt, a man who tunes the house piano nobody has replaced since 1957",key:55_bar,stated,the wedge shaped basement on Seventh Avenue South is the Village Vanguard
6979,6979,"Perel Rubinstein, a woman who worked the coat check and heard everything",key:apollo,stated,the Harlem theatre with amateur night and a tree stump is the Apollo
6980,6980,"Jamyang Gurung, a promoter who has been wrong about the future many times",key:hotel_new_yorker,stated,the Midtown hotel room where the old inventor fed pigeons is the Hotel New Yorker
6981,6981,"Fatoumata Diallo, an usher who has watched the same theatre for forty years",key:cbgb,stated,the Bowery club with a canopy and low stage is CBGB
6982,6982,"Delroy Blackman, a doorman who stamped the hands of a generation on the Bowery",key:55_bar,stated,the wedge shaped basement on Seventh Avenue South is the Village Vanguard
6983,6983,"Consuelo Escalante, a woman who runs a wedge shaped basement jazz room",key:apollo,stated,the Harlem theatre with amateur night and a tree stump is the Apollo
6984,6984,"Arjun Chowdhury, a stagehand who loads in at a grand Harlem theatre",key:hotel_new_yorker,stated,the Midtown hotel room where the old inventor fed pigeons is the Hotel New Yorker
6985,6985,"Jae-won Chow, a man who keeps a plain hotel room where an old inventor fed pigeons",key:cbgb,stated,the Bowery club with a canopy and low stage is CBGB
6986,6986,"Dragan Vasilenko, a sound engineer in a room with terrible sightlines and perfect sound",key:55_bar,stated,the wedge shaped basement on Seventh Avenue South is the Village Vanguard
6987,6987,"Yasmin Barakat, a woman who has run the amateur night for thirty years",key:apollo,stated,the Harlem theatre with amateur night and a tree stump is the Apollo
6988,6988,"Rocco Quilty, a bouncer at a basement club that ruined and made careers",key:hotel_new_yorker,stated,the Midtown hotel room where the old inventor fed pigeons is the Hotel New Yorker
6989,6989,"Deshawn Bridges, a man who books a hundred and fifty capacity room and loses money doing it",key:cbgb,stated,the Bowery club with a canopy and low stage is CBGB
6990,6990,"Rivka Halpern, a woman who sold merch from a card table for two decades",key:55_bar,stated,the wedge shaped basement on Seventh Avenue South is the Village Vanguard
6991,6991,"The Host Who Asks Every Artist for Three Words, for The MLow Show",boro:Brooklyn,stated,a Brooklyn apartment studio with a ring light and two chairs
6992,6992,"The Writer Who Interviews the Interviewers, for Max Cohen",nb:Midtown,stated,a hallway outside a Midtown convention floor
6993,6993,"The Man Who Keeps a Museum With No Walls, for Colborn",nb:Bushwick,stated,a Bushwick gallery back room with a folding table
6994,6994,"The Man Whose Cute Characters Cast Heavy Shadows, for Adamtastic",nb:Brooklyn Navy Yard,stated,a rooftop in the Navy Yard at golden hour
6995,6995,"The Video DJ Whose Manager Is Fictional, for Eclectic Method",boro:Brooklyn,stated,a Brooklyn apartment studio with a ring light and two chairs
6996,6996,"The Guest Who Only Talked About the Gym, for Batzdu",nb:Midtown,stated,a hallway outside a Midtown convention floor
6997,6997,"Adaeze Okonkwo, a woman who runs a two chair interview show out of her Brooklyn living room",nb:Bushwick,stated,a Bushwick gallery back room with a folding table
6998,6998,"Desmond Baptiste, a sound man who holds a boom over a folding table in a gallery back room",nb:Brooklyn Navy Yard,stated,a rooftop in the Navy Yard at golden hour
6999,6999,"Milagros Sandoval, an artist waiting in a hallway to be interviewed for the first time",boro:Brooklyn,stated,a Brooklyn apartment studio with a ring light and two chairs
7000,7000,"Rajesh Raghunathan, a man who edits an hour down to five minutes on a laptop at a kitchen counter",nb:Midtown,stated,a hallway outside a Midtown convention floor
7001,7001,"Wei-Lin Chow, a woman who sings a jingle into a phone before every recording",nb:Bushwick,stated,a Bushwick gallery back room with a folding table
7002,7002,"Tomasz Danylchenko, a guest who came to talk about one drop and stayed for an hour",nb:Brooklyn Navy Yard,stated,a rooftop in the Navy Yard at golden hour
7003,7003,"Halim Demir, a man who books guests from a spreadsheet and a lot of goodwill",boro:Brooklyn,stated,a Brooklyn apartment studio with a ring light and two chairs
7004,7004,"Maeve Donnelly, a woman who transcribes interviews by hand at a diner counter",nb:Midtown,stated,a hallway outside a Midtown convention floor
7005,7005,"Shanice Pratt, a producer with a ring light in a backpack and no budget",nb:Bushwick,stated,a Bushwick gallery back room with a folding table
7006,7006,"Rivka Mandelbaum, a painter who has never spoken about her work out loud until this chair",nb:Brooklyn Navy Yard,stated,a rooftop in the Navy Yard at golden hour
7007,7007,"Tenzin Wangdu, a man who films portraits of artists in the doorway of their studios",boro:Brooklyn,stated,a Brooklyn apartment studio with a ring light and two chairs
7008,7008,"Ngozi Mensah, a woman who runs the live stream from a phone on a tripod",nb:Midtown,stated,a hallway outside a Midtown convention floor
7009,7009,"Yvonne Baptiste, a collector who came to listen and ended up on the microphone",nb:Bushwick,stated,a Bushwick gallery back room with a folding table
7010,7010,"Rafael Sandoval, a man who holds the forty minutes that never aired on a drive in his pocket",nb:Brooklyn Navy Yard,stated,a rooftop in the Navy Yard at golden hour
7011,7011,"Priya Raghunathan, a young interviewer copying a question set from a notebook",boro:Brooklyn,stated,a Brooklyn apartment studio with a ring light and two chairs
7012,7012,"Mei Baek, a woman who asks every artist to say the work in three words",nb:Midtown,stated,a hallway outside a Midtown convention floor
7013,7013,"Iryna Danylchenko, a stagehand setting two stools under a single warm lamp",nb:Bushwick,stated,a Bushwick gallery back room with a folding table
7014,7014,"Karim Kholghi, a man who does the interview walking, one phone held out in front",nb:Brooklyn Navy Yard,stated,a rooftop in the Navy Yard at golden hour
7015,7015,"Bridget Ferrante, a woman who runs a two chair interview show out of her Brooklyn living room",boro:Brooklyn,stated,a Brooklyn apartment studio with a ring light and two chairs
7016,7016,"Ossie Pratt, a sound man who holds a boom over a folding table in a gallery back room",nb:Midtown,stated,a hallway outside a Midtown convention floor
7017,7017,"Shoshana Zilberman, an artist waiting in a hallway to be interviewed for the first time",nb:Bushwick,stated,a Bushwick gallery back room with a folding table
7018,7018,"Nurlan Ilagan, a man who edits an hour down to five minutes on a laptop at a kitchen counter",nb:Brooklyn Navy Yard,stated,a rooftop in the Navy Yard at golden hour
7019,7019,"Folasade Diallo, a woman who sings a jingle into a phone before every recording",boro:Brooklyn,stated,a Brooklyn apartment studio with a ring light and two chairs
7020,7020,"Winston Toussaint, a guest who came to talk about one drop and stayed for an hour",nb:Midtown,stated,a hallway outside a Midtown convention floor
7021,7021,"Aurelio Almonte, a man who books guests from a spreadsheet and a lot of goodwill",nb:Bushwick,stated,a Bushwick gallery back room with a folding table
7022,7022,"Sunita Mahadevan, a woman who transcribes interviews by hand at a diner counter",nb:Brooklyn Navy Yard,stated,a rooftop in the Navy Yard at golden hour
7023,7023,"Soo-jin Nakamura, a producer with a ring light in a backpack and no budget",boro:Brooklyn,stated,a Brooklyn apartment studio with a ring light and two chairs
7024,7024,"Katarzyna Wierzbicki, a painter who has never spoken about her work out loud until this chair",nb:Midtown,stated,a hallway outside a Midtown convention floor
7025,7025,"Reza Osmani, a man who films portraits of artists in the doorway of their studios",nb:Bushwick,stated,a Bushwick gallery back room with a folding table
7026,7026,"Nora Halloran, a woman who runs the live stream from a phone on a tripod",nb:Brooklyn Navy Yard,stated,a rooftop in the Navy Yard at golden hour
7027,7027,"Denise Bridges, a collector who came to listen and ended up on the microphone",boro:Brooklyn,stated,a Brooklyn apartment studio with a ring light and two chairs
7028,7028,"Yosef Mandelbaum, a man who holds the forty minutes that never aired on a drive in his pocket",nb:Midtown,stated,a hallway outside a Midtown convention floor
7029,7029,"Grace Wangdu, a young interviewer copying a question set from a notebook",nb:Bushwick,stated,a Bushwick gallery back room with a folding table
7030,7030,"Aminata Adeyemi, a woman who asks every artist to say the work in three words",nb:Brooklyn Navy Yard,stated,a rooftop in the Navy Yard at golden hour
7031,7031,"Marcia Toussaint, a stagehand setting two stools under a single warm lamp",boro:Brooklyn,stated,a Brooklyn apartment studio with a ring light and two chairs
7032,7032,"Cesar Peralta, a man who does the interview walking, one phone held out in front",nb:Midtown,stated,a hallway outside a Midtown convention floor
7033,7033,"Mehreen Chowdhury, a woman who runs a two chair interview show out of her Brooklyn living room",nb:Bushwick,stated,a Bushwick gallery back room with a folding table
7034,7034,"Hyun-woo Chow, a sound man who holds a boom over a folding table in a gallery back room",nb:Brooklyn Navy Yard,stated,a rooftop in the Navy Yard at golden hour
7035,7035,"Ludmila Wozniak, an artist waiting in a hallway to be interviewed for the first time",boro:Brooklyn,stated,a Brooklyn apartment studio with a ring light and two chairs
7036,7036,"Farid Haddad, a man who edits an hour down to five minutes on a laptop at a kitchen counter",nb:Midtown,stated,a hallway outside a Midtown convention floor
7037,7037,"Colleen Vitale, a woman who sings a jingle into a phone before every recording",nb:Bushwick,stated,a Bushwick gallery back room with a folding table
7038,7038,"Curtis Bridges, a guest who came to talk about one drop and stayed for an hour",nb:Brooklyn Navy Yard,stated,a rooftop in the Navy Yard at golden hour
7039,7039,"Aaron Zilberman, a man who books guests from a spreadsheet and a lot of goodwill",boro:Brooklyn,stated,a Brooklyn apartment studio with a ring light and two chairs
7040,7040,"Pema Ilagan, a woman who transcribes interviews by hand at a diner counter",nb:Midtown,stated,a hallway outside a Midtown convention floor
7041,7041,"The Man Who Draws a Year Into a Loop, for Jake Fried",nb:Astoria,stated,a kitchen table in Astoria at midnight with one laptop
7042,7042,"The Woman Who Leaves the Mistakes In, for Amber Vittoria",nb:Astoria,inferred,Astoria
7043,7043,"The Man Who Paints Dark Worlds Between Lab Shifts, for Other World",nb:Washington Heights,stated,a bodega counter in Washington Heights with a phone propped against the register
7044,7044,"The Man Who Promised Nothing and Delivered for Years, for NeonGlitch86",nb:Lower East Side,stated,a Lower East Side gallery at the second the sale opens
7045,7045,"The Man Who Runs a Thread Through Every Picture, for Victor Mosquera",nb:Astoria,stated,a kitchen table in Astoria at midnight with one laptop
7046,7046,"Yaa Camara, a painter watching a countdown at a kitchen table in Astoria at midnight",nb:Astoria,stated,"Yaa Camara, a painter watching a countdown at a kitchen table in Astoria at midnight"
7047,7047,"Rupert Fairweather, a man who sets the price of an edition by counting the hours it took",nb:Washington Heights,stated,a bodega counter in Washington Heights with a phone propped against the register
7048,7048,"Xiomara Almonte, a woman who airdrops a derivative to everyone who bought her first piece",nb:Lower East Side,stated,a Lower East Side gallery at the second the sale opens
7049,7049,"Anand Mahadevan, a young artist refusing an open edition on principle",nb:Astoria,stated,a kitchen table in Astoria at midnight with one laptop
7051,7051,"Danuta Yakovlev, a woman who gates her new edition to holders of her old one",nb:Washington Heights,stated,a bodega counter in Washington Heights with a phone propped against the register
7052,7052,"Leyla Demir, a collector refreshing a page at the second a sale opens",nb:Lower East Side,stated,a Lower East Side gallery at the second the sale opens
7053,7053,"Salvatore Donnelly, an artist who lets a piece sit at a known price for nine months",nb:Astoria,stated,a kitchen table in Astoria at midnight with one laptop
7055,7055,"Devorah Rosenblatt, a woman who launches an edition of thirty beside a single one of one",nb:Washington Heights,stated,a bodega counter in Washington Heights with a phone propped against the register
7056,7056,"Dolma Sherpa, a bodega clerk who mints from a phone propped on the register",nb:Lower East Side,stated,a Lower East Side gallery at the second the sale opens
7057,7057,"Chidi Okonkwo, a man who timestamps work on the chain and never lists it for sale",nb:Astoria,stated,a kitchen table in Astoria at midnight with one laptop
7059,7059,"Nestor Villanueva, a nervous first time minter with a hardware key on a lanyard",nb:Washington Heights,stated,a bodega counter in Washington Heights with a phone propped against the register
7060,7060,"Lakshmi Bhattacharya, an artist watching her sale sell out to her own holders before it goes public",nb:Lower East Side,stated,a Lower East Side gallery at the second the sale opens
7061,7061,"Bo Nakamura, a man who walks the block during the countdown because he cannot watch",nb:Astoria,stated,a kitchen table in Astoria at midnight with one laptop
7063,7063,"Sami Zaman, a studio mate who has set every alarm in the room for the same minute",nb:Washington Heights,stated,a bodega counter in Washington Heights with a phone propped against the register
7064,7064,"Deirdre Marchetti, a painter watching a countdown at a kitchen table in Astoria at midnight",nb:Lower East Side,stated,a Lower East Side gallery at the second the sale opens
7065,7065,"Tre Whitlock, a man who sets the price of an edition by counting the hours it took",nb:Astoria,stated,a kitchen table in Astoria at midnight with one laptop
7067,7067,"Aung Sherpa, a young artist refusing an open edition on principle",nb:Washington Heights,stated,a bodega counter in Washington Heights with a phone propped against the register
7068,7068,"Emeka Mensah, a man who has decided a down market is a reason to wait",nb:Lower East Side,stated,a Lower East Side gallery at the second the sale opens
7069,7069,"Shantel Bridgewater, a woman who gates her new edition to holders of her old one",nb:Astoria,stated,a kitchen table in Astoria at midnight with one laptop
7071,7071,"Vikram Chowdhury, an artist who lets a piece sit at a known price for nine months",nb:Washington Heights,stated,a bodega counter in Washington Heights with a phone propped against the register
7072,7072,"Haruki Zhang, a man who priced his drop to cost the same as a board game",nb:Lower East Side,stated,a Lower East Side gallery at the second the sale opens
7073,7073,"Nadia Kowalczyk, a woman who launches an edition of thirty beside a single one of one",nb:Astoria,stated,a kitchen table in Astoria at midnight with one laptop
7075,7075,"Gus Ferrante, a man who timestamps work on the chain and never lists it for sale",nb:Washington Heights,stated,a bodega counter in Washington Heights with a phone propped against the register
7076,7076,"Adrienne Ballard, a woman who moved her drop dates to whoever can see the market better",nb:Lower East Side,stated,a Lower East Side gallery at the second the sale opens
7077,7077,"Mendel Rosenblatt, a nervous first time minter with a hardware key on a lanyard",nb:Astoria,stated,a kitchen table in Astoria at midnight with one laptop
7079,7079,"Kwabena Diallo, a man who walks the block during the countdown because he cannot watch",nb:Washington Heights,stated,a bodega counter in Washington Heights with a phone propped against the register
7080,7080,"Odessa Ambroise, a woman who burns her own work to upgrade it rather than mint more",nb:Lower East Side,stated,a Lower East Side gallery at the second the sale opens
7081,7081,"Efrain Quispe, a studio mate who has set every alarm in the room for the same minute",nb:Astoria,stated,a kitchen table in Astoria at midnight with one laptop
7082,7082,"Nusrat Siddiqui, a painter watching a countdown at a kitchen table in Astoria at midnight",nb:Astoria,stated,"Nusrat Siddiqui, a painter watching a countdown at a kitchen table in Astoria at midnight"
7083,7083,"Jae-won Kwon, a man who sets the price of an edition by counting the hours it took",nb:Washington Heights,stated,a bodega counter in Washington Heights with a phone propped against the register
7084,7084,"Vesna Moroianu, a woman who airdrops a derivative to everyone who bought her first piece",nb:Lower East Side,stated,a Lower East Side gallery at the second the sale opens
7085,7085,"Bassam Nasrallah, a young artist refusing an open edition on principle",nb:Astoria,stated,a kitchen table in Astoria at midnight with one laptop
7087,7087,"Bernice Whitlock, a woman who gates her new edition to holders of her old one",nb:Washington Heights,stated,a bodega counter in Washington Heights with a phone propped against the register
7088,7088,"Miriam Weiss, a collector refreshing a page at the second a sale opens",nb:Lower East Side,stated,a Lower East Side gallery at the second the sale opens
7089,7089,"Karma Abdrakhmanov, an artist who lets a piece sit at a known price for nine months",nb:Astoria,stated,a kitchen table in Astoria at midnight with one laptop
7091,7091,"The Man Who Bought the Goose, for AC The Collector",nb:Tribeca,stated,a Tribeca loft with art on wall mounted screens
7092,7092,"The Man With a Hot Pocket of Cards and a Cold Vault of Ones, for Bharat Krymo",nb:Financial District,stated,a safe deposit room under a Wall Street bank
7093,7093,"The Man Whose Risk Control Is an Hourglass, for Richard Skeet",nb:Chelsea,stated,a Chelsea gallery hung entirely with screens
7094,7094,"The Man Who Buys Direct From the Artist Across a Bare Table, for Ryan Zurrer",nb:Park Slope,stated,a Park Slope brownstone parlour with a projector
7095,7095,"The Man Who Crops the Signature Off Before He Looks, for OMZ",nb:Tribeca,stated,a Tribeca loft with art on wall mounted screens
7096,7096,"Lurline Pierre-Louis, a collector who bought an artist early purely because she liked it",nb:Financial District,stated,a safe deposit room under a Wall Street bank
7097,7097,"Ignacio Bustamante, a man signing a multisig in a loft with two other people on the phone",nb:Chelsea,stated,a Chelsea gallery hung entirely with screens
7098,7098,"Ayesha Venkatesan, a woman who keeps a scrapbook of every piece she has ever bought",nb:Park Slope,stated,a Park Slope brownstone parlour with a projector
7099,7099,"Yun Lim, a man who hangs his collection on screens so anyone in the room can see it",nb:Tribeca,stated,a Tribeca loft with art on wall mounted screens
7100,7100,"Halyna Petrovic, a woman who keeps a hardware wallet in a bank box under Wall Street",nb:Financial District,stated,a safe deposit room under a Wall Street bank
7101,7101,"Yasmin Osmani, a collector who spends a fixed share of every sale on other artists",nb:Chelsea,stated,a Chelsea gallery hung entirely with screens
7102,7102,"Rocco Vitale, a man who bought back his own first piece as a hedge",nb:Park Slope,stated,a Park Slope brownstone parlour with a projector
7103,7103,"Yolanda Odom, a woman who collects only the work made before the machines got good",nb:Tribeca,stated,a Tribeca loft with art on wall mounted screens
7104,7104,"Ephraim Friedlander, a fund manager who keeps the blue chips on the oldest chain for custody",nb:Financial District,stated,a safe deposit room under a Wall Street bank
7105,7105,"Rosario Gurung, a collector who writes the story of every acquisition into the token",nb:Chelsea,stated,a Chelsea gallery hung entirely with screens
7106,7106,"Ibrahim Camara, a man who judges a platform by whether a secondary market shows up in a year",nb:Park Slope,stated,a Park Slope brownstone parlour with a projector
7107,7107,"Petronella Grandison, a woman who curates a wall of screens in a Chelsea gallery",nb:Tribeca,stated,a Tribeca loft with art on wall mounted screens
7108,7108,"Wilfredo Ocampo, a collector who has never sold anything and is proud of it",nb:Financial District,stated,a safe deposit room under a Wall Street bank
7109,7109,"Tanveer Bhattacharya, a man who lends his collection to a museum with no walls",nb:Chelsea,stated,a Chelsea gallery hung entirely with screens
7110,7110,"Xiaoling Zhang, a woman who reads a contract before she reads the artist's bio",nb:Park Slope,stated,a Park Slope brownstone parlour with a projector
7111,7111,"Milena Zielinski, a collector who bought the piece that got thrown off the platform",nb:Tribeca,stated,a Tribeca loft with art on wall mounted screens
7112,7112,"Nizar Karimi, a man who keeps his seed phrase stamped in steel in a drawer",nb:Financial District,stated,a safe deposit room under a Wall Street bank
7113,7113,"Fiona Kilbride, a woman who bids at four in the morning from a Park Slope parlour",nb:Chelsea,stated,a Chelsea gallery hung entirely with screens
7114,7114,"Aaliyah Pryor, a collector who bought an artist early purely because she liked it",nb:Park Slope,stated,a Park Slope brownstone parlour with a projector
7115,7115,"Zev Weiss, a man signing a multisig in a loft with two other people on the phone",nb:Tribeca,stated,a Tribeca loft with art on wall mounted screens
7116,7116,"Thida Villanueva-Cruz, a woman who keeps a scrapbook of every piece she has ever bought",nb:Financial District,stated,a safe deposit room under a Wall Street bank
7117,7117,"Kofi Boateng, a man who hangs his collection on screens so anyone in the room can see it",nb:Chelsea,stated,a Chelsea gallery hung entirely with screens
7118,7118,"Maureen Beaubrun, a woman who keeps a hardware wallet in a bank box under Wall Street",nb:Park Slope,stated,a Park Slope brownstone parlour with a projector
7119,7119,"Consuelo Villanueva, a collector who spends a fixed share of every sale on other artists",nb:Tribeca,stated,a Tribeca loft with art on wall mounted screens
7120,7120,"Devendra Siddiqui, a man who bought back his own first piece as a hedge",nb:Financial District,stated,a safe deposit room under a Wall Street bank
7121,7121,"Lian Kwon, a woman who collects only the work made before the machines got good",nb:Chelsea,stated,a Chelsea gallery hung entirely with screens
7122,7122,"Sergei Wierzbicki, a fund manager who keeps the blue chips on the oldest chain for custody",nb:Park Slope,stated,a Park Slope brownstone parlour with a projector
7123,7123,"Dalia Haddad, a collector who writes the story of every acquisition into the token",nb:Tribeca,stated,a Tribeca loft with art on wall mounted screens
7124,7124,"Angelo Marchetti, a man who judges a platform by whether a secondary market shows up in a year",nb:Financial District,stated,a safe deposit room under a Wall Street bank
7125,7125,"Latasha Hollins, a woman who curates a wall of screens in a Chelsea gallery",nb:Chelsea,stated,a Chelsea gallery hung entirely with screens
7126,7126,"Shmuel Ackerman, a collector who has never sold anything and is proud of it",nb:Park Slope,stated,a Park Slope brownstone parlour with a projector
7127,7127,"Ngawang Gurung, a man who lends his collection to a museum with no walls",nb:Tribeca,stated,a Tribeca loft with art on wall mounted screens
7128,7128,"Chinelo Boateng, a woman who reads a contract before she reads the artist's bio",nb:Financial District,stated,a safe deposit room under a Wall Street bank
7129,7129,"Cherry Hyacinth, a collector who bought the piece that got thrown off the platform",nb:Chelsea,stated,a Chelsea gallery hung entirely with screens
7130,7130,"Octavio Trejo, a man who keeps his seed phrase stamped in steel in a drawer",nb:Park Slope,stated,a Park Slope brownstone parlour with a projector
7131,7131,"Fariha Rahman, a woman who bids at four in the morning from a Park Slope parlour",nb:Tribeca,stated,a Tribeca loft with art on wall mounted screens
7132,7132,"Ming-hua Ishikawa, a collector who bought an artist early purely because she liked it",nb:Financial District,stated,a safe deposit room under a Wall Street bank
7133,7133,"Miroslav Wozniak, a man signing a multisig in a loft with two other people on the phone",nb:Chelsea,stated,a Chelsea gallery hung entirely with screens
7134,7134,"Rania Zaman, a woman who keeps a scrapbook of every piece she has ever bought",nb:Park Slope,stated,a Park Slope brownstone parlour with a projector
7135,7135,"Dominic Kilbride, a man who hangs his collection on screens so anyone in the room can see it",nb:Tribeca,stated,a Tribeca loft with art on wall mounted screens
7136,7136,"Cheryl Greer, a woman who keeps a hardware wallet in a bank box under Wall Street",nb:Financial District,stated,a safe deposit room under a Wall Street bank
7137,7137,"Bracha Ackerman, a collector who spends a fixed share of every sale on other artists",nb:Chelsea,stated,a Chelsea gallery hung entirely with screens
7138,7138,"Lhakpa Villanueva-Cruz, a man who bought back his own first piece as a hedge",nb:Park Slope,stated,a Park Slope brownstone parlour with a projector
7139,7139,"Fatoumata Nwachukwu, a woman who collects only the work made before the machines got good",nb:Tribeca,stated,a Tribeca loft with art on wall mounted screens
7140,7140,"Delroy Bridgewater, a fund manager who keeps the blue chips on the oldest chain for custody",nb:Financial District,stated,a safe deposit room under a Wall Street bank
7141,7141,"The Man Whose Trash Can Was Removed and Reinstated, for ROBNESS",nb:Bushwick,stated,a Bushwick basement with a CRT wall
7142,7142,"The Man Who Declared Trash Art Dead as a Trash Art Gesture, for Max Osiris",nb:East Village,stated,an East Village sidewalk on garbage night with the bags stacked to the shoulder
7143,7143,"The Man Who Finds Where the System Fails, for Patrick Amadon",key:canal_st,stated,a Canal Street stall of knockoffs under bare bulbs
7144,7144,"The Man Who Calls His Most Detailed Work Garbage, for Tustont",nb:Ridgewood,stated,a Ridgewood loft with a broken projector still running
7145,7145,"The Man Who Paints Us as Ground Beef, for Die With The Most Likes",nb:Bushwick,stated,a Bushwick basement with a CRT wall
7146,7146,"The Portraits Made Entirely of Analog Signal, for LoVid",nb:East Village,stated,an East Village sidewalk on garbage night with the bags stacked to the shoulder
7147,7147,"Amaru Castellanos, a man who sells the corrupted file as the finished work",key:canal_st,stated,a Canal Street stall of knockoffs under bare bulbs
7148,7148,"Shabana Pillai, a woman who photographs garbage night on the East Village sidewalk as source",nb:Ridgewood,stated,a Ridgewood loft with a broken projector still running
7149,7149,"Sora Lim, an artist who ran the image through a free glitch tool and told everyone",nb:Bushwick,stated,a Bushwick basement with a CRT wall
7150,7150,"Yaroslav Yakovlev, a man whose piece was removed from a platform and later reinstated",nb:East Village,stated,an East Village sidewalk on garbage night with the bags stacked to the shoulder
7151,7151,"Zahra Nasrallah, a woman who sorts pixels by brightness until the face slides off",key:canal_st,stated,a Canal Street stall of knockoffs under bare bulbs
7152,7152,"Nunzio Castellano, a CRT repairman in a Bushwick basement who keeps the tubes alive for artists",nb:Ridgewood,stated,a Ridgewood loft with a broken projector still running
7153,7153,"Deshawn Odom, a man who makes art out of the moment a video file breaks",nb:Bushwick,stated,a Bushwick basement with a CRT wall
7154,7154,"Tova Shulman, a woman who keeps her contemporaneous notes in the description of every piece",nb:East Village,stated,an East Village sidewalk on garbage night with the bags stacked to the shoulder
7155,7155,"Analiza Tsering, a Canal Street stall keeper who sells knockoffs and collects the real glitch",key:canal_st,stated,a Canal Street stall of knockoffs under bare bulbs
7156,7156,"Babatunde Nwachukwu, a man who was told it was not art and kept a screenshot",nb:Ridgewood,stated,a Ridgewood loft with a broken projector still running
7157,7157,"Sybil Charlemagne, a woman who moshes the frames of her own wedding video",nb:Bushwick,stated,a Bushwick basement with a CRT wall
7158,7158,"Reynaldo Rivas, a projectionist who lets a broken projector run because it is better broken",nb:East Village,stated,an East Village sidewalk on garbage night with the bags stacked to the shoulder
7159,7159,"Suresh Venkatesan, a man who prints corrupted JPEGs on tarpaulin and hangs them on a fence",key:canal_st,stated,a Canal Street stall of knockoffs under bare bulbs
7160,7160,"Akiko Ueda, a woman who has warned every collector that she is consistently inconsistent",nb:Ridgewood,stated,a Ridgewood loft with a broken projector still running
7161,7161,"Agnieszka Novotny, a teenager who learned the whole movement from a thread",nb:Bushwick,stated,a Bushwick basement with a CRT wall
7162,7162,"Tarek Sabbagh, a man who collects the takedown notices as part of the work",nb:East Village,stated,an East Village sidewalk on garbage night with the bags stacked to the shoulder
7163,7163,"Eileen Castellano, a woman who pixel sorts the skyline until it drips",key:canal_st,stated,a Canal Street stall of knockoffs under bare bulbs
7164,7164,"Rashad Pryor, a sanitation worker who has seen the sculpture in a stack of bags",nb:Ridgewood,stated,a Ridgewood loft with a broken projector still running
7165,7165,"Eli Shulman, a man who sells the corrupted file as the finished work",nb:Bushwick,stated,a Bushwick basement with a CRT wall
7166,7166,"Bayarmaa Bautista, a woman who photographs garbage night on the East Village sidewalk as source",nb:East Village,stated,an East Village sidewalk on garbage night with the bags stacked to the shoulder
7167,7167,"Adjoa Toure, an artist who ran the image through a free glitch tool and told everyone",key:canal_st,stated,a Canal Street stall of knockoffs under bare bulbs
7168,7168,"Errol Ambroise, a man whose piece was removed from a platform and later reinstated",nb:Ridgewood,stated,a Ridgewood loft with a broken projector still running
7169,7169,"Marisol Quispe, a woman who sorts pixels by brightness until the face slides off",nb:Bushwick,stated,a Bushwick basement with a CRT wall
7170,7170,"Arjun Rahman, a CRT repairman in a Bushwick basement who keeps the tubes alive for artists",nb:East Village,stated,an East Village sidewalk on garbage night with the bags stacked to the shoulder
7171,7171,"Chen Ueda, a man who makes art out of the moment a video file breaks",key:canal_st,stated,a Canal Street stall of knockoffs under bare bulbs
7172,7172,"Oksana Bogdanov, a woman who keeps her contemporaneous notes in the description of every piece",nb:Ridgewood,stated,a Ridgewood loft with a broken projector still running
7173,7173,"Amira Karimi, a Canal Street stall keeper who sells knockoffs and collects the real glitch",nb:Bushwick,stated,a Bushwick basement with a CRT wall
7174,7174,"Carmine Fenwick, a man who was told it was not art and kept a screenshot",nb:East Village,stated,an East Village sidewalk on garbage night with the bags stacked to the shoulder
7175,7175,"Nikki Mabry, a woman who moshes the frames of her own wedding video",key:canal_st,stated,a Canal Street stall of knockoffs under bare bulbs
7176,7176,"Naftali Berkowitz, a projectionist who lets a broken projector run because it is better broken",nb:Ridgewood,stated,a Ridgewood loft with a broken projector still running
7177,7177,"Dorje Tsering, a man who prints corrupted JPEGs on tarpaulin and hangs them on a fence",nb:Bushwick,stated,a Bushwick basement with a CRT wall
7178,7178,"Nneka Asante, a woman who has warned every collector that she is consistently inconsistent",nb:East Village,stated,an East Village sidewalk on garbage night with the bags stacked to the shoulder
7179,7179,"Andrene Bonaparte, a teenager who learned the whole movement from a thread",key:canal_st,stated,a Canal Street stall of knockoffs under bare bulbs
7180,7180,"Bernardo Guzman, a man who collects the takedown notices as part of the work",nb:Ridgewood,stated,a Ridgewood loft with a broken projector still running
7181,7181,"Rukhsana Qureshi, a woman who pixel sorts the skyline until it drips",nb:Bushwick,stated,a Bushwick basement with a CRT wall
7182,7182,"Guo-Rong Seo, a sanitation worker who has seen the sculpture in a stack of bags",nb:East Village,stated,an East Village sidewalk on garbage night with the bags stacked to the shoulder
7183,7183,"Bogdan Vasilenko, a man who sells the corrupted file as the finished work",key:canal_st,stated,a Canal Street stall of knockoffs under bare bulbs
7184,7184,"Hoda Sabbagh, a woman who photographs garbage night on the East Village sidewalk as source",nb:Ridgewood,stated,a Ridgewood loft with a broken projector still running
7185,7185,"Aileen Fenwick, an artist who ran the image through a free glitch tool and told everyone",nb:Bushwick,stated,a Bushwick basement with a CRT wall
7186,7186,"Terrence Hollins, a man whose piece was removed from a platform and later reinstated",nb:East Village,stated,an East Village sidewalk on garbage night with the bags stacked to the shoulder
7187,7187,"Esti Berkowitz, a woman who sorts pixels by brightness until the face slides off",key:canal_st,stated,a Canal Street stall of knockoffs under bare bulbs
7188,7188,"Rinchen Bautista, a CRT repairman in a Bushwick basement who keeps the tubes alive for artists",nb:Ridgewood,stated,a Ridgewood loft with a broken projector still running
7189,7189,"Sekou Toure, a man who makes art out of the moment a video file breaks",nb:Bushwick,stated,a Bushwick basement with a CRT wall
7190,7190,"Merle Cadogan, a woman who keeps her contemporaneous notes in the description of every piece",nb:East Village,stated,an East Village sidewalk on garbage night with the bags stacked to the shoulder
7191,7191,"The Man Whose Robots Paint and Keep Their Mistakes, for Pindar Van Arman",nb:Long Island City,stated,a Long Island City studio with a robot arm and wet brushes
7192,7192,"The Man Who Asks Why Before How, for BLAC",nb:Chinatown,stated,a Chinatown apartment with a rack of graphics cards glowing
7194,7194,"The Man Who Was in the Room When Computer Art Began, for Hans Dehlinger",nb:Red Hook,stated,a Red Hook warehouse where canvases dry in rows
7195,7195,"The Emergency Room Doctor Who Renders After the Night Shift, for CharlesAI",nb:Long Island City,stated,a Long Island City studio with a robot arm and wet brushes
7196,7196,"The Man Who Borrows a Palette Instead of a Picture, for Chikai",nb:Chinatown,stated,a Chinatown apartment with a rack of graphics cards glowing
7198,7198,"Mahesh Pillai, a man who runs a painting robot in a Long Island City studio",nb:Red Hook,stated,a Red Hook warehouse where canvases dry in rows
7199,7199,"Min-seo Seo, an artist who speaks in words and gets answered in images",nb:Long Island City,stated,a Long Island City studio with a robot arm and wet brushes
7200,7200,"Piotr Kowalczyk, an eighty four year old who was in the room when computer art began",nb:Chinatown,stated,a Chinatown apartment with a rack of graphics cards glowing
7201,7201,"Jamil Mansour, a man who prompts like he is directing a photo shoot, lens and f stop",nb:Red Hook,inferred,in a Red Hook warehouse where canvases dry in rows
7202,7202,"Roisin Moran, a woman who tries to break every new tool on the day it ships",nb:Red Hook,stated,a Red Hook warehouse where canvases dry in rows
7203,7203,"Simone Wilkes, a plotter operator feeding paper into a machine from 1965",nb:Long Island City,stated,a Long Island City studio with a robot arm and wet brushes
7204,7204,"Boruch Teitelbaum, a man who leaves the robot's mistakes in the painting on purpose",nb:Chinatown,stated,a Chinatown apartment with a rack of graphics cards glowing
7205,7205,"Yangzom Lama, a woman who keeps a rack of graphics cards humming in a Chinatown apartment",nb:Chinatown,stated,"Yangzom Lama, a woman who keeps a rack of graphics cards humming in a Chinatown apartment"
7206,7206,"Mamadou Asante, an artist who believes the void between the piece and the person is the problem",nb:Red Hook,stated,a Red Hook warehouse where canvases dry in rows
7207,7207,"Anselm Pierre-Louis, a man who turned three days of engineering into an hour with a chatbot",nb:Long Island City,stated,a Long Island City studio with a robot arm and wet brushes
7208,7208,"Rosalba Ocampo, a woman who collects the early machine output because it cannot be made again",nb:Chinatown,stated,a Chinatown apartment with a rack of graphics cards glowing
7210,7210,"Noriko Tran-Wu, a woman who asks why before how at every new tool",nb:Red Hook,stated,a Red Hook warehouse where canvases dry in rows
7211,7211,"Radmila Kaczmarek, a teacher who runs a machine art class in a Red Hook warehouse",nb:Long Island City,stated,a Long Island City studio with a robot arm and wet brushes
7212,7212,"Ghassan Aziz, a man who watches a robot arm complete a stroke he could not",nb:Chinatown,stated,a Chinatown apartment with a rack of graphics cards glowing
7214,7214,"Marvin Greer, a student who found the whole argument was sixty years old",nb:Red Hook,stated,a Red Hook warehouse where canvases dry in rows
7215,7215,"Leah Teitelbaum, a woman who trains only on her own lifetime of portraits",nb:Long Island City,stated,a Long Island City studio with a robot arm and wet brushes
7216,7216,"Tashi Lama, a man who runs a painting robot in a Long Island City studio",nb:Chinatown,stated,a Chinatown apartment with a rack of graphics cards glowing
7218,7218,"Clive Grandison, an eighty four year old who was in the room when computer art began",nb:Red Hook,stated,a Red Hook warehouse where canvases dry in rows
7219,7219,"Gustavo Villalobos, a man who prompts like he is directing a photo shoot, lens and f stop",nb:Long Island City,stated,a Long Island City studio with a robot arm and wet brushes
7220,7220,"Parveen Krishnamurthy, a woman who tries to break every new tool on the day it ships",nb:Chinatown,stated,a Chinatown apartment with a rack of graphics cards glowing
7222,7222,"Andrei Moroianu, a man who leaves the robot's mistakes in the painting on purpose",nb:Red Hook,stated,a Red Hook warehouse where canvases dry in rows
7223,7223,"Salma Mansour, a woman who keeps a rack of graphics cards humming in a Chinatown apartment",nb:Long Island City,stated,a Long Island City studio with a robot arm and wet brushes
7224,7224,"Sal Moran, an artist who believes the void between the piece and the person is the problem",nb:Chinatown,stated,a Chinatown apartment with a rack of graphics cards glowing
7226,7226,"Faige Lieberman, a woman who collects the early machine output because it cannot be made again",nb:Red Hook,stated,a Red Hook warehouse where canvases dry in rows
7227,7227,"Sangay Aung-Thein, a man who feeds a machine his own old pixel art and waits",nb:Long Island City,stated,a Long Island City studio with a robot arm and wet brushes
7228,7228,"Halima Achebe, a woman who asks why before how at every new tool",nb:Chinatown,stated,a Chinatown apartment with a rack of graphics cards glowing
7229,7229,"Icilda Saint-Fleur, a teacher who runs a machine art class in a Red Hook warehouse",nb:Red Hook,stated,"Icilda Saint-Fleur, a teacher who runs a machine art class in a Red Hook warehouse"
7230,7230,"Hipolito Marchena, a man who watches a robot arm complete a stroke he could not",nb:Red Hook,stated,a Red Hook warehouse where canvases dry in rows
7231,7231,"Zainab Bhandari, a woman who prints machine output on canvas and paints back into it",nb:Long Island City,stated,a Long Island City studio with a robot arm and wet brushes
7232,7232,"Feng Tran-Wu, a student who found the whole argument was sixty years old",nb:Chinatown,stated,a Chinatown apartment with a rack of graphics cards glowing
7234,7234,"Ayman Farhat, a man who runs a painting robot in a Long Island City studio",nb:Red Hook,stated,a Red Hook warehouse where canvases dry in rows
7235,7235,"Siobhan Pettigrew, an artist who speaks in words and gets answered in images",nb:Long Island City,stated,a Long Island City studio with a robot arm and wet brushes
7236,7236,"Andre Wilkes, an eighty four year old who was in the room when computer art began",nb:Chinatown,stated,a Chinatown apartment with a rack of graphics cards glowing
7238,7238,"Marilou Aung-Thein, a woman who tries to break every new tool on the day it ships",nb:Red Hook,stated,a Red Hook warehouse where canvases dry in rows
7239,7239,"Zainab Owusu, a plotter operator feeding paper into a machine from 1965",nb:Long Island City,stated,a Long Island City studio with a robot arm and wet brushes
7240,7240,"Neville Beaubrun, a man who leaves the robot's mistakes in the painting on purpose",nb:Chinatown,stated,a Chinatown apartment with a rack of graphics cards glowing
7241,7241,"The Man Who Holds One Colour Scheme So Everything Else Can Change, for Bryan Brinkman",nb:Greenpoint,stated,a Greenpoint studio with canvases leaning six deep
7242,7242,"The Man Who Turned His Grandmother's Basement Into a Diary, for Vinnie Hager",boro:Staten Island,inferred,Staten Island
7243,7243,"The Neo Precisionist With the Wall of Records, for Grant Yun",nb:Chelsea,stated,a Chelsea framer's back room
7244,7244,"The Man Who Will Not Explain the Story, for All Seeing Seneca",nb:Sunset Park,stated,a Sunset Park loft with a mural wall and paint on the floor
7245,7245,"The Man Who Builds a Stairway Into the Abstraction, for WGMeets",nb:Greenpoint,stated,a Greenpoint studio with canvases leaning six deep
7246,7246,"The Man Who Cast an Angel in Bronze and Marched a Pixel Army, for Trevor Jones",nb:Red Hook,inferred,"Red Hook, by way of Edinburgh"
7247,7247,"The Abstract Expressionist Who Rebuilt the Airbrush in Pixels, for Brutal.Eth",nb:Chelsea,stated,a Chelsea framer's back room
7248,7248,"Esperanza Trejo, a painter in Greenpoint who photographs every canvas and mints the twin",nb:Sunset Park,stated,a Sunset Park loft with a mural wall and paint on the floor
7249,7249,"Anjali Hossain, a woman who draws animation frames in ink at twelve a second",nb:Greenpoint,stated,a Greenpoint studio with canvases leaning six deep
7251,7251,"Jadwiga Szabo, a woman who leaves the errors in so you can tell a hand made it",nb:Chelsea,stated,a Chelsea framer's back room
7252,7252,"Lina Aziz, an illustrator whose doodle glyphs have become a private language",nb:Sunset Park,stated,a Sunset Park loft with a mural wall and paint on the floor
7253,7253,"Gennaro Belsky, a man who paints the city as flat clean planes with hard shadows",nb:Greenpoint,stated,a Greenpoint studio with canvases leaning six deep
7255,7255,"Dov Katzenberg, a framer in Chelsea who has started framing screens",nb:Chelsea,stated,a Chelsea framer's back room
7256,7256,"Khin Dorjee, a muralist in Sunset Park who mints the wall",nb:Sunset Park,stated,a Sunset Park loft with a mural wall and paint on the floor
7257,7257,"Uche Bah, a man who paints the same subject in oil and then in light",nb:Greenpoint,stated,a Greenpoint studio with canvases leaning six deep
7258,7258,"Verona Whyte, a woman who prices her paintings by the hours, never the inches",nb:Sunset Park,inferred,in a Sunset Park loft with a mural drying and a laptop open
7259,7259,"Ismael Nunez-Paz, an illustrator who hides a second message in the description, never the pixels",nb:Chelsea,stated,a Chelsea framer's back room
7260,7260,"Gopal Krishnamurthy, a painter whose signature motif traces back to one factory near his school",nb:Sunset Park,stated,a Sunset Park loft with a mural wall and paint on the floor
7261,7261,"Ah-lam Matsuda, a woman who builds iconography as a system, wires and clouds and beams",nb:Greenpoint,stated,a Greenpoint studio with canvases leaning six deep
7263,7263,"Osman Yildiz, a printmaker who pulls a physical edition for every digital one",nb:Chelsea,stated,a Chelsea framer's back room
7264,7264,"Kathleen Nightingale, a woman who paints figures with soft limbs and no faces",nb:Sunset Park,stated,a Sunset Park loft with a mural wall and paint on the floor
7265,7265,"Darnell Danridge, a young painter who has never sold a canvas in a gallery, only on the chain",nb:Greenpoint,stated,a Greenpoint studio with canvases leaning six deep
7266,7266,"Malka Katzenberg, a painter in Greenpoint who photographs every canvas and mints the twin",nb:Greenpoint,stated,"Malka Katzenberg, a painter in Greenpoint who photographs every canvas and mints the twin"
7267,7267,"Choden Sarmiento, a woman who draws animation frames in ink at twelve a second",nb:Chelsea,stated,a Chelsea framer's back room
7268,7268,"Kwesi Achebe, a man who has held the same colour scheme for a decade so he can change everything else",nb:Sunset Park,stated,a Sunset Park loft with a mural wall and paint on the floor
7269,7269,"Pearline Achille, a woman who leaves the errors in so you can tell a hand made it",nb:Greenpoint,stated,a Greenpoint studio with canvases leaning six deep
7271,7271,"Kiran Bhandari, a man who paints the city as flat clean planes with hard shadows",nb:Chelsea,stated,a Chelsea framer's back room
7272,7272,"Xiuying Hwang, a woman who chose editions over one of ones and accepted the cost",nb:Sunset Park,stated,a Sunset Park loft with a mural wall and paint on the floor
7273,7273,"Dragan Zielinski, a framer in Chelsea who has started framing screens",nb:Greenpoint,stated,a Greenpoint studio with canvases leaning six deep
7274,7274,"Maryam Farhat, a muralist in Sunset Park who mints the wall",nb:Sunset Park,stated,"Maryam Farhat, a muralist in Sunset Park who mints the wall"
7275,7275,"Mario Pettigrew, a man who paints the same subject in oil and then in light",nb:Chelsea,stated,a Chelsea framer's back room
7276,7276,"Toya Danridge, a woman who prices her paintings by the hours, never the inches",nb:Sunset Park,stated,a Sunset Park loft with a mural wall and paint on the floor
7277,7277,"Shaya Gottlieb, an illustrator who hides a second message in the description, never the pixels",nb:Greenpoint,stated,a Greenpoint studio with canvases leaning six deep
7279,7279,"Aissatou Sy, a woman who builds iconography as a system, wires and clouds and beams",nb:Chelsea,stated,a Chelsea framer's back room
7280,7280,"Lloyd Hyacinth, a man who draws at a desk under one lamp in a Bronx apartment",nb:Sunset Park,stated,a Sunset Park loft with a mural wall and paint on the floor
7281,7281,"Ruben Cordero, a printmaker who pulls a physical edition for every digital one",nb:Greenpoint,stated,a Greenpoint studio with canvases leaning six deep
7283,7283,"Shinji Matsuda, a young painter who has never sold a canvas in a gallery, only on the chain",nb:Chelsea,stated,a Chelsea framer's back room
7284,7284,"Svetlana Melnyk, a painter in Greenpoint who photographs every canvas and mints the twin",nb:Sunset Park,stated,a Sunset Park loft with a mural wall and paint on the floor
7285,7285,"Rima Yildiz, a woman who draws animation frames in ink at twelve a second",nb:Greenpoint,stated,a Greenpoint studio with canvases leaning six deep
7287,7287,"Ebony Rucker, a woman who leaves the errors in so you can tell a hand made it",nb:Chelsea,stated,a Chelsea framer's back room
7288,7288,"Rochel Gottlieb, an illustrator whose doodle glyphs have become a private language",nb:Sunset Park,stated,a Sunset Park loft with a mural wall and paint on the floor
7289,7289,"Zaw Sarmiento, a man who paints the city as flat clean planes with hard shadows",nb:Greenpoint,stated,a Greenpoint studio with canvases leaning six deep
7291,7291,"The Man Who Blind Embosses the First Print and Says Yes, for Dave Krugman",nb:Harlem,stated,a Harlem portrait studio with a paper backdrop
7292,7292,"The Man Who Fills Ruined Ballrooms With Impossible Gardens, for Ryan Koopmans",nb:Bedford-Stuyvesant,stated,a Bed-Stuy darkroom under a red safelight
7293,7293,"The Man Who Knows the Keeper in Camera, for Guido Disalle",boro:Bronx,stated,a subway platform in the Bronx with a rangefinder raised
7294,7294,"The Woman Who Is Her Own Muse, for Ayla El-Moussa",nb:DUMBO,stated,a DUMBO rooftop with the bridge behind
7295,7295,"The Man Who Deep Fried a Bra and Handed Strangers the Camera, for David Henry Nobody Jr",nb:Harlem,stated,a Harlem portrait studio with a paper backdrop
7296,7296,"The Coast That Became a Grail, for Lindsey Byrnes",nb:Bedford-Stuyvesant,stated,a Bed-Stuy darkroom under a red safelight
7297,7297,"The Woman Who Seams Two Continents Into One Horizon, for Post Wook",boro:Bronx,stated,a subway platform in the Bronx with a rangefinder raised
7298,7298,"Everton Charlemagne, a street photographer with a rangefinder on a Bronx platform",nb:DUMBO,stated,a DUMBO rooftop with the bridge behind
7299,7299,"Dulce Rivas, a woman who has photographed the same city for twenty seven years",nb:Harlem,stated,a Harlem portrait studio with a paper backdrop
7300,7300,"Imran Hossain, a man who runs a darkroom in Bed-Stuy under a red safelight",nb:Bedford-Stuyvesant,stated,a Bed-Stuy darkroom under a red safelight
7301,7301,"Eun-ji Yamashita, a portrait photographer in Harlem with a paper backdrop",boro:Bronx,stated,a subway platform in the Bronx with a rangefinder raised
7302,7302,"Iryna Stanescu, a woman who shoots long exposures from a DUMBO rooftop",nb:DUMBO,stated,a DUMBO rooftop with the bridge behind
7303,7303,"Hakim Bakhtiari, a man who prints one physical of every photograph he mints",nb:Harlem,stated,a Harlem portrait studio with a paper backdrop
7304,7304,"Peg Hollingsworth, a woman who built a community of photographers around a single ship metaphor",nb:Bedford-Stuyvesant,stated,a Bed-Stuy darkroom under a red safelight
7305,7305,"Trina Sealy, a photographer who wrote her own editorial when nobody would publish it",boro:Bronx,stated,a subway platform in the Bronx with a rangefinder raised
7306,7306,"Avi Silverstein, a man who shoots film and scans it the same night",nb:DUMBO,stated,a DUMBO rooftop with the bridge behind
7307,7307,"Ilagan Bhutia, a woman who photographs the abandoned rooms of the city",nb:Harlem,stated,a Harlem portrait studio with a paper backdrop
7308,7308,"Obinna Owusu, a subway photographer who has never asked permission",nb:Bedford-Stuyvesant,stated,a Bed-Stuy darkroom under a red safelight
7309,7309,"Fitzroy Bonaparte, a man who covers the wall of his studio in contact sheets",boro:Bronx,stated,a subway platform in the Bronx with a rangefinder raised
7310,7310,"Araceli Guzman, a woman who shoots portraits of artists in their own doorways",nb:DUMBO,stated,a DUMBO rooftop with the bridge behind
7311,7311,"Meera Mirza, a photographer who sells editions of ten and keeps one",nb:Harlem,stated,a Harlem portrait studio with a paper backdrop
7312,7312,"Zhen Hwang, a man who developed a roll in a bathtub in Ridgewood",nb:Bedford-Stuyvesant,stated,a Bed-Stuy darkroom under a red safelight
7313,7313,"Katarzyna Horvat, a woman who photographs from a moving car window across the bridge",boro:Bronx,stated,a subway platform in the Bronx with a rangefinder raised
7314,7314,"Waleed Khalil, a photographer who has archived every frame since the nineties on drives in a closet",nb:DUMBO,stated,a DUMBO rooftop with the bridge behind
7315,7315,"Nuala Achterman, a young shooter learning to load film in the dark",nb:Harlem,stated,a Harlem portrait studio with a paper backdrop
7316,7316,"Kelvin Rucker, a street photographer with a rangefinder on a Bronx platform",nb:Bedford-Stuyvesant,stated,a Bed-Stuy darkroom under a red safelight
7317,7317,"Sarala Silverstein, a woman who has photographed the same city for twenty seven years",boro:Bronx,stated,a subway platform in the Bronx with a rangefinder raised
7318,7318,"Norbu Bhutia, a man who runs a darkroom in Bed-Stuy under a red safelight",nb:DUMBO,stated,a DUMBO rooftop with the bridge behind
7319,7319,"Amara Cisse, a portrait photographer in Harlem with a paper backdrop",nb:Harlem,stated,a Harlem portrait studio with a paper backdrop
7320,7320,"Yvonne Jean-Baptiste, a woman who shoots long exposures from a DUMBO rooftop",nb:Bedford-Stuyvesant,stated,a Bed-Stuy darkroom under a red safelight
7321,7321,"Rafael Arocho, a man who prints one physical of every photograph he mints",boro:Bronx,stated,a subway platform in the Bronx with a rangefinder raised
7322,7322,"Deepa Subramanian, a woman who built a community of photographers around a single ship metaphor",nb:DUMBO,stated,a DUMBO rooftop with the bridge behind
7323,7323,"Lifen Cheung, a photographer who wrote her own editorial when nobody would publish it",nb:Harlem,stated,a Harlem portrait studio with a paper backdrop
7324,7324,"Vladan Novotny, a man who shoots film and scans it the same night",nb:Bedford-Stuyvesant,stated,a Bed-Stuy darkroom under a red safelight
7325,7325,"Nour Bakhtiari, a woman who photographs the abandoned rooms of the city",boro:Bronx,stated,a subway platform in the Bronx with a rangefinder raised
7326,7326,"Silvio Hollingsworth, a subway photographer who has never asked permission",nb:DUMBO,stated,a DUMBO rooftop with the bridge behind
7327,7327,"Maurice Sealy, a man who covers the wall of his studio in contact sheets",nb:Harlem,stated,a Harlem portrait studio with a paper backdrop
7328,7328,"Nechama Landau, a woman who shoots portraits of artists in their own doorways",nb:Bedford-Stuyvesant,stated,a Bed-Stuy darkroom under a red safelight
7329,7329,"Aliyah Nyein, a photographer who sells editions of ten and keeps one",boro:Bronx,stated,a subway platform in the Bronx with a rangefinder raised
7330,7330,"Tunde Sy, a man who developed a roll in a bathtub in Ridgewood",nb:DUMBO,stated,a DUMBO rooftop with the bridge behind
7331,7331,"Marcia Springer, a woman who photographs from a moving car window across the bridge",nb:Harlem,stated,a Harlem portrait studio with a paper backdrop
7332,7332,"Aurelio Betancourt, a photographer who has archived every frame since the nineties on drives in a closet",nb:Bedford-Stuyvesant,stated,a Bed-Stuy darkroom under a red safelight
7333,7333,"Priya Chakraborty, a young shooter learning to load film in the dark",boro:Bronx,stated,a subway platform in the Bronx with a rangefinder raised
7334,7334,"Yosuke Yamashita, a street photographer with a rangefinder on a Bronx platform",nb:DUMBO,stated,a DUMBO rooftop with the bridge behind
7335,7335,"Ludmila Kovalenko, a woman who has photographed the same city for twenty seven years",nb:Harlem,stated,a Harlem portrait studio with a paper backdrop
7336,7336,"Fadi Ozturk, a man who runs a darkroom in Bed-Stuy under a red safelight",nb:Bedford-Stuyvesant,stated,a Bed-Stuy darkroom under a red safelight
7337,7337,"Marguerite Wren, a portrait photographer in Harlem with a paper backdrop",boro:Bronx,stated,a subway platform in the Bronx with a rangefinder raised
7338,7338,"Shanice Pinkney, a woman who shoots long exposures from a DUMBO rooftop",nb:DUMBO,stated,a DUMBO rooftop with the bridge behind
7339,7339,"Moshe Landau, a man who prints one physical of every photograph he mints",nb:Harlem,stated,a Harlem portrait studio with a paper backdrop
7340,7340,"Nilar Rai, a woman who built a community of photographers around a single ship metaphor",nb:Bedford-Stuyvesant,stated,a Bed-Stuy darkroom under a red safelight
7341,7341,"The Man Who Sees Every Portrait in Red and Cyan, for Coldie",nb:Brooklyn Navy Yard,stated,a motion capture stage in the Brooklyn Navy Yard
7342,7342,"The Character Designer Who Left the Greenlight Behind, for Michael Kutsche",nb:Midtown,stated,a Midtown effects house at night
7343,7343,"The Woman Whose Heroine Earns Her Keep Outside the Market, for Sara Baumann",nb:Flatiron,stated,a Flatiron loft with a headset on every desk
7344,7344,"The Woman Who Sculpts Models Who Never Age, for Shavonne Wong",nb:Williamsburg,stated,a Williamsburg apartment with a green wall and a ring of cameras
7345,7345,"The Woman Who Makes the Viewer a Character, for Rebecca Rose",nb:Brooklyn Navy Yard,stated,a motion capture stage in the Brooklyn Navy Yard
7346,7346,"Boubacar Balogun, a man who builds every portrait in red and cyan so it stands off the wall",nb:Midtown,stated,a Midtown effects house at night
7347,7347,"Camille Dorsainvil, a woman who performs a virtual character live in a motion capture suit",nb:Flatiron,stated,a Flatiron loft with a headset on every desk
7348,7348,"Cesar Zambrano, a creature designer who has worked for the studios and now releases his own",nb:Williamsburg,stated,a Williamsburg apartment with a green wall and a ring of cameras
7349,7349,"Sunita Sengupta, a woman who built a virtual model who never ages",nb:Brooklyn Navy Yard,stated,a motion capture stage in the Brooklyn Navy Yard
7350,7350,"Sung-min Cheung, a man who sculpts in a headset in a Flatiron loft",nb:Midtown,stated,a Midtown effects house at night
7351,7351,"Marek Bogdanov, a mocap technician placing marker dots on a suit in the Navy Yard",nb:Flatiron,stated,a Flatiron loft with a headset on every desk
7352,7352,"Souad Khalil, a woman who renders whole worlds at night in a Midtown effects house",nb:Williamsburg,stated,a Williamsburg apartment with a green wall and a ring of cameras
7353,7353,"Aldo Achterman, an artist whose hidden content only appears when you push the contrast",nb:Brooklyn Navy Yard,stated,a motion capture stage in the Brooklyn Navy Yard
7354,7354,"Lamont Foster-Ames, a man who rigs a character so it can act on any stage",nb:Midtown,stated,a Midtown effects house at night
7355,7355,"Perel Rubinstein, a woman who prints her 3D work as lenticular sheets",nb:Flatiron,stated,a Flatiron loft with a headset on every desk
7356,7356,"Tenzin Rai, a man who runs a green wall and a ring of cameras in a Williamsburg apartment",nb:Williamsburg,stated,a Williamsburg apartment with a green wall and a ring of cameras
7357,7357,"Adaeze Danquah, a woman who makes her character earn a living outside the secondary market",nb:Brooklyn Navy Yard,stated,a motion capture stage in the Brooklyn Navy Yard
7358,7358,"Dwayne Cadogan, a game artist who released his creatures into the open",nb:Midtown,stated,a Midtown effects house at night
7359,7359,"Nestor Escalante, a man who wears red and cyan glasses to check the depth",nb:Flatiron,stated,a Flatiron loft with a headset on every desk
7360,7360,"Mehreen Bajwa, a woman who scans real New Yorkers into her world one at a time",nb:Williamsburg,stated,a Williamsburg apartment with a green wall and a ring of cameras
7361,7361,"Hyun-woo Kobayashi, a sculptor who prints the 3D file in bronze",nb:Brooklyn Navy Yard,stated,a motion capture stage in the Brooklyn Navy Yard
7362,7362,"Grigore Kaczmarek, a man who animates a character built entirely from bodega parts",nb:Midtown,stated,a Midtown effects house at night
7363,7363,"Layal Ozturk, a child who met a virtual character at a fair and asked where she lives",nb:Flatiron,stated,a Flatiron loft with a headset on every desk
7364,7364,"Enzo Wren, a man who builds every portrait in red and cyan so it stands off the wall",nb:Williamsburg,stated,a Williamsburg apartment with a green wall and a ring of cameras
7365,7365,"Denise Coates, a woman who performs a virtual character live in a motion capture suit",nb:Brooklyn Navy Yard,stated,a motion capture stage in the Brooklyn Navy Yard
7366,7366,"Gedalia Rubinstein, a creature designer who has worked for the studios and now releases his own",nb:Midtown,stated,a Midtown effects house at night
7367,7367,"Editha Delos-Reyes, a woman who built a virtual model who never ages",nb:Flatiron,stated,a Flatiron loft with a headset on every desk
7368,7368,"Segun Cisse, a man who sculpts in a headset in a Flatiron loft",nb:Williamsburg,stated,a Williamsburg apartment with a green wall and a ring of cameras
7369,7369,"Rohan Saint-Fleur, a mocap technician placing marker dots on a suit in the Navy Yard",nb:Brooklyn Navy Yard,stated,a motion capture stage in the Brooklyn Navy Yard
7370,7370,"Maribel Villalobos, a woman who renders whole worlds at night in a Midtown effects house",nb:Midtown,stated,a Midtown effects house at night
7371,7371,"Sohail Narayanan, an artist whose hidden content only appears when you push the contrast",nb:Flatiron,stated,a Flatiron loft with a headset on every desk
7372,7372,"Kenji Ng, a man who rigs a character so it can act on any stage",nb:Williamsburg,stated,a Williamsburg apartment with a green wall and a ring of cameras
7373,7373,"Danuta Adamczyk, a woman who prints her 3D work as lenticular sheets",nb:Brooklyn Navy Yard,stated,a motion capture stage in the Brooklyn Navy Yard
7374,7374,"Halim Ansari, a man who runs a green wall and a ring of cameras in a Williamsburg apartment",nb:Midtown,stated,a Midtown effects house at night
7375,7375,"Maeve Buonocore, a woman who makes her character earn a living outside the secondary market",nb:Flatiron,stated,a Flatiron loft with a headset on every desk
7376,7376,"Booker Pinkney, a game artist who released his creatures into the open",nb:Williamsburg,stated,a Williamsburg apartment with a green wall and a ring of cameras
7377,7377,"Yosef Halpern, a man who wears red and cyan glasses to check the depth",nb:Brooklyn Navy Yard,stated,a motion capture stage in the Brooklyn Navy Yard
7378,7378,"Cristeta Gyaltsen, a woman who scans real New Yorkers into her world one at a time",nb:Midtown,stated,a Midtown effects house at night
7379,7379,"Chidi Danquah, a sculptor who prints the 3D file in bronze",nb:Flatiron,stated,a Flatiron loft with a headset on every desk
7380,7380,"Junior Whyte, a man who animates a character built entirely from bodega parts",nb:Williamsburg,stated,a Williamsburg apartment with a green wall and a ring of cameras
7381,7381,"Soledad Marchena, a child who met a virtual character at a fair and asked where she lives",nb:Brooklyn Navy Yard,stated,a motion capture stage in the Brooklyn Navy Yard
7382,7382,"Farhan Mirza, a man who builds every portrait in red and cyan so it stands off the wall",nb:Midtown,stated,a Midtown effects house at night
7383,7383,"Wei-Lin Kobayashi, a woman who performs a virtual character live in a motion capture suit",nb:Flatiron,stated,a Flatiron loft with a headset on every desk
7384,7384,"Nikolai Ilic, a creature designer who has worked for the studios and now releases his own",nb:Williamsburg,stated,a Williamsburg apartment with a green wall and a ring of cameras
7385,7385,"Leyla Ansari, a woman who built a virtual model who never ages",nb:Brooklyn Navy Yard,stated,a motion capture stage in the Brooklyn Navy Yard
7386,7386,"Salvatore Buonocore, a man who sculpts in a headset in a Flatiron loft",nb:Midtown,stated,a Midtown effects house at night
7387,7387,"Ossie Devereaux, a mocap technician placing marker dots on a suit in the Navy Yard",nb:Flatiron,stated,a Flatiron loft with a headset on every desk
7388,7388,"Rivka Halpern, a woman who renders whole worlds at night in a Midtown effects house",nb:Williamsburg,stated,a Williamsburg apartment with a green wall and a ring of cameras
7389,7389,"Nurlan Delos-Reyes, an artist whose hidden content only appears when you push the contrast",nb:Brooklyn Navy Yard,stated,a motion capture stage in the Brooklyn Navy Yard
7390,7390,"Emeka Keita, a man who rigs a character so it can act on any stage",nb:Midtown,stated,a Midtown effects house at night
7392,7392,"The Man Who Drew a Grid of Checks and Let a Network Own It, for Jack Butcher",nb:Chelsea,stated,a museum with no walls projected on a Chelsea pier
7393,7393,"The Boys of Summer and the Curveball, for Mitchell F Chan",nb:Flatbush,inferred,Flatbush
7394,7394,"The Curator Who Sequences a Show Like an Album, for Punk7635",nb:Long Island City,stated,a Long Island City bindery where a catalogue is being sewn
7395,7395,"The Woman Who Gave Ten Million People a Sketchbook, for Lauren Lee McCarthy",nb:Lower East Side,inferred,Lower East Side
7396,7396,"The Selfie Inside the Screen Inside the Screen, for Olive Allen",nb:Chelsea,stated,a museum with no walls projected on a Chelsea pier
7398,7398,"Damaris Nunez-Paz, a woman who runs a museum with no walls",nb:Long Island City,stated,a Long Island City bindery where a catalogue is being sewn
7399,7399,"Asif Subramanian, a curator who strips the sales history out of the catalogue so the work is judged flat",nb:Lower East Side,stated,"Asif Subramanian, a curator who strips the sales history out of the catalogue so the work is judged flat"
7400,7400,"Bo Jeong, a man who warns that a live web page inside a contract is broken in twenty years",nb:Chelsea,stated,a museum with no walls projected on a Chelsea pier
7402,7402,"Nadia Chalabi, a notary on Court Street who has started stamping ledgers",nb:Long Island City,stated,a Long Island City bindery where a catalogue is being sewn
7404,7404,"Adrienne Devereaux, a woman who binds a catalogue by hand in a Long Island City bindery",nb:Chelsea,stated,a museum with no walls projected on a Chelsea pier
7406,7406,"Aung Gyaltsen, a man who wrote a grid of checks that became a movement",nb:Long Island City,stated,a Long Island City bindery where a catalogue is being sewn
7408,7408,"Shantel Blackman, an engineer in a cage of servers on Hudson Street at three in the morning",nb:Chelsea,stated,a museum with no walls projected on a Chelsea pier
7410,7410,"Lakshmi Ramaswamy, a woman who writes the story of a piece into the token so every future holder gets it",nb:Long Island City,stated,a Long Island City bindery where a catalogue is being sewn
7412,7412,"Nadia Wierzbicki, a writer who interviews the interviewers",nb:Chelsea,stated,a museum with no walls projected on a Chelsea pier
7414,7414,"Vincent Stavrakis, a man who keeps a paper copy of every contract he has ever deployed",nb:Long Island City,stated,a Long Island City bindery where a catalogue is being sewn
7416,7416,"Shoshana Kravitz, a woman who runs a museum with no walls",nb:Chelsea,stated,a museum with no walls projected on a Chelsea pier
7417,7417,"Karma Khaing, a curator who strips the sales history out of the catalogue so the work is judged flat",nb:Lower East Side,stated,"Karma Khaing, a curator who strips the sales history out of the catalogue so the work is judged flat"
7418,7418,"Kwabena Eze, a man who warns that a live web page inside a contract is broken in twenty years",nb:Long Island City,stated,a Long Island City bindery where a catalogue is being sewn
7420,7420,"Perla Cordero, a notary on Court Street who has started stamping ledgers",nb:Chelsea,stated,a museum with no walls projected on a Chelsea pier
7422,7422,"Mei Ng, a woman who binds a catalogue by hand in a Long Island City bindery",nb:Long Island City,stated,a Long Island City bindery where a catalogue is being sewn
7424,7424,"Karim Chalabi, a man who wrote a grid of checks that became a movement",nb:Chelsea,stated,a museum with no walls projected on a Chelsea pier
7426,7426,"Bernice Starks, an engineer in a cage of servers on Hudson Street at three in the morning",nb:Long Island City,stated,a Long Island City bindery where a catalogue is being sewn
7428,7428,"Grace Thapa, a woman who writes the story of a piece into the token so every future holder gets it",nb:Chelsea,stated,a museum with no walls projected on a Chelsea pier
7430,7430,"Lurline Toussaint, a writer who interviews the interviewers",nb:Long Island City,stated,a Long Island City bindery where a catalogue is being sewn
7432,7432,"Anand Sengupta, a man who keeps a paper copy of every contract he has ever deployed",nb:Chelsea,stated,a museum with no walls projected on a Chelsea pier
7434,7434,"Vesna Wozniak, a woman who runs a museum with no walls",nb:Long Island City,stated,a Long Island City bindery where a catalogue is being sewn
7435,7435,"Reza Barakat, a curator who strips the sales history out of the catalogue so the work is judged flat",nb:Lower East Side,stated,"Reza Barakat, a curator who strips the sales history out of the catalogue so the work is judged flat"
7436,7436,"Rocco Quilty, a man who warns that a live web page inside a contract is broken in twenty years",nb:Chelsea,stated,a museum with no walls projected on a Chelsea pier
7438,7438,"Devorah Feldman, a notary on Court Street who has started stamping ledgers",nb:Long Island City,stated,a Long Island City bindery where a catalogue is being sewn
7440,7440,"Folasade Eze, a woman who binds a catalogue by hand in a Long Island City bindery",nb:Chelsea,stated,a museum with no walls projected on a Chelsea pier
7441,7441,"The Man Who Called a Coin a Digital Sculpture of the Culture, for DarkFarms",nb:Flushing,stated,a Flushing internet cafe at four in the morning
7442,7442,"The Man Who Refused to Mint His Way Out, for Zeneca",nb:Financial District,stated,a Wall Street bar at last call with a chart on every phone
7443,7443,"The Man Who Turns Expressionist Paintings Into Toys, for Nuclear Samurai",nb:Chelsea,stated,a party boat off Chelsea Piers under coloured lights
7444,7444,"The Man Who Says the Points Farming Sucked the Oxygen Out, for BatSoupYum",nb:Bushwick,stated,a Bushwick warehouse party with a projector on the wall
7445,7445,"Desmond Jean-Baptiste, a man watching a candle at four in the morning in a Flushing internet cafe",nb:Flushing,stated,a Flushing internet cafe at four in the morning
7446,7446,"Xiomara Betancourt, a woman with six phones on one table at a Wall Street bar",nb:Financial District,stated,a Wall Street bar at last call with a chart on every phone
7447,7447,"Vikram Bajwa, a trader who funds an artist with the winnings and never tells them",nb:Chelsea,stated,a party boat off Chelsea Piers under coloured lights
7448,7448,"Takeshi Baek, a man who lost everything on a coin named after a sandwich and laughed",nb:Bushwick,stated,a Bushwick warehouse party with a projector on the wall
7449,7449,"Halyna Yakovlev, a woman who runs a warehouse party with the chart projected on the wall",nb:Flushing,stated,a Flushing internet cafe at four in the morning
7450,7450,"Dalia Kaya, a degen who buys art at the top and holds it to the bottom",nb:Financial District,stated,a Wall Street bar at last call with a chart on every phone
7451,7451,"Angelo Donnelly, a man who got in on the gas war and out with one piece",nb:Chelsea,stated,a party boat off Chelsea Piers under coloured lights
7452,7452,"Aaliyah Pratt, a bartender at last call who knows every ticker by the faces",nb:Bushwick,stated,a Bushwick warehouse party with a projector on the wall
7453,7453,"Chana Blum, a woman who launched a coin from a bodega and watched it go",nb:Flushing,stated,a Flushing internet cafe at four in the morning
7454,7454,"Lhakpa Macaraeg, a man who airdrops to strangers at a party boat",nb:Financial District,stated,a Wall Street bar at last call with a chart on every phone
7455,7455,"Ibrahim Okonkwo, a kid who turned a meme into rent",nb:Chelsea,stated,a party boat off Chelsea Piers under coloured lights
7456,7456,"Petronella Fairweather, a woman who trades from the back of a livery cab across the bridge",nb:Bushwick,stated,a Bushwick warehouse party with a projector on the wall
7457,7457,"Ignacio Almonte, a man who took the profit and bought a painting",nb:Flushing,stated,a Flushing internet cafe at four in the morning
7458,7458,"Nusrat Raghunathan, a woman whose whole group chat is on the same table for once",nb:Financial District,stated,a Wall Street bar at last call with a chart on every phone
7459,7459,"Yun Nakamura, a man who wears the loss like a suit",nb:Chelsea,stated,a party boat off Chelsea Piers under coloured lights
7460,7460,"Milena Vasilenko, a woman who keeps a candle chart in her head and a rosary in her pocket",nb:Bushwick,stated,a Bushwick warehouse party with a projector on the wall
7461,7461,"Farid Kaya, a promoter who books the boat and prints the wristbands blank",nb:Flushing,stated,a Flushing internet cafe at four in the morning
7462,7462,"Dominic Ferrante, a man who sold the top and cannot tell anyone",nb:Financial District,stated,a Wall Street bar at last call with a chart on every phone
7463,7463,"Malachi Ellis, a man watching a candle at four in the morning in a Flushing internet cafe",nb:Chelsea,stated,a party boat off Chelsea Piers under coloured lights
7464,7464,"Miriam Mandelbaum, a woman with six phones on one table at a Wall Street bar",nb:Bushwick,stated,a Bushwick warehouse party with a projector on the wall
7465,7465,"Dorje Wangdu, a trader who funds an artist with the winnings and never tells them",nb:Flushing,stated,a Flushing internet cafe at four in the morning
7466,7466,"Kofi Mensah, a man who lost everything on a coin named after a sandwich and laughed",nb:Financial District,stated,a Wall Street bar at last call with a chart on every phone
7467,7467,"Maureen Bridgewater, a woman who runs a warehouse party with the chart projected on the wall",nb:Chelsea,stated,a party boat off Chelsea Piers under coloured lights
7468,7468,"Yolanda Zambrano, a degen who buys art at the top and holds it to the bottom",nb:Bushwick,stated,a Bushwick warehouse party with a projector on the wall
7469,7469,"Tanveer Ramaswamy, a man who got in on the gas war and out with one piece",nb:Flushing,stated,a Flushing internet cafe at four in the morning
7470,7470,"Soo-jin Jeong, a bartender at last call who knows every ticker by the faces",nb:Financial District,stated,a Wall Street bar at last call with a chart on every phone
7471,7471,"Agnieszka Kowalczyk, a woman who launched a coin from a bodega and watched it go",nb:Chelsea,stated,a party boat off Chelsea Piers under coloured lights
7472,7472,"Sami Demir, a man who airdrops to strangers at a party boat",nb:Bushwick,stated,a Bushwick warehouse party with a projector on the wall
7473,7473,"Nunzio Halloran, a kid who turned a meme into rent",nb:Flushing,stated,a Flushing internet cafe at four in the morning
7474,7474,"Latasha Bridges, a woman who trades from the back of a livery cab across the bridge",nb:Financial District,stated,a Wall Street bar at last call with a chart on every phone
7475,7475,"Ephraim Blum, a man who took the profit and bought a painting",nb:Chelsea,stated,a party boat off Chelsea Piers under coloured lights
7476,7476,"Pema Macaraeg, a woman whose whole group chat is on the same table for once",nb:Bushwick,stated,a Bushwick warehouse party with a projector on the wall
7477,7477,"Babatunde Diallo, a man who wears the loss like a suit",nb:Flushing,stated,a Flushing internet cafe at four in the morning
7478,7478,"Cherry Ambroise, a woman who keeps a candle chart in her head and a rosary in her pocket",nb:Financial District,stated,a Wall Street bar at last call with a chart on every phone
7479,7479,"Wilfredo Peralta, a promoter who books the boat and prints the wristbands blank",nb:Chelsea,stated,a party boat off Chelsea Piers under coloured lights
7480,7480,"Devendra Raghunathan, a man who sold the top and cannot tell anyone",nb:Bushwick,stated,a Bushwick warehouse party with a projector on the wall
7481,7481,"Chen Zhang, a man watching a candle at four in the morning in a Flushing internet cafe",nb:Flushing,stated,a Flushing internet cafe at four in the morning
7482,7482,"Oksana Moroianu, a woman with six phones on one table at a Wall Street bar",nb:Financial District,stated,a Wall Street bar at last call with a chart on every phone
7483,7483,"Bassam Kholghi, a trader who funds an artist with the winnings and never tells them",nb:Chelsea,stated,a party boat off Chelsea Piers under coloured lights
7484,7484,"Carmine Vitale, a man who lost everything on a coin named after a sandwich and laughed",nb:Bushwick,stated,a Bushwick warehouse party with a projector on the wall
7485,7485,"Cheryl Ballard, a woman who runs a warehouse party with the chart projected on the wall",nb:Flushing,stated,a Flushing internet cafe at four in the morning
7486,7486,"Bracha Zilberman, a degen who buys art at the top and holds it to the bottom",nb:Financial District,stated,a Wall Street bar at last call with a chart on every phone
7487,7487,"Rinchen Ilagan, a man who got in on the gas war and out with one piece",nb:Chelsea,stated,a party boat off Chelsea Piers under coloured lights
7488,7488,"Aminata Sanogo, a bartender at last call who knows every ticker by the faces",nb:Bushwick,stated,a Bushwick warehouse party with a projector on the wall
7489,7489,"Sybil Pierre-Louis, a woman who launched a coin from a bodega and watched it go",nb:Flushing,stated,a Flushing internet cafe at four in the morning
7490,7490,"Octavio Villanueva, a man who airdrops to strangers at a party boat",nb:Financial District,stated,a Wall Street bar at last call with a chart on every phone
7491,7491,The Dev Who Has Not Slept in Four Days,nb:Bushwick,stated,a Bushwick loft on drop night
7492,7492,The Man Who Wrote the Contract Nobody Read,nb:Flatiron,stated,a Flatiron coworking floor at midnight
7493,7493,The Woman Who Refreshed at the Exact Second,nb:Chinatown,stated,a Chinatown apartment with six monitors
7494,7494,The Man Who Forgot and Missed It,nb:Midwood,inferred,Midwood
7495,7495,The Woman Who Ran the Launch Party Anyway,nb:Bushwick,stated,a Bushwick loft on drop night
7496,7496,"Adaeze Okonkwo, a developer on the fourth night without sleep",nb:Flatiron,stated,a Flatiron coworking floor at midnight
7497,7497,"Yvonne Baptiste, a woman refreshing two phones at the exact second",nb:Chinatown,stated,a Chinatown apartment with six monitors
7499,7499,"Rajesh Raghunathan, a man who wrote the art script and cannot look at it any more",nb:Bushwick,stated,a Bushwick loft on drop night
7500,7500,"Wei-Lin Chow, a community manager fielding four hundred questions at once",nb:Flatiron,stated,a Flatiron coworking floor at midnight
7501,7501,"Iryna Danylchenko, a woman who set an alarm for a launch in another timezone",nb:Chinatown,stated,a Chinatown apartment with six monitors
7503,7503,"Salvatore Donnelly, an artist watching strangers decide what a year of work is worth",nb:Bushwick,stated,a Bushwick loft on drop night
7504,7504,"Shanice Pratt, a woman who bought one piece and cannot explain why to her husband",nb:Flatiron,stated,a Flatiron coworking floor at midnight
7505,7505,"Yosef Mandelbaum, a man who missed it by nine seconds",nb:Chinatown,stated,a Chinatown apartment with six monitors
7507,7507,"Ngozi Mensah, a woman who talked three friends into it and is now responsible",nb:Bushwick,stated,a Bushwick loft on drop night
7508,7508,"Marcia Toussaint, a lawyer trying to explain what is being sold",nb:Flatiron,stated,a Flatiron coworking floor at midnight
7509,7509,"Rafael Sandoval, a man refreshing in a stairwell at work",nb:Chinatown,stated,a Chinatown apartment with six monitors
7511,7511,"Hyun-woo Chow, a founder doing a livestream while it happens",nb:Bushwick,stated,a Bushwick loft on drop night
7512,7512,"Tomasz Danylchenko, a man who paid more in fees than for the piece",nb:Flatiron,stated,a Flatiron coworking floor at midnight
7513,7513,"Karim Kholghi, a teenager who got in on a borrowed account",nb:Chinatown,stated,a Chinatown apartment with six monitors
7515,7515,"Denise Bridges, a woman refreshing two phones at the exact second",nb:Bushwick,stated,a Bushwick loft on drop night
7516,7516,"Rivka Mandelbaum, a smart contract auditor delivering bad news the day before launch",nb:Flatiron,stated,a Flatiron coworking floor at midnight
7517,7517,"Tenzin Wangdu, a man who wrote the art script and cannot look at it any more",nb:Chinatown,stated,a Chinatown apartment with six monitors
7519,7519,"Camille Fairweather, a woman who set an alarm for a launch in another timezone",nb:Bushwick,stated,a Bushwick loft on drop night
7520,7520,"Aurelio Almonte, a man running a bot he does not fully understand",nb:Flatiron,stated,a Flatiron coworking floor at midnight
7521,7521,"Anand Mahadevan, an artist watching strangers decide what a year of work is worth",nb:Chinatown,stated,a Chinatown apartment with six monitors
7523,7523,"Sergei Wierzbicki, a man who missed it by nine seconds",nb:Bushwick,stated,a Bushwick loft on drop night
7524,7524,"Leyla Demir, a designer who made the collection page in one night",nb:Flatiron,stated,a Flatiron coworking floor at midnight
7525,7525,"Bridget Ferrante, a woman who talked three friends into it and is now responsible",nb:Chinatown,stated,a Chinatown apartment with six monitors
7527,7527,"Aaron Zilberman, a man refreshing in a stairwell at work",nb:Bushwick,stated,a Bushwick loft on drop night
7528,7528,"Pema Ilagan, a woman who launched hers the same night and got nothing",nb:Flatiron,stated,a Flatiron coworking floor at midnight
7529,7529,"Chidi Okonkwo, a founder doing a livestream while it happens",nb:Chinatown,stated,a Chinatown apartment with six monitors
7531,7531,"Cesar Peralta, a teenager who got in on a borrowed account",nb:Bushwick,stated,a Bushwick loft on drop night
7532,7532,"Sunita Mahadevan, a developer on the fourth night without sleep",nb:Flatiron,stated,a Flatiron coworking floor at midnight
7533,7533,"Soo-jin Nakamura, a woman refreshing two phones at the exact second",nb:Chinatown,stated,a Chinatown apartment with six monitors
7535,7535,"Reza Osmani, a man who wrote the art script and cannot look at it any more",nb:Bushwick,stated,a Bushwick loft on drop night
7536,7536,"Nora Halloran, a community manager fielding four hundred questions at once",nb:Flatiron,stated,a Flatiron coworking floor at midnight
7537,7537,"Bernice Whitlock, a woman who set an alarm for a launch in another timezone",nb:Chinatown,stated,a Chinatown apartment with six monitors
7539,7539,"Nurlan Ilagan, an artist watching strangers decide what a year of work is worth",nb:Bushwick,stated,a Bushwick loft on drop night
7540,7540,"Aminata Adeyemi, a woman who bought one piece and cannot explain why to her husband",nb:Flatiron,stated,a Flatiron coworking floor at midnight
7541,7541,The Woman Who Has Never Sold Anything,nb:Financial District,stated,a Financial District lobby
7542,7542,The Man Who Swept the Floor at the Bottom,nb:Sheepshead Bay,stated,a Sheepshead Bay kitchen table
7543,7543,The Woman Who Sold at the Bottom,nb:Midtown,stated,a Midtown food hall at noon
7544,7544,The Man Who Checks in the Barber's Chair,nb:Mott Haven,inferred,Mott Haven
7545,7545,The Woman Who Explains It to Her Parents,nb:Financial District,stated,a Financial District lobby
7546,7546,"Winston Toussaint, a man who swept the floor at the exact bottom",nb:Sheepshead Bay,stated,a Sheepshead Bay kitchen table
7547,7547,"Xiomara Almonte, a woman who sold at the exact bottom",nb:Midtown,stated,a Midtown food hall at noon
7549,7549,"Kenji Baek, a man refreshing a chart in a barber's chair",nb:Financial District,stated,a Financial District lobby
7550,7550,"Ludmila Wozniak, a woman explaining it to her parents at a kitchen table",nb:Sheepshead Bay,stated,a Sheepshead Bay kitchen table
7551,7551,"Nadia Kholghi, a trader who reads only the art and never the volume",nb:Midtown,stated,a Midtown food hall at noon
7553,7553,"Yolanda Odom, a woman who buys one piece a month regardless of anything",nb:Financial District,stated,a Financial District lobby
7554,7554,"Ephraim Friedlander, a man who talks about conviction and checks hourly",nb:Sheepshead Bay,stated,a Sheepshead Bay kitchen table
7555,7555,"Dolma Sherpa, a woman who has muted every chart alert and still knows the number",nb:Midtown,stated,a Midtown food hall at noon
7557,7557,"Rupert Fairweather, a man who sold his to pay a hospital bill",nb:Financial District,stated,a Financial District lobby
7558,7558,"Yolanda Peralta, a woman who kept hers through everything and cannot say why",nb:Sheepshead Bay,stated,a Sheepshead Bay kitchen table
7559,7559,"Tanveer Bhattacharya, a man who does the arithmetic on a napkin in a diner",nb:Midtown,stated,a Midtown food hall at noon
7561,7561,"Danuta Yakovlev, a woman who quit her job on a number and is watching it fall",nb:Financial District,stated,a Financial District lobby
7562,7562,"Farid Haddad, a man who buys only from artists he has met",nb:Sheepshead Bay,stated,a Sheepshead Bay kitchen table
7563,7563,"Colleen Vitale, a teenager trading on a phone under a school desk",nb:Midtown,stated,a Midtown food hall at noon
7565,7565,"Shoshana Zilberman, a woman who sold at the exact bottom",nb:Financial District,stated,a Financial District lobby
7566,7566,"Aung Sherpa, a person who has never sold anything in their life",nb:Sheepshead Bay,stated,a Sheepshead Bay kitchen table
7567,7567,"Kwabena Diallo, a man refreshing a chart in a barber's chair",nb:Midtown,stated,a Midtown food hall at noon
7569,7569,"Consuelo Villanueva, a trader who reads only the art and never the volume",nb:Financial District,stated,a Financial District lobby
7570,7570,"Devendra Siddiqui, a man who borrowed against a piece and is now watching the price",nb:Sheepshead Bay,stated,a Sheepshead Bay kitchen table
7571,7571,"Xiaoling Zhang, a woman who buys one piece a month regardless of anything",nb:Midtown,stated,a Midtown food hall at noon
7573,7573,"Yasmin Osmani, a woman who has muted every chart alert and still knows the number",nb:Financial District,stated,a Financial District lobby
7574,7574,"Vincent Halloran, a delivery rider checking between drops",nb:Sheepshead Bay,stated,a Sheepshead Bay kitchen table
7575,7575,"Curtis Bridges, a man who sold his to pay a hospital bill",nb:Midtown,stated,a Midtown food hall at noon
7577,7577,"Karma Abdrakhmanov, a man who does the arithmetic on a napkin in a diner",nb:Financial District,stated,a Financial District lobby
7578,7578,"Ousmane Adeyemi, an analyst who is horrified and cannot look away",nb:Sheepshead Bay,stated,a Sheepshead Bay kitchen table
7579,7579,"Odessa Ambroise, a woman who quit her job on a number and is watching it fall",nb:Midtown,stated,a Midtown food hall at noon
7581,7581,"Mehreen Chowdhury, a teenager trading on a phone under a school desk",nb:Financial District,stated,a Financial District lobby
7582,7582,"Haruki Zhang, a man who swept the floor at the exact bottom",nb:Sheepshead Bay,stated,a Sheepshead Bay kitchen table
7583,7583,"Zofia Vasilenko, a woman who sold at the exact bottom",nb:Midtown,stated,a Midtown food hall at noon
7585,7585,"Rocco Vitale, a man refreshing a chart in a barber's chair",nb:Financial District,stated,a Financial District lobby
7586,7586,"Aaliyah Pryor, a woman explaining it to her parents at a kitchen table",nb:Sheepshead Bay,stated,a Sheepshead Bay kitchen table
7587,7587,"Chana Friedlander, a trader who reads only the art and never the volume",nb:Midtown,stated,a Midtown food hall at noon
7589,7589,"Yaa Camara, a woman who buys one piece a month regardless of anything",nb:Financial District,stated,a Financial District lobby
7590,7590,"Delroy Bridgewater, a man who talks about conviction and checks hourly",nb:Sheepshead Bay,stated,a Sheepshead Bay kitchen table
7591,7591,The Anon With Two Hundred Thousand Followers and a Day Job,boro:Queens,inferred,"somewhere in Queens, and that is all anybody gets"
7592,7592,The Man Who Doxxed Himself and Regretted It,nb:Midtown,stated,a Midtown office where nobody knows
7593,7593,The Woman Whose Avatar Is More Employable Than She Is,nb:Bayside,inferred,Bayside
7594,7594,The Man Who Has Two Phones for Two People,nb:Williamsburg,inferred,Williamsburg
7595,7595,The Woman Who Wears the Mask at the Conference,nb:Astoria,inferred,Accra by way of Astoria
7596,7596,"Marisol Quispe, an anon with two hundred thousand followers and a day job",nb:Midtown,stated,a Midtown office where nobody knows
7600,7600,"Dalia Haddad, a woman who wears the character mask at conferences",nb:Midtown,stated,a Midtown office where nobody knows
7604,7604,"Lhakpa Villanueva-Cruz, a man who got a job through a face that is not his",nb:Midtown,stated,a Midtown office where nobody knows
7608,7608,"Lakshmi Bhattacharya, a woman who has three separate friend groups who have never met",nb:Midtown,stated,a Midtown office where nobody knows
7612,7612,"Deirdre Marchetti, a person deciding tonight whether to post their real face",nb:Midtown,stated,a Midtown office where nobody knows
7616,7616,"Fatoumata Nwachukwu, a woman whose avatar is more employable than she is",nb:Midtown,stated,a Midtown office where nobody knows
7620,7620,"Takeshi Ishikawa, a man whose colleagues have no idea",nb:Midtown,stated,a Midtown office where nobody knows
7624,7624,"Latasha Hollins, a person recognized on the street by their profile picture",nb:Midtown,stated,a Midtown office where nobody knows
7627,7627,"Ibrahim Camara, a person who tells their therapist about a self they cannot describe",nb:Midtown,inferred,"in a Midtown office at lunch, reading something and just failing to keep a straight face"
7628,7628,"Anselm Pierre-Louis, a man printing the avatar as a physical mask",nb:Midtown,stated,a Midtown office where nobody knows
7632,7632,"Vesna Moroianu, an anon with two hundred thousand followers and a day job",nb:Midtown,stated,a Midtown office where nobody knows
7636,7636,"Tova Shulman, a woman who wears the character mask at conferences",nb:Midtown,stated,a Midtown office where nobody knows
7640,7640,"Ignacio Bustamante, a man who got a job through a face that is not his",nb:Midtown,stated,a Midtown office where nobody knows
7641,7641,The Woman Who Spent Nine Months on One Curve,nb:Greenpoint,stated,a Greenpoint studio with a plotter running
7642,7642,The Man Who Prints Because the Screen Is Not the Work,nb:Sunnyside,inferred,Iasi by way of Sunnyside
7643,7643,The Mathematician Who Found It By Accident,nb:Long Island City,stated,a print shop in Long Island City
7644,7644,The Man Who Ran the Plotter for Everyone,nb:Long Island City,inferred,"in a Long Island City shop with four pen plotters running at once, changing a pen mid draw"
7645,7645,The Woman Who Hangs the Paper,nb:Greenpoint,stated,a Greenpoint studio with a plotter running
7647,7647,"Chen Ueda, a man who prints because the screen is not the work",nb:Long Island City,stated,a print shop in Long Island City
7649,7649,"Zahra Nasrallah, a technician who runs the plotters for everybody",nb:Greenpoint,stated,a Greenpoint studio with a plotter running
7651,7651,"Rashad Pryor, a man who writes the rules and never chooses the output",nb:Long Island City,stated,a print shop in Long Island City
7653,7653,"Tashi Lama, a man teaching a teenager to write their first generator",nb:Greenpoint,stated,a Greenpoint studio with a plotter running
7655,7655,"Clive Grandison, a man who plots for twenty hours for one sheet",nb:Long Island City,stated,a print shop in Long Island City
7657,7657,"Mahesh Pillai, a man who found a bug that made it better and kept it",nb:Greenpoint,stated,a Greenpoint studio with a plotter running
7659,7659,"Andrei Moroianu, a print shop owner who now makes half his living this way",nb:Long Island City,stated,a print shop in Long Island City
7661,7661,"Roisin Moran, a woman who releases everything including the failures",nb:Greenpoint,stated,a Greenpoint studio with a plotter running
7663,7663,"Shmuel Ackerman, a man who plots the same file every year to watch the pens change",nb:Long Island City,stated,a print shop in Long Island City
7665,7665,"Babatunde Nwachukwu, a man who prints because the screen is not the work",nb:Greenpoint,stated,a Greenpoint studio with a plotter running
7667,7667,"Yesenia Castellanos, a technician who runs the plotters for everybody",nb:Long Island City,stated,a print shop in Long Island City
7669,7669,"Guo-Rong Seo, a man who writes the rules and never chooses the output",nb:Greenpoint,stated,a Greenpoint studio with a plotter running
7671,7671,"Jamil Mansour, a man teaching a teenager to write their first generator",nb:Long Island City,stated,a print shop in Long Island City
7673,7673,"Marvin Greer, a man who plots for twenty hours for one sheet",nb:Greenpoint,stated,a Greenpoint studio with a plotter running
7675,7675,"Sangay Aung-Thein, a man who found a bug that made it better and kept it",nb:Long Island City,stated,a print shop in Long Island City
7677,7677,"Lloyd Hyacinth, a print shop owner who now makes half his living this way",nb:Greenpoint,stated,a Greenpoint studio with a plotter running
7679,7679,"Parveen Krishnamurthy, a woman who releases everything including the failures",nb:Long Island City,stated,a print shop in Long Island City
7681,7681,"Lech Petrovic, a man who plots the same file every year to watch the pens change",nb:Greenpoint,stated,a Greenpoint studio with a plotter running
7683,7683,"Dominic Kilbride, a man who prints because the screen is not the work",nb:Long Island City,stated,a print shop in Long Island City
7685,7685,"Malka Katzenberg, a technician who runs the plotters for everybody",nb:Greenpoint,stated,a Greenpoint studio with a plotter running
7687,7687,"Sekou Toure, a man who writes the rules and never chooses the output",nb:Long Island City,stated,a print shop in Long Island City
7689,7689,"Octavio Trejo, a man teaching a teenager to write their first generator",nb:Greenpoint,stated,a Greenpoint studio with a plotter running
7691,7691,The Mod Who Has Not Had an Evening Off in Two Years,boro:Queens,stated,a Queens bedroom running a server for four thousand
7692,7692,The Man Who Found His Real Friends Here,boro:Manhattan,stated,a Manhattan office toilet where the mod is answering tickets
7693,7693,The Woman Who Answers Every Ticket,boro:Bronx,inferred,Conakry by way of the Bronx
7694,7694,The Man Who Raids Every Post at Four,nb:Ridgewood,inferred,Ridgewood
7695,7695,The Woman Who Organizes the Meetup,boro:Queens,stated,a Queens bedroom running a server for four thousand
7696,7696,"Sora Lim, a moderator who has not had an evening off in two years",boro:Manhattan,stated,a Manhattan office toilet where the mod is answering tickets
7699,7699,"Nunzio Castellano, a man who raids every post at four in the morning",boro:Queens,stated,a Queens bedroom running a server for four thousand
7700,7700,"Cheryl Greer, a woman who organizes the meetup nobody comes to",boro:Manhattan,stated,a Manhattan office toilet where the mod is answering tickets
7703,7703,"Abena Bah, a woman who quietly removes the worst people and tells nobody",boro:Queens,stated,a Queens bedroom running a server for four thousand
7704,7704,"Cherry Hyacinth, a person who found out about a death in a group chat",boro:Manhattan,stated,a Manhattan office toilet where the mod is answering tickets
7707,7707,"Dae-ho Fung, a person who has never spoken in voice chat once",boro:Queens,stated,a Queens bedroom running a server for four thousand
7708,7708,"Vladan Novotny, a man who has met nine of them in person and calls them family",boro:Manhattan,stated,a Manhattan office toilet where the mod is answering tickets
7711,7711,"Andre Wilkes, a man who screenshots everything for a group that trusts him",boro:Queens,stated,a Queens bedroom running a server for four thousand
7712,7712,"Rochel Gottlieb, a woman who is the only adult in a server full of teenagers",boro:Manhattan,stated,a Manhattan office toilet where the mod is answering tickets
7715,7715,"Everton Charlemagne, a man who found his real friends here",boro:Queens,stated,a Queens bedroom running a server for four thousand
7716,7716,"Dulce Rivas, a woman answering tickets from an office bathroom",boro:Manhattan,stated,a Manhattan office toilet where the mod is answering tickets
7719,7719,"Marek Bogdanov, a person who has been in the same server for five years",boro:Queens,stated,a Queens bedroom running a server for four thousand
7720,7720,"Ghassan Aziz, a man who writes the welcome message everybody ignores",boro:Manhattan,stated,a Manhattan office toilet where the mod is answering tickets
7723,7723,"Naftali Berkowitz, a man who left the server and came back within a week",boro:Queens,stated,a Queens bedroom running a server for four thousand
7724,7724,"Analiza Tsering, a woman who runs a channel for people who are struggling",boro:Manhattan,stated,a Manhattan office toilet where the mod is answering tickets
7727,7727,"Araceli Guzman, a woman doing unpaid work that keeps a company's product alive",boro:Queens,stated,a Queens bedroom running a server for four thousand
7728,7728,"Kavitha Narayanan, a person who logs on at the same time every night out of habit",boro:Manhattan,stated,a Manhattan office toilet where the mod is answering tickets
7731,7731,"Ayman Farhat, a person who muted it all and misses it",boro:Queens,stated,a Queens bedroom running a server for four thousand
7732,7732,"Peg Hollingsworth, a moderator who has not had an evening off in two years",boro:Manhattan,stated,a Manhattan office toilet where the mod is answering tickets
7735,7735,"Norbu Bhutia, a man who raids every post at four in the morning",boro:Queens,stated,a Queens bedroom running a server for four thousand
7736,7736,"Zainab Owusu, a woman who organizes the meetup nobody comes to",boro:Manhattan,stated,a Manhattan office toilet where the mod is answering tickets
7739,7739,"Meera Mirza, a woman who quietly removes the worst people and tells nobody",boro:Queens,stated,a Queens bedroom running a server for four thousand
7740,7740,"Min-seo Seo, a person who found out about a death in a group chat",boro:Manhattan,stated,a Manhattan office toilet where the mod is answering tickets
7741,7741,The Artist Who Did the Work and Never Got Paid,nb:East Flatbush,inferred,East Flatbush
7742,7742,The Man Who Kept the Server Open Anyway,nb:Sheepshead Bay,inferred,Sheepshead Bay
7743,7743,The Woman With a Room Full of Merchandise,boro:Brooklyn,stated,a Brooklyn apartment full of unopened merchandise
7744,7744,The Man Who Kept Every Screenshot,nb:Sunset Park,inferred,Sunset Park
7745,7745,The Woman Who Warned Them in March,nb:Kensington,inferred,"Kensington, Brooklyn"
7747,7747,"Osman Yildiz, a man who kept the server open after everyone left",boro:Brooklyn,stated,a Brooklyn apartment full of unopened merchandise
7751,7751,"Bayarmaa Bautista, a person who put in more than they could afford",boro:Brooklyn,stated,a Brooklyn apartment full of unopened merchandise
7755,7755,"Gopal Krishnamurthy, a man who found the founder's real name and did nothing with it",boro:Brooklyn,stated,a Brooklyn apartment full of unopened merchandise
7759,7759,"Marguerite Wren, a woman who bought in the week before it stopped",boro:Brooklyn,stated,a Brooklyn apartment full of unopened merchandise
7763,7763,"Aissatou Sy, a person who found the same founder running something new",boro:Brooklyn,stated,a Brooklyn apartment full of unopened merchandise
7767,7767,"Zhen Hwang, a man who kept every screenshot in a timestamped folder",boro:Brooklyn,stated,a Brooklyn apartment full of unopened merchandise
7771,7771,"Simone Wilkes, a woman who moderated it for free for eighteen months",boro:Brooklyn,stated,a Brooklyn apartment full of unopened merchandise
7775,7775,"Merle Cadogan, a person who lost a friendship over who to blame",boro:Brooklyn,stated,a Brooklyn apartment full of unopened merchandise
7779,7779,"Nikolai Ilic, a man who runs a spreadsheet of who is owed what",boro:Brooklyn,stated,a Brooklyn apartment full of unopened merchandise
7783,7783,"Dov Katzenberg, a man who kept the server open after everyone left",boro:Brooklyn,stated,a Brooklyn apartment full of unopened merchandise
7787,7787,"Maribel Villalobos, a person who put in more than they could afford",boro:Brooklyn,stated,a Brooklyn apartment full of unopened merchandise
7791,7791,The Gallerist Who Does Not Understand It and Is Trying,nb:Chelsea,stated,a Chelsea gallery with a projector
7792,7792,The Man Whose Projector Will Not Focus,nb:Lower East Side,stated,a Lower East Side pop up with a generator
7793,7793,The Woman Who Flew In For One Piece,nb:Tribeca,inferred,Port of Spain by way of Tribeca
7794,7794,The Artist Seeing It Printed For the First Time,nb:Bushwick,stated,a warehouse in Bushwick
7795,7795,The Woman Who Pours the Wine at Every Opening,nb:Chelsea,stated,a Chelsea gallery with a projector
7796,7796,"Rima Yildiz, a gallerist who does not understand it and is trying",nb:Lower East Side,stated,a Lower East Side pop up with a generator
7798,7798,"Renita Cheatham, a collector who flew in for one piece",nb:Bushwick,stated,a warehouse in Bushwick
7799,7799,"Shaya Gottlieb, an artist seeing their work printed for the first time",nb:Chelsea,stated,a Chelsea gallery with a projector
7800,7800,"Khin Dorjee, a woman pouring wine at every opening in the city",nb:Lower East Side,stated,a Lower East Side pop up with a generator
7802,7802,"Verona Whyte, a curator arguing that it belongs on a wall",nb:Bushwick,stated,a warehouse in Bushwick
7803,7803,"Soledad Marchena, a woman arguing that a wall is a betrayal of it",nb:Chelsea,stated,a Chelsea gallery with a projector
7804,7804,"Imran Hossain, a man running a generator for a pop up with no power",nb:Lower East Side,stated,a Lower East Side pop up with a generator
7806,7806,"Radmila Kaczmarek, a preparator building crates for digital work",nb:Bushwick,stated,a warehouse in Bushwick
7807,7807,"Waleed Khalil, a man explaining a QR code to a collector twice his age",nb:Chelsea,stated,a Chelsea gallery with a projector
7808,7808,"Bridget Feeney, a woman who sold her first piece tonight and is hiding in a stairwell",nb:Lower East Side,stated,a Lower East Side pop up with a generator
7810,7810,"Avi Silverstein, a man whose piece is hung badly and will not say anything",nb:Bushwick,stated,a warehouse in Bushwick
7811,7811,"Choden Sarmiento, a woman who bought the cheapest thing in the room and loves it most",nb:Chelsea,stated,a Chelsea gallery with a projector
7812,7812,"Amara Cisse, a gallery intern who understands it better than anyone there",nb:Lower East Side,stated,a Lower East Side pop up with a generator
7814,7814,"Damaris Nunez-Paz, a gallerist who does not understand it and is trying",nb:Bushwick,stated,a warehouse in Bushwick
7815,7815,"Sohail Narayanan, a technician whose projector will not focus",nb:Chelsea,stated,a Chelsea gallery with a projector
7816,7816,"Xiuying Hwang, a collector who flew in for one piece",nb:Lower East Side,stated,a Lower East Side pop up with a generator
7818,7818,"Nour Bakhtiari, a woman pouring wine at every opening in the city",nb:Bushwick,stated,a warehouse in Bushwick
7819,7819,"Gennaro Belsky, a man hanging forty frames in a night",nb:Chelsea,stated,a Chelsea gallery with a projector
7820,7820,"Toya Danridge, a curator arguing that it belongs on a wall",nb:Lower East Side,stated,a Lower East Side pop up with a generator
7822,7822,"Nurlan Delos-Reyes, a man running a generator for a pop up with no power",nb:Bushwick,stated,a warehouse in Bushwick
7823,7823,"Adaeze Danquah, a woman photographing the show for people who will never come",nb:Chelsea,stated,a Chelsea gallery with a projector
7824,7824,"Pearline Achille, a preparator building crates for digital work",nb:Lower East Side,stated,a Lower East Side pop up with a generator
7826,7826,"Sunita Sengupta, a woman who sold her first piece tonight and is hiding in a stairwell",nb:Bushwick,stated,a warehouse in Bushwick
7827,7827,"Sung-min Cheung, a critic who has come to be unimpressed and is not",nb:Chelsea,stated,a Chelsea gallery with a projector
7828,7828,"Tomasz Stanescu, a man whose piece is hung badly and will not say anything",nb:Lower East Side,stated,a Lower East Side pop up with a generator
7830,7830,"Nora Stavrakis, a gallery intern who understands it better than anyone there",nb:Bushwick,stated,a warehouse in Bushwick
7831,7831,"Booker Pinkney, a man taking the whole show down at one in the morning",nb:Chelsea,stated,a Chelsea gallery with a projector
7832,7832,"Rivka Halpern, a gallerist who does not understand it and is trying",nb:Lower East Side,stated,a Lower East Side pop up with a generator
7834,7834,"Ngozi Keita, a collector who flew in for one piece",nb:Bushwick,stated,a warehouse in Bushwick
7835,7835,"Damion Achille, an artist seeing their work printed for the first time",nb:Chelsea,stated,a Chelsea gallery with a projector
7836,7836,"Perla Cordero, a woman pouring wine at every opening in the city",nb:Lower East Side,stated,a Lower East Side pop up with a generator
7838,7838,"Eun-ji Yamashita, a curator arguing that it belongs on a wall",nb:Bushwick,stated,a warehouse in Bushwick
7839,7839,"Wanda Ilic, a woman arguing that a wall is a betrayal of it",nb:Chelsea,stated,a Chelsea gallery with a projector
7840,7840,"Fadi Ozturk, a man running a generator for a pop up with no power",nb:Lower East Side,stated,a Lower East Side pop up with a generator
7841,7841,The Woman Who Has Told Nobody Where It Is,boro:Bronx,inferred,Kingston by way of the Bronx
7842,7842,The Man Locked Out Since 2014,nb:Brighton Beach,inferred,Odesa by way of Brighton Beach
7843,7843,The Woman Who Cuts the Keys,nb:Woodside,inferred,Manila by way of Woodside
7844,7844,The Man Who Split It Across Three Boroughs,nb:Bay Ridge,inferred,Mosul by way of Bay Ridge
7891,7891,The Man Who Is Very Funny About the Worst Year of His Life,nb:Lower East Side,stated,a Lower East Side apartment at five in the morning
7892,7892,The Man Who Quietly Stopped,nb:Flatbush,inferred,Flatbush
7893,7893,The Woman Who Runs the Group Chat,nb:East Flatbush,inferred,East Flatbush
7894,7894,The Man on Hour Thirty,nb:Corona,inferred,Corona
7895,7895,The Woman Who Made It Back and Says Nothing,nb:Lower East Side,stated,a Lower East Side apartment at five in the morning
7899,7899,"Yaa Okonkwo, a woman who made it back and refuses to be an example",nb:Lower East Side,stated,a Lower East Side apartment at five in the morning
7903,7903,"Bo Jeong, a person who deleted the app eleven times",nb:Lower East Side,stated,a Lower East Side apartment at five in the morning
7907,7907,"Tre Pratt, a man who has not told anybody how much",nb:Lower East Side,stated,a Lower East Side apartment at five in the morning
7911,7911,"Camille Dorsainvil, a woman who finally answered the phone to her mother",nb:Lower East Side,stated,a Lower East Side apartment at five in the morning
7915,7915,"Katarzyna Horvat, a woman who runs the group chat and notices who goes quiet",nb:Lower East Side,stated,a Lower East Side apartment at five in the morning
7919,7919,"Yosef Halpern, a man who took leverage he did not understand",nb:Lower East Side,stated,a Lower East Side apartment at five in the morning
7923,7923,"Consuelo Escalante, a woman who is the only sober person in a group chat at four",nb:Lower East Side,stated,a Lower East Side apartment at five in the morning
7927,7927,"Farid Kaya, a person who screenshots the wins and never the rest",nb:Lower East Side,stated,a Lower East Side apartment at five in the morning
7931,7931,"Rinchen Ilagan, a man who is genuinely fine and gets no credit for it",nb:Lower East Side,stated,a Lower East Side apartment at five in the morning
7935,7935,"Ayesha Mahadevan, a woman who made it back and refuses to be an example",nb:Lower East Side,stated,a Lower East Side apartment at five in the morning
7939,7939,"Salvatore Buonocore, a person who deleted the app eleven times",nb:Lower East Side,stated,a Lower East Side apartment at five in the morning
7941,7941,The Collector Who Buys to Keep,nb:Harlem,stated,a Harlem apartment hung floor to ceiling
7942,7942,The Man Who Pins the Files So They Do Not Vanish,nb:Midwood,inferred,Midwood
7943,7943,The Woman Who Owns a Piece by an Artist Who Is Gone,nb:Flatbush,inferred,Cap-Haitien by way of Flatbush
7944,7944,The Man Writing the History of Five Years,nb:Flushing,inferred,Flushing
7945,7945,The Woman Who Handles the Estate,nb:Harlem,stated,a Harlem apartment hung floor to ceiling
7947,7947,"Tashi Sherpa, a man who pins the files so they do not vanish",nb:Lower East Side,stated,"Tashi Sherpa, a man who pins the files so they do not vanish"
7949,7949,"Errol Baptiste, a man writing the history of a five year old field",nb:Harlem,stated,a Harlem apartment hung floor to ceiling
7950,7950,"Marisol Sandoval, a woman who handles the estate when a collector dies",nb:Lower East Side,stated,"Marisol Sandoval, a woman who handles the estate when a collector dies"
7953,7953,"Danuta Adamczyk, a woman who reads the on chain record like a diary",nb:Harlem,stated,a Harlem apartment hung floor to ceiling
7957,7957,"Tova Rosenblatt, a person who found a lost piece in a dead wallet",nb:Harlem,stated,a Harlem apartment hung floor to ceiling
7958,7958,"Sangay Abdrakhmanov, a man who prints the metadata and files it in a cabinet",nb:Lower East Side,stated,"Sangay Abdrakhmanov, a man who prints the metadata and files it in a cabinet"
7961,7961,"Nestor Escalante, a man who lends generously and has lost two pieces doing it",nb:Harlem,stated,a Harlem apartment hung floor to ceiling
7965,7965,"Bassam Kholghi, a man who pins the files so they do not vanish",nb:Harlem,stated,a Harlem apartment hung floor to ceiling
7968,7968,"Esti Friedlander, a woman who handles the estate when a collector dies",nb:Lower East Side,inferred,"writing in a ruled ledger open under one lamp, the rules blank"
7969,7969,"Editha Delos-Reyes, an archivist who mirrors everything twice a year",nb:Harlem,stated,a Harlem apartment hung floor to ceiling
7973,7973,"Tanveer Ramaswamy, a man who bought back his own early work at a loss",nb:Harlem,stated,a Harlem apartment hung floor to ceiling
7976,7976,"Nizar Osmani, a man who prints the metadata and files it in a cabinet",nb:Lower East Side,stated,"Nizar Osmani, a man who prints the metadata and files it in a cabinet"
7977,7977,"Aileen Vitale, a woman who catalogues an artist nobody else has catalogued",nb:Harlem,stated,a Harlem apartment hung floor to ceiling
7981,7981,"Adjoa Adeyemi, a person who has kept every receipt since 2017",nb:Harlem,stated,a Harlem apartment hung floor to ceiling
7983,7983,"Ignacio Almonte, a man who pins the files so they do not vanish",nb:Lower East Side,inferred,"writing in a ruled ledger open under one lamp, the rules blank"
7985,7985,"Yun Nakamura, a man writing the history of a five year old field",nb:Harlem,stated,a Harlem apartment hung floor to ceiling
7986,7986,"Nadia Wierzbicki, a woman who handles the estate when a collector dies",nb:Lower East Side,stated,"Nadia Wierzbicki, a woman who handles the estate when a collector dies"
7989,7989,"Bernice Starks, a woman who reads the on chain record like a diary",nb:Harlem,stated,a Harlem apartment hung floor to ceiling
